"Company","Title","Location","URL","Source","Status","Notes"
"Akuna","Hardware Engineer Intern, Summer 2027","Chicago, IL ","https://www.akunacapital.com/careers/job/8018880/?gh_jid=8018880","Greenhouse:akunacapital","Confirmed official posting","internship timing: Summer 2027; graduation eligibility mentions: 2029; undergrad/BS/MS language found"
"Akuna","Platform Engineer Intern, Summer 2027","Chicago, IL","https://www.akunacapital.com/careers/job/8018856/?gh_jid=8018856","Greenhouse:akunacapital","Confirmed official posting","internship timing: Summer 2027; graduation eligibility mentions: 2028; undergrad/BS/MS language found"
"Akuna","Quantitative Development & Strategy Intern, Summer 2027","Chicago, IL","https://www.akunacapital.com/careers/job/8021481/?gh_jid=8021481","Greenhouse:akunacapital","Confirmed official posting","internship timing: Summer 2027; graduation eligibility mentions: 2028; undergrad/BS/MS language found"
"Akuna","Quantitative Research Intern, Summer 2027","Chicago, IL ","https://www.akunacapital.com/careers/job/8036614/?gh_jid=8036614","Greenhouse:akunacapital","Confirmed official posting","internship timing: Summer 2027; graduation eligibility mentions: 2028; undergrad/BS/MS language found"
"Akuna","Software Engineer Intern - C# .NET Desktop, Summer 2027","Chicago, IL","https://www.akunacapital.com/careers/job/8018886/?gh_jid=8018886","Greenhouse:akunacapital","Confirmed official posting","internship timing: Summer 2027; graduation eligibility mentions: 2028; undergrad/BS/MS language found"
"Akuna","Software Engineer Intern - C++, Summer 2027","Chicago, IL","https://www.akunacapital.com/careers/job/8018847/?gh_jid=8018847","Greenhouse:akunacapital","Confirmed official posting","internship timing: Summer 2027; graduation eligibility mentions: 2028; undergrad/BS/MS language found"
"Akuna","Software Engineer Intern - Full Stack Web, Summer 2027","Chicago, IL","https://www.akunacapital.com/careers/job/8018893/?gh_jid=8018893","Greenhouse:akunacapital","Confirmed official posting","internship timing: Summer 2027; graduation eligibility mentions: 2028; undergrad/BS/MS language found"
"Akuna","Software Engineer Intern - Python, Summer 2027","Chicago, IL","https://www.akunacapital.com/careers/job/8018853/?gh_jid=8018853","Greenhouse:akunacapital","Confirmed official posting","internship timing: Summer 2027; graduation eligibility mentions: 2028; undergrad/BS/MS language found"
"AQR Capital Management","2027 Engineering Summer Analyst","Greenwich, CT","https://www.dice.com/job-detail/11fc0876-bd30-4755-add9-f93c4c21522f","Web-discovered posting/lead","Aggregator/web lead; verify on official site","AQR enterprise engineering summer analyst lead; verify on AQR careers for the exact team and application form."
"AQR Capital Management","2027 Portfolio Implementation Summer Analyst","Greenwich, CT","https://careers.aqr.com/jobs?gh_jid=7895562&gh_jid=7895562","Career page Greenhouse:aqr","Confirmed official posting","career_page=https://careers.aqr.com/ | company_wrapper=https://careers.aqr.com/job?gh_jid=7895562 | internship timing: Summer; graduation eligibility mentions: 2027, 2028 | AQR Capital Management AQR is a global investment firm built at the intersection of financial theory and practical application. We strive to deliver concrete, long-term results by looking past market noise to identify and isolate the factors that matter most, and by developing ideas that stand up to rigorous testing. By putting theory into practice, we have become a leader in alternative strategies and an innovator in traditional portfolio management since 1998. At AQR, our employees share a common spirit of academic excellence, intellectual honesty, and an unwavering commitment to seeking the truth. We’re determined to know what makes financial markets tick – and we’ll ask every question and challenge every assumptio..."
"AQR Capital Management","2027 Portfolio Implementation, Trading and Portfolio Finance Summer Analyst","Greenwich, CT","https://www.efinancialcareers.com/jobs-United_States-Greenwich-2027_Portfolio_Implementation_Trading_and_Portfolio_Finance_Summer_Analyst.id24267490","Web-discovered posting/lead","Aggregator/web lead; verify on official site","AQR team owns construction, optimization, management, trade execution, and financing of systematic portfolios; listing says summer analyst role includes portfolio construction, implementation research, model research, and analytics."
"AQR Capital Management","2027 Portfolio Solutions Group Summer Analyst","Greenwich, CT","https://careers.aqr.com/jobs?gh_jid=8041362&gh_jid=8041362","Career page Greenhouse:aqr","Confirmed official posting","career_page=https://careers.aqr.com/ | company_wrapper=https://careers.aqr.com/job?gh_jid=8041362 | internship timing: Summer; graduation eligibility mentions: 2027, 2028 | About AQR Capital Management AQR is a global investment management firm built at the intersection of financial theory and practical application. We strive to deliver superior, long-term results for our clients by looking past market noise to identify and isolate what matters most, and by developing ideas that stand up to rigorous testing. Our focus on practical insights and analysis has made us leaders in alternative and traditional strategies since 1998. At AQR, our employees share a common spirit of academic excellence, intellectual honesty and an unwavering commitment to seeking the truth. We’re determined to know what makes financial markets tick – and we’ll ask every question and challenge every assumption. We re..."
"AQR Capital Management","2027 Research and Portfolio Management Engineering Summer Analyst","Greenwich, CT","https://careers.aqr.com/jobs?gh_jid=7957728&gh_jid=7957728","Career page Greenhouse:aqr","Confirmed official posting","career_page=https://careers.aqr.com/ | company_wrapper=https://careers.aqr.com/job?gh_jid=7957728 | internship timing: Summer | About AQR Capital Management AQR is a global investment firm built at the intersection of financial theory and practical application. We strive to deliver concrete, long-term results by looking past market noise to identify and isolate the factors that matter most, and by developing ideas that stand up to rigorous testing. By putting theory into practice, we have become a leader in alternative strategies and an innovator in traditional portfolio management since 1998. At AQR, our employees share a common spirit of academic excellence, intellectual honesty and an unwavering commitment to seeking the truth. We’re determined to know what makes financial markets tick – and we’ll ask every question and challenge every assumption. We recognize and respect the power of..."
"AQR Capital Management","2027 Research Product Specialist Summer Analyst","Greenwich, CT","https://careers.aqr.com/jobs?gh_jid=7926704&gh_jid=7926704","Career page Greenhouse:aqr","Confirmed official posting","career_page=https://careers.aqr.com/ | company_wrapper=https://careers.aqr.com/job?gh_jid=7926704 | internship timing: Summer; graduation eligibility mentions: 2027, 2028 | About AQR Capital Management AQR is a global investment firm built at the intersection of financial theory and practical application. We strive to deliver concrete, long-term results by looking past market noise to identify and isolate the factors that matter most, and by developing ideas that stand up to rigorous testing. By putting theory into practice, we have become a leader in alternative strategies and an innovator in traditional portfolio management since 1998. At AQR, our employees share a common spirit of academic excellence, intellectual honesty and an unwavering commitment to seeking the truth. We’re determined to know what makes financial markets tick – and we’ll ask every question and challenge every assu..."
"AQR Capital Management","2027 Research Product Specialist Summer Analyst","Greenwich, CT","https://www.efinancialcareers.com/jobs-United_States-Greenwich-2027_Research_Product_Specialist_Summer_Analyst.id24267379","Web-discovered posting/lead","Aggregator/web lead; verify on official site","Separate from AQR's Research internship; still research/product/quant-adjacent."
"AQR Capital Management","2027 Research Summer Analyst","Greenwich, CT","https://careers.aqr.com/jobs?gh_jid=7895583&gh_jid=7895583","Career page Greenhouse:aqr","Confirmed official posting","career_page=https://careers.aqr.com/ | company_wrapper=https://careers.aqr.com/job?gh_jid=7895583 | internship timing: Summer; graduation eligibility mentions: 2027, 2028 | AQR Capital Management AQR is a global investment firm built at the intersection of financial theory and practical application. We strive to deliver concrete, long-term results by looking past market noise to identify and isolate the factors that matter most, and by developing ideas that stand up to rigorous testing. By putting theory into practice, we have become a leader in alternative strategies and an innovator in traditional portfolio management since 1998. At AQR, our employees share a common spirit of academic excellence, intellectual honesty and an unwavering commitment to seeking the truth. We’re determined to know what makes financial markets tick – and we’ll ask every question and challenge every assumption..."
"AQR Capital Management","2027 Research Summer Analyst","Greenwich, CT","https://www.efinancialcareers.com/jobs-USA-CT-Greenwich-2027_Research_Summer_Analyst.id24267297","Web-discovered posting/lead","Aggregator/web lead; verify on official site","eFinancialCareers listing says AQR is looking for undergraduates to join as Summer Research Analysts."
"AQR Capital Management","2027 Risk Summer Analyst","Greenwich, CT","https://careers.aqr.com/jobs?gh_jid=7926692&gh_jid=7926692","Career page Greenhouse:aqr","Confirmed official posting","career_page=https://careers.aqr.com/ | company_wrapper=https://careers.aqr.com/job?gh_jid=7926692 | internship timing: Summer; graduation eligibility mentions: 2027, 2028 | AQR Capital Management AQR is a global investment firm built at the intersection of financial theory and practical application. We strive to deliver concrete, long-term results by looking past market noise to identify and isolate the factors that matter most, and by developing ideas that stand up to rigorous testing. By putting theory into practice, we have become a leader in alternative strategies and an innovator in traditional portfolio management since 1998. At AQR, our employees share a common spirit of academic excellence, intellectual honesty and an unwavering commitment to seeking the truth. We’re determined to know what makes financial markets tick – and we’ll ask every question and challenge every assumption..."
"AQR Capital Management","2027 Risk Summer Analyst","Greenwich, CT","https://www.efinancialcareers.com/jobs-United_States-Greenwich-2027_Risk_Summer_Analyst.id24267213","Web-discovered posting/lead","Aggregator/web lead; verify on official site","Quant/risk-adjacent summer analyst role; listing mentions research/development of risk methodologies and quantitative investigations."
"AQR Capital Management","2027 Trading Summer Analyst","Greenwich, CT","https://careers.aqr.com/jobs?gh_jid=8077110&gh_jid=8077110","Career page Greenhouse:aqr","Confirmed official posting","career_page=https://careers.aqr.com/ | company_wrapper=https://careers.aqr.com/job?gh_jid=8077110 | internship timing: Summer; graduation eligibility mentions: 2027, 2028 | AQR Capital Management AQR is a global investment firm built at the intersection of financial theory and practical application. We strive to deliver concrete, long-term results by looking past market noise to identify and isolate the factors that matter most, and by developing ideas that stand up to rigorous testing. By putting theory into practice, we have become a leader in alternative strategies and an innovator in traditional portfolio management since 1998. At AQR, our employees share a common spirit of academic excellence, intellectual honesty, and an unwavering commitment to seeking the truth. We’re determined to know what makes financial markets tick – and we’ll ask every question and challenge every assumptio..."
"AQR Capital Management","AQR internship program page","Greenwich / other AQR offices","https://www.aqr.com/about-us/our-internship-program","Official internship page","Official program page; roles/application timing should be checked on careers.aqr.com","AQR says internship applications for the coming summer are live on its careers page beginning June 30 to mid-August; summer interns frequently join Research and Portfolio Management plus Portfolio Implementation, Trading, and Portfolio Finance."
"Aquatic Capital","Quantitative Researcher, Intern (Summer 2027)","Chicago; London","https://job-boards.greenhouse.io/aquaticcapitalmanagement/jobs/8489186002","Career page Greenhouse:aquaticcapitalmanagement","Confirmed official posting","career_page=https://job-boards.greenhouse.io/aquaticcapitalmanagement | company_wrapper=https://job-boards.greenhouse.io/job?gh_jid=8489186002 | internship timing: Summer 2027; graduation eligibility mentions: 2027, 2028 | Aquatic was founded with a shared passion for tackling some of the most complex challenges in one of the world’s most competitive arenas—global financial markets. From the very beginning, we have been driven by a deep commitment to applying cutting-edge scientific research and technological innovation to deliver unparalleled performance. Our journey is one of continuous growth and exploration, marked by a spirit of curiosity and relentless drive for excellence. As a Quantitative Research Intern, you will collaborate closely with a team to develop and implement quantitative trading signals, models, and strategies. Our role offers the opportunity to design, implement, an..."
"Aquatic Capital","Software Engineer, Intern (Summer 2027)","Chicago","https://job-boards.greenhouse.io/aquaticcapitalmanagement/jobs/8489233002","Career page Greenhouse:aquaticcapitalmanagement","Confirmed official posting","career_page=https://job-boards.greenhouse.io/aquaticcapitalmanagement | company_wrapper=https://job-boards.greenhouse.io/job?gh_jid=8489233002 | internship timing: Summer 2027; graduation eligibility mentions: 2027, 2028 | Aquatic was founded with a shared passion for tackling some of the most complex challenges in one of the world’s most competitive arenas—global financial markets. From the very beginning, we have been driven by a deep commitment to applying cutting-edge scientific research and technological innovation to deliver unparalleled performance. Our journey is one of continuous growth and exploration, marked by a spirit of curiosity and relentless drive for excellence. As a Software Engineering Intern at Aquatic, you will join a fast-moving team building high-performance, distributed systems that power our research and trading infrastructure. You’ll work closely with experienc..."
"Arrowstreet","Quantitative Developer Intern, Summer 2027","Boston","https://arrowstreetcapital.wd5.myworkdayjobs.com/Campus_Careers/job/Boston/Quantitative-Developer-Intern--Summer-2027_R1506","Career page Workday:arrowstreetcapital/Campus_Careers","Confirmed official posting","career_page=https://arrowstreetcapital.wd5.myworkdayjobs.com/Campus_Careers | Posted 24 Days Ago | R1506"
"Arrowstreet","Quantitative Researcher Intern, Summer 2027","Boston","https://arrowstreetcapital.wd5.myworkdayjobs.com/Campus_Careers/job/Boston/Quantitative-Researcher-Intern--Summer-2027_R1505","Career page Workday:arrowstreetcapital/Campus_Careers","Confirmed official posting","career_page=https://arrowstreetcapital.wd5.myworkdayjobs.com/Campus_Careers | Posted 18 Days Ago | R1505"
"AXQ Capital","Quantitative Research Intern","New York","https://job-boards.greenhouse.io/axq/jobs/5575450004","Career page Greenhouse:axq","Confirmed official posting","career_page=https://job-boards.greenhouse.io/axq | company_wrapper=https://job-boards.greenhouse.io/job?gh_jid=5575450004 | internship timing not stated in title | About Us AXQ Capital is a global quantitative investment firm with offices in New York, Beijing, Shanghai, and Hong Kong . We pursue consistent alpha through rigorous scientific research and sustained investment in technology and data infrastructure. Our strategies are deployed across global markets, spanning multiple geographies, asset classes, and trading horizons. Job Duties Work under the guidance of experienced quantitative portfolio managers and researchers to develop and refine quantitative trading strategies Apply tools from probability, statistics, and machine learning to explore market patterns and edge Support cutting-edge research projects and alpha-generation initiatives Collect, clean, and analyze data; help main..."
"Bank of America","Corporate Audit Summer 2027 Analyst","Charlotte, NC; Dallas, TX; Pennington, NJ; additional locations","https://careers.bankofamerica.com/en-us/students/job-detail/14335/corporate-audit-summer-2027-analyst-multiple-locations","Official careers page","Confirmed official posting","Official Bank of America student posting; 10-week Corporate Audit Summer Analyst Program."
"Bank of America","Global Risk Summer 2027 Analyst","Charlotte, NC; New York; additional locations","https://careers.bankofamerica.com/en-us/students/job-detail/14334/-global-risk-summer-2027-analyst-multiple-locations","Official careers page","Confirmed official posting","Official Bank of America student posting; 10-week Global Risk Development Summer Analyst Program."
"Barclays","Banking Analyst Summer Internship Program 2027 Toronto","Toronto, Bay Wellington Tower L47","https://barclays.wd3.myworkdayjobs.com/External_Career_Site_Barclays/job/Toronto-Bay-Wellington-Tower-L47/Banking-Analyst-Summer-Internship-Program-2027-Toronto_JR-0000083842","Career page Workday:barclays/External_Career_Site_Barclays","Confirmed official posting","career_page=https://barclays.wd3.myworkdayjobs.com/External_Career_Site_Barclays | Posted Today | JR-0000083842"
"BlackEdge Capital","Quantitative Developer Intern","Chicago","https://job-boards.greenhouse.io/blackedgecapital/jobs/4703821005","Greenhouse:blackedgecapital","Confirmed official posting","internship timing not stated in title; graduation eligibility mentions: 2028; undergrad/BS/MS language found"
"BlackEdge Capital","Quantitative Trader Intern","Chicago","https://job-boards.greenhouse.io/blackedgecapital/jobs/4703820005","Greenhouse:blackedgecapital","Confirmed official posting","internship timing not stated in title; graduation eligibility mentions: 2028; undergrad/BS/MS language found"
"BlackRock","2027 Summer Internship Program - AMERS","Multiple Americas offices","https://careers.blackrock.com/job/new-york/2027-summer-internship-program-amers/45831/90628276544","Official careers page","Official broad program; select quant-relevant functions in application","Official page says applications are open and candidates can apply to functions such as Investment Research and Analytics & Modeling."
"Blackstone","Summer Internship Program","Varies by group/location","https://www.blackstone.com/careers/students/","Official internship page","Official program page; check open positions","Official Blackstone students page describes Summer Analyst and Associate internship timelines and applications."
"Capula","2027 Trading and Research Summer Internship","London, England, United Kingdom","https://apply.workable.com/capula-investment-management-ltd/j/A15A62A8BE/","Career page Workable:capula-investment-management-ltd","Confirmed official posting","career_page=https://apply.workable.com/capula-investment-management-ltd/ | internship timing: Summer"
"Citadel","Quantitative Research Analyst Intern - BS/MS (Asia)","Hong Kong, Singapore","https://www.citadel.com/careers/details/quantitative-research-analyst-intern-bs-ms-asia/","Official careers page","Confirmed official posting","internship timing not stated in title; undergrad/BS/MS language found"
"Citadel","Quantitative Research Analyst Intern - BS/MS (Europe)","London, Paris, Zurich","https://www.citadel.com/careers/details/quantitative-research-analyst-intern-bs-ms-europe/","Official careers page","Confirmed official posting","internship timing not stated in title; undergrad/BS/MS language found"
"Citadel","Quantitative Research Analyst Intern - BS/MS (US)","Greenwich, Miami, New York","https://www.citadel.com/careers/details/quantitative-research-analyst-intern-bs-ms-us/","Official careers page","Confirmed official posting","internship timing not stated in title; undergrad/BS/MS language found"
"Citadel","Software Engineer - Intern (Asia)","Singapore","https://www.citadel.com/careers/details/software-engineer-intern-asia/","Official careers page","Confirmed official posting","internship timing not stated in title; undergrad/BS/MS language found"
"Citadel","Software Engineer - Intern (Australia)","Brisbane","https://www.citadel.com/careers/details/software-engineer-intern-australia/","Official careers page","Confirmed official posting","internship timing not stated in title; undergrad/BS/MS language found"
"Citadel","Software Engineer - Intern (Europe)","London","https://www.citadel.com/careers/details/software-engineer-intern-europe/","Official careers page","Confirmed official posting","internship timing not stated in title"
"Citadel Securities","FPGA Engineer - Intern (Australia)","Sydney","https://www.citadelsecurities.com/careers/details/fpga-engineer-intern-australia/","Official careers page","Confirmed official posting","internship timing not stated in title; undergrad/BS/MS language found"
"Citadel Securities","Quantitative Research Analyst Intern - BS/MS (Asia)","Hong Kong, Singapore","https://www.citadelsecurities.com/careers/details/quantitative-research-analyst-intern-bs-ms-asia/","Official careers page","Confirmed official posting","internship timing not stated in title; undergrad/BS/MS language found"
"Citadel Securities","Quantitative Research Analyst Intern - BS/MS (Australia)","Sydney","https://www.citadelsecurities.com/careers/details/quantitative-research-analyst-intern-bs-ms-australia/","Official careers page","Confirmed official posting","internship timing not stated in title; undergrad/BS/MS language found"
"Citadel Securities","Quantitative Research Analyst Intern - BS/MS (Europe)","London, Paris, Zurich","https://www.citadelsecurities.com/careers/details/quantitative-research-analyst-intern-bs-ms-europe/","Official careers page","Confirmed official posting","internship timing not stated in title; undergrad/BS/MS language found"
"Citadel Securities","Quantitative Research Analyst Intern - BS/MS (US)","Miami, New York","https://www.citadelsecurities.com/careers/details/quantitative-research-analyst-intern-bs-ms-us/","Official careers page","Confirmed official posting","internship timing not stated in title; undergrad/BS/MS language found"
"Citadel Securities","Quantitative Trading - Intern (Australia)","Sydney","https://www.citadelsecurities.com/careers/details/quantitative-trading-intern-australia/","Official careers page","Confirmed official posting","internship timing not stated in title"
"Citadel Securities","Software Engineer - Intern (Asia)","Hong Kong, Singapore","https://www.citadelsecurities.com/careers/details/software-engineer-intern-asia/","Official careers page","Confirmed official posting","internship timing not stated in title; undergrad/BS/MS language found"
"Citadel Securities","Software Engineer - Intern (Australia)","Sydney","https://www.citadelsecurities.com/careers/details/software-engineer-intern-australia/","Official careers page","Confirmed official posting","internship timing not stated in title; undergrad/BS/MS language found"
"Citadel Securities","Software Engineer - Intern (Europe)","London","https://www.citadelsecurities.com/careers/details/software-engineer-intern-europe/","Official careers page","Confirmed official posting","internship timing not stated in title; undergrad/BS/MS language found"
"Citi","Markets - Sales and Trading, Summer Analyst, New York City - US, 2027","New York, NY","https://jobs.citi.com/job/new-york/markets-sales-and-trading-summer-analyst-new-york-city-us-2027/287/89809477504","Official careers page","Confirmed official posting","Official Citi careers page for 2027 Markets summer analyst role."
"CME Group","EASE and Infrastructure Internship - Year Round","Chicago - 20 S. Wacker","https://cmegroup.wd1.myworkdayjobs.com/cme_careers/job/Chicago---20-S-Wacker/EASE-and-Infrastructure-Internship---Year-Round_34645","Career page Workday:cmegroup/cme_careers","Confirmed official posting","career_page=https://cmegroup.wd1.myworkdayjobs.com/cme_careers/ | Posted 4 Days Ago | 34645"
"Connor Clark & Lunn","Intern, Investment Analytics Engagement","Vancouver, British Columbia, Canada","https://job-boards.greenhouse.io/cclfg/jobs/4305727009","Career page Greenhouse:cclfg","Confirmed official posting","career_page=https://job-boards.greenhouse.io/cclfg | company_wrapper=https://job-boards.greenhouse.io/job?gh_jid=4305727009 | internship timing not stated in title | Interested in joining one of Canada’s top performing asset managers? CC&L Financial Group is looking for an Intern, Investment Analytics Engagement (“IAE”) to join our Investment Analytics Team for a 4-month term ( September - December 2026). A dynamic, fast-paced work environment where opportunities for learning and growth are abound . Collaborate with three distinct teams of open-minded and forwarding looking professionals in the Investment Analytics space. You will have the ability to experience first-hand how investment analytics adds value across the Asset Management value chain and make an impact at CC&L through your expertise and analysis in business management. What You Will Do You will have the opportunity to work o..."
"Connor Clark & Lunn","Quantitative Equity Alpha Research (Intern)","Vancouver, British Columbia, Canada","https://job-boards.greenhouse.io/cclim/jobs/4223842009","Career page Greenhouse:cclim","Confirmed official posting","career_page=https://job-boards.greenhouse.io/cclim | company_wrapper=https://job-boards.greenhouse.io/job?gh_jid=4223842009 | internship timing not stated in title | We are looking for a Quantitative Research Intern to join our fast-paced and entrepreneurial Quantitative Equity team for 4-8 months starting in September 2026 or January 2027 ! We are a high-performance team embedded in a top-performing quant fund that manages over $75 billion in financial assets. We combine leading edge quantitative research with state-of-the-art technology to develop our unique algorithmic investment strategies. A culture of innovation, growth and success through collaboration has enabled us to deliver top tier performance for over two decades. What You Will Do As an intern on the quantitative research team, you will help tackle a broad array of challenges at the Intersection of finance, data science, and..."
"Da Vinci Derivatives","Quant Trading Intern","Amsterdam, North Holland, Netherlands","https://job-boards.eu.greenhouse.io/davinciderivatives/jobs/4196845101","Career page Greenhouse:davinciderivatives","Confirmed official posting","career_page=https://job-boards.greenhouse.io/davinciderivatives | company_wrapper=https://job-boards.greenhouse.io/job?gh_jid=4196845101 | internship timing not stated in title; graduation eligibility mentions: 2028 | As a Quant Trading Intern at Da Vinci, you'll embark on an incredible journey within the world of trading. This internship offers an exceptional opportunity for students to kick-start their careers on the trading floor. Throughout your internship, you will collaborate closely with experienced traders, quantitative researchers and software engineers, allowing you to discover and explore your true passion within the field. By working on various projects, you will sharpen your skills and develop a deeper understanding of trading strategies, risk management, and market dynamics. To make your internship comprehensive and educational, we have designed an 8-week program: Week 1-2:..."
"DE Shaw","Proprietary Trading Intern (New York) - Summer 2027","New York","https://www.deshaw.com/careers/Proprietary-Trading-Intern-New-York-Summer-2027-5731","Official careers page","Confirmed official posting","internship timing: Summer 2027"
"DL Trading","Quantitative Developer Internship - 2027","Chicago, Illinois, United States","https://www.dltrading.io/careers?gh_jid=7814660003","Career page Greenhouse:confidentialsportstradingfirm","Confirmed official posting","career_page=https://www.dltrading.io/careers | company_wrapper=https://www.dltrading.io/job?gh_jid=7814660003 | internship timing not stated in title | This is a 10 week internship available all seasons of the year. What you’ll do: Contribute to the research, design, and implementation of predictive statistical and machine learning models across prediction markets and exchange venues Prototype and backtest models, monitor performance, and assist with optimizations. Contribute to key feature development for model efficiency Develop and maintain Python codebases in a Linux environment. Help to design and implement new pricing models and frameworks Support data pipeline and SQL database interactions for real-time models. Assist in improving trading systems and operational tools. Gain exposure to multiple sports, quantitative disciplines, and production engineering. Other duties as assigned...."
"DL Trading","Quantitative Trading Internship - 2027","Chicago, Illinois, United States","https://www.dltrading.io/careers?gh_jid=7814754003","Career page Greenhouse:confidentialsportstradingfirm","Confirmed official posting","career_page=https://www.dltrading.io/careers | company_wrapper=https://www.dltrading.io/job?gh_jid=7814754003 | internship timing not stated in title | The internship at Dime Line is a 10-week opportunity with our team of quants, data scientists and traders, available all seasons of the year. Dime Line Trading develops algorithms to trade all major US sports. Dime Line was founded in 2020 by veterans of the financial trading and sports betting industries, who started their careers in the sports gambling space before entering the financial industry, where they individually built successful trading teams at leading firms. WHAT YOU’LL DO: You will have the opportunity to work with our team while receiving feedback and mentorship from our tight-knit, collaborative employees in various roles. This is an opportunity to get your feet wet within the trading industry while utilizing algorithmic, ..."
"DRW","AI/ML Research Intern","Montreal","https://job-boards.greenhouse.io/drweng/jobs/7991171","Career page Greenhouse:drweng","Confirmed official posting","career_page=https://www.drw.com/work-at-drw | company_wrapper=https://www.drw.com/job?gh_jid=7991171 | internship timing not stated in title; graduation eligibility mentions: 2027, 2028 | Our formula for success is to hire exceptional people, encourage their ideas and reward their results. As an AI/ML Research Intern , you will be an integral member of a team of experienced technologists, quantitative researchers, and traders. You will collaborate closely with other researchers to solve challenging AI and machine learning problems. Your projects will vary depending on priorities at the start of your employment and could include solving forecasting problems or developing large language models (LLMs). We are looking for individuals eager to learn new AI technologies, create innovative solutions, and choose the right tools to directly impact our business. You will be surrounded by cutting-e..."
"DRW","FPGA Intern","London","https://job-boards.greenhouse.io/drweng/jobs/8070392","Career page Greenhouse:drweng","Confirmed official posting","career_page=https://www.drw.com/work-at-drw | company_wrapper=https://www.drw.com/job?gh_jid=8070392 | internship timing not stated in title; graduation eligibility mentions: 2027, 2028 | Our formula for success is to hire exceptional people, encourage their ideas and reward their results. As a n FPGA Intern , you will build advanced trading applications leveraging cutting-edge technology. DRW enables our FPGA Interns to develop a real-world trading centric FPGA application under the guidance of senior technologists with the goal of deployment during your ten weeks. While your days will have you immersed in complex projects directly driving DRW’s progress, your evenings will be spent exploring the city with organized social events to truly discover what it is like to live and work in London. How you will make an impact… Design, develop, test, and deploy proprietary FPGA solutions . Examp..."
"DRW","FPGA Intern","Chicago","https://job-boards.greenhouse.io/drweng/jobs/8038923","Career page Greenhouse:drweng","Confirmed official posting","career_page=https://www.drw.com/work-at-drw | company_wrapper=https://www.drw.com/job?gh_jid=8038923 | internship timing not stated in title; graduation eligibility mentions: 2027, 2028 | Our formula for success is to hire exceptional people, encourage their ideas and reward their results. As a n FPGA Intern , you will build advanced trading applications leveraging cutting-edge technology. DRW enables our FPGA Interns to develop a real-world trading centric FPGA application under the guidance of senior technologists with the goal of deployment during your ten weeks. While your days will have you immersed in complex projects directly driving DRW’s progress, your evenings will be spent exploring the city with organized social events to truly discover what it is like to live and work in Chicago. How you will make an impact… Design, develop, test, and deploy proprietary FPGA solutions . Exam..."
"DRW","Interns | DRW","","https://www.drw.com/work-at-drw/interns","Web-discovered lead","Aggregator/web lead; verify on official site","At DRW, we empower a team of exceptional individuals to capture trading and investment opportunities globally, utilizing cutting …"
"DRW","Platform Engineer Intern","Chicago","https://job-boards.greenhouse.io/drweng/jobs/7997729","Career page Greenhouse:drweng","Confirmed official posting","career_page=https://www.drw.com/work-at-drw | company_wrapper=https://www.drw.com/job?gh_jid=7997729 | internship timing not stated in title; graduation eligibility mentions: 2027, 2028 | Our formula for success is to hire exceptional people, encourage their ideas and reward their results. As a Platform Engineer Intern , you will be part of our advanced technology team focused on maintaining and improving the reliability and efficiency of our platform, including underlying systems at DRW. The platform engineer intern will work under the guidance of senior technologists to ensure our systems are highly reliable and scalable during your ten weeks. While your days will have you immersed in complex projects directly driving DRW’s progress, your evenings will be spent exploring the city with organized social events to truly discover what it is like to live and work in Chicago. How you will ma..."
"DRW","Quantitative Developer Intern (Python)","Singapore","https://job-boards.greenhouse.io/drweng/jobs/7981754","Career page Greenhouse:drweng","Confirmed official posting","career_page=https://www.drw.com/work-at-drw | company_wrapper=https://www.drw.com/job?gh_jid=7981754 | internship timing not stated in title; graduation eligibility mentions: 2027, 2028 | DRW is a technology-driven, diversified principal trading firm. We trade our own capital at our own risk, across a broad range of asset classes, instruments and strategies, in financial markets around the world. As the markets have evolved over the past 25 years, so has DRW – maximizing opportunities to include real estate, cryptoassets and venture capital. With over 1,000 employees at our Chicago headquarters and offices around the world, we work together to solve complex problems, challenge consensus and deliver meaningful results. It’s a place of high expectations, deep curiosity and thoughtful collaboration. As a Quantitative Developer Intern , you will implement software solutions that use advanced..."
"DRW","Quantitative Research Intern","Chicago, New York City","https://job-boards.greenhouse.io/drweng/jobs/7818540","Career page Greenhouse:drweng","Confirmed official posting","career_page=https://www.drw.com/work-at-drw | company_wrapper=https://www.drw.com/job?gh_jid=7818540 | internship timing not stated in title; graduation eligibility mentions: 2027, 2028 | Our formula for success is to hire exceptional people, encourage their ideas and reward their results. As a Quantitative Research Intern you will have an opportunity to solve challenging problems arising in a trading environment while utilizing the latest statistical scientific algorithms, machine learning techniques and derivatives pricing theory. The teams focus on non-latency sensitive investment opportunities and multi-asset class derivatives strategies across geographies. Our teams emphasize cutting-edge innovative scientific research and collaboration, allowing you to gain a deeper understanding of quantitative trading. You will find great minds with diverse backgrounds, who are passionate about c..."
"DRW","Quantitative Research Intern","London","https://job-boards.greenhouse.io/drweng/jobs/7957756","Career page Greenhouse:drweng","Confirmed official posting","career_page=https://www.drw.com/work-at-drw | company_wrapper=https://www.drw.com/job?gh_jid=7957756 | internship timing not stated in title; graduation eligibility mentions: 2027, 2028 | Our formula for success is to hire exceptional people, encourage their ideas and reward their results. As a Quantitative Research Intern you will have an opportunity to solve challenging problems arising in a trading environment while utilizing the latest statistical scientific algorithms, machine learning techniques and derivatives pricing theory. The teams focus on non-latency sensitive investment opportunities and multi-asset class derivatives strategies across geographies. Our teams emphasize cutting-edge innovative scientific research and collaboration, allowing you to gain a deeper understanding of quantitative trading. You will find great minds with diverse backgrounds, who are passionate about c..."
"DRW","Quantitative Research Intern","Singapore","https://job-boards.greenhouse.io/drweng/jobs/8014915","Career page Greenhouse:drweng","Confirmed official posting","career_page=https://www.drw.com/work-at-drw | company_wrapper=https://www.drw.com/job?gh_jid=8014915 | internship timing not stated in title; graduation eligibility mentions: 2027, 2028 | Our formula for success is to hire exceptional people, encourage their ideas and reward their results. As a Quantitative Research Intern you will have an opportunity to solve challenging problems arising in a trading environment while utilizing the latest statistical scientific algorithms, machine learning techniques and derivatives pricing theory. The teams focus on non-latency sensitive investment opportunities and multi-asset class derivatives strategies across geographies. Our teams emphasize cutting-edge innovative scientific research and collaboration, allowing you to gain a deeper understanding of quantitative trading. You will find great minds with diverse backgrounds, who are passionate about c..."
"DRW","Quantitative Trading Analyst Intern","Chicago, Illinois","https://job-boards.greenhouse.io/drweng/jobs/7668776","Career page Greenhouse:drweng","Confirmed official posting","career_page=https://www.drw.com/work-at-drw | company_wrapper=https://www.drw.com/job?gh_jid=7668776 | internship timing not stated in title; graduation eligibility mentions: 2027, 2028 | Our formula for success is to hire exceptional people, encourage their ideas and reward their results. As a Quantitative Trading Analyst Intern , you will gain exposure to the dynamic worlds of trading and technology in order to learn what it takes to become a successful and sustainable trader. You will work on a small team to combine the disciplines of technology, research and risk management to identify optimal trading and investment strategies within the regulatory framework through a series of project based assignments. At the conclusion of 10 weeks, you will have the opportunity to present your results to senior leadership at DRW. While your days will have you engrossed with complex quantitative tr..."
"DRW","Quantitative Trading Analyst Intern","London","https://job-boards.greenhouse.io/drweng/jobs/7957243","Career page Greenhouse:drweng","Confirmed official posting","career_page=https://www.drw.com/work-at-drw | company_wrapper=https://www.drw.com/job?gh_jid=7957243 | internship timing not stated in title; graduation eligibility mentions: 2027, 2028 | Our formula for success is to hire exceptional people, encourage their ideas and reward their results. As a Quantitative Trading Analyst Intern , you will gain exposure to the dynamic worlds of trading and technology in order to learn what it takes to become a successful and sustainable trader. You will work on a small team to combine the disciplines of technology, research and risk management to identify optimal trading and investment strategies within the regulatory framework through a series of project-based assignments. At the conclusion of 10 weeks, you will have the opportunity to present your results to senior leadership at DRW. While your days will have you engrossed with complex quantitative tr..."
"DRW","Quantitative Trading Analyst Intern","Singapore","https://job-boards.greenhouse.io/drweng/jobs/8014919","Career page Greenhouse:drweng","Confirmed official posting","career_page=https://www.drw.com/work-at-drw | company_wrapper=https://www.drw.com/job?gh_jid=8014919 | internship timing not stated in title; graduation eligibility mentions: 2027, 2028 | Our formula for success is to hire exceptional people, encourage their ideas and reward their results. As a Quantitative Trading Analyst Intern , you will gain exposure to the dynamic worlds of trading and technology in order to learn what it takes to become a successful and sustainable trader. You will work on a small team to combine the disciplines of technology, research and risk management to identify optimal trading and investment strategies within the regulatory framework through a series of project based assignments. At the conclusion of 10 weeks, you will have the opportunity to present your results to senior leadership at DRW. While your days will have you engrossed with complex quantitative tr..."
"DRW","Software Developer Intern","Montreal","https://job-boards.greenhouse.io/drweng/jobs/7991196","Career page Greenhouse:drweng","Confirmed official posting","career_page=https://www.drw.com/work-at-drw | company_wrapper=https://www.drw.com/job?gh_jid=7991196 | internship timing not stated in title; graduation eligibility mentions: 2027, 2028 | Our formula for success is to hire exceptional people, encourage their ideas and reward their results. As a Software Developer Intern , you will join one of our development teams supporting our network development initiatives or trading businesses. Depending on the team you join, you will build advanced trading, analysis and risk applications, or advanced monitoring and automation systems leveraging cutting-edge technology. DRW enables our Software Developer Interns to develop computationally intensive software under the guidance of senior technologists with the goal of deployment during your internship. While your days will have you immersed in complex projects directly driving DRW's progress, your tim..."
"DRW","Software Developer Intern","London","https://job-boards.greenhouse.io/drweng/jobs/7942281","Career page Greenhouse:drweng","Confirmed official posting","career_page=https://www.drw.com/work-at-drw | company_wrapper=https://www.drw.com/job?gh_jid=7942281 | internship timing not stated in title; graduation eligibility mentions: 2027, 2028 | Our formula for success is to hire exceptional people, encourage their ideas and reward their results. As a Software Developer Intern , you will build advanced trading and risk applications leveraging cutting-edge technology. DRW enables our Software Developer Interns to develop computationally intensive software under the guidance of senior technologists with the goal of deployment during your ten weeks. While your days will have you immersed in complex projects directly driving DRW’s progress, your evenings will be spent exploring the city with organised social events to truly discover what it is like to live and work in London. How you will make an impact… Design, develop, test, and deploy proprietar..."
"DRW","Software Developer Intern","Amsterdam","https://job-boards.greenhouse.io/drweng/jobs/8020364","Career page Greenhouse:drweng","Confirmed official posting","career_page=https://www.drw.com/work-at-drw | company_wrapper=https://www.drw.com/job?gh_jid=8020364 | internship timing not stated in title; graduation eligibility mentions: 2027, 2028 | Our formula for success is to hire exceptional people, encourage their ideas and reward their results. As a Software Developer Intern , you will build advanced trading and risk applications leveraging cutting-edge technology. DRW enables our Software Developer Interns to develop computationally intensive software under the guidance of senior technologists with the goal of deployment during your ten weeks. While your days will have you immersed in complex projects directly driving DRW’s progress, your evenings will be spent exploring the city with organized social events to truly discover what it is like to live and work in Amsterdam. How you will make an impact… Design, develop test, and deploy propriet..."
"DRW","Software Developer Intern","Chicago","https://job-boards.greenhouse.io/drweng/jobs/7992936","Career page Greenhouse:drweng","Confirmed official posting","career_page=https://www.drw.com/work-at-drw | company_wrapper=https://www.drw.com/job?gh_jid=7992936 | internship timing not stated in title; graduation eligibility mentions: 2027, 2028 | Our formula for success is to hire exceptional people, encourage their ideas and reward their results. As a Software Developer Intern , you will build advanced trading and risk applications leveraging cutting-edge technology. DRW enables our Software Developer Interns to develop computationally intensive software under the guidance of senior technologists with the goal of deployment during your ten weeks. While your days will have you immersed in complex projects directly driving DRW’s progress, your evenings will be spent exploring the city with organized social events to truly discover what it is like to live and work in Chicago. How you will make an impact… Design, develop, test, and deploy proprieta..."
"DRW","Software Developer Intern (C++)","Singapore","https://job-boards.greenhouse.io/drweng/jobs/8014910","Career page Greenhouse:drweng","Confirmed official posting","career_page=https://www.drw.com/work-at-drw | company_wrapper=https://www.drw.com/job?gh_jid=8014910 | internship timing not stated in title; graduation eligibility mentions: 2027, 2028 | Our formula for success is to hire exceptional people, encourage their ideas and reward their results. As a Software Developer Intern in our Singapore office, you will build advanced trading and risk applications leveraging cutting-edge technology. DRW enables our Software Developer Interns to develop computationally intensive software under the guidance of senior technologists with the goal of deployment during your internship. While your days will have you engrossed with complex quantitative trading projects, your evenings will be spent exploring the city with organized social events to truly discover what it’s like to live and work in Singapore. How you will make an impact… Design, develop test, and ..."
"DRW","Strategy Intern","Chicago, IL","https://job-boards.greenhouse.io/drweng/jobs/7992670","Career page Greenhouse:drweng","Confirmed official posting","career_page=https://www.drw.com/work-at-drw | company_wrapper=https://www.drw.com/job?gh_jid=7992670 | internship timing not stated in title; graduation eligibility mentions: 2027, 2028 | Our formula for success is to hire exceptional people, encourage their ideas and reward their results. We are looking for a forward-looking Strategy Intern to identify, quantify and develop plans for new business opportunities to leverage our deep expertise in global markets and cutting-edge trading technology. This role will be part of a growing, centralized strategy team tasked with partnering with a diverse set of trading businesses across the firm to develop and execute on business plans. Within assigned areas of focus, you will be tasked with helping our operations, trading and technology teams think beyond today into what’s possible tomorrow, identify gaps in our team’s experience, and highlight u..."
"DV Trading","2027 Summer Internship - Trading (DV Equities)","Hong Kong","https://job-boards.greenhouse.io/dvtrading/jobs/4691295005","Greenhouse:dvtrading","Confirmed official posting","internship timing: 2027 Summer; graduation eligibility mentions: 2027; undergrad/BS/MS language found"
"Engineers Gate","Quantitative Research Intern","Hong Kong","https://job-boards.greenhouse.io/engineersgate/jobs/7946542","Greenhouse:engineersgate","Confirmed official posting","internship timing not stated in title; undergrad/BS/MS language found"
"Five Rings","Summer Intern 2027 - Quantitative Trader","New York","https://job-boards.greenhouse.io/fiveringsllc/jobs/5139668008","Career page Greenhouse:fiveringsllc","Confirmed official posting","career_page=https://job-boards.greenhouse.io/fiveringsllc | company_wrapper=https://job-boards.greenhouse.io/job?gh_jid=5139668008 | internship timing: Summer; graduation eligibility mentions: 2027, 2028 | About Five Rings Five Rings is a proprietary trading firm founded with a vision of combining strategy, innovation and technology to succeed in today’s global markets. With offices in New York, Boca Raton, London and Amsterdam, Five Rings trades in various domestic and international markets, both established and esoteric. Our team constantly seeks new opportunities, analyzes their risks and rewards, and creates strategies and tools to capitalize on them. We have an open culture and encourage the flow of knowledge and ideas between all areas of the firm. About the Program Five Rings offers an intensive 9 week summer internship program that runs from the beginning of June through the begi..."
"Five Rings","Summer Intern 2027 - Software Developer","New York","https://job-boards.greenhouse.io/fiveringsllc/jobs/5349707008","Career page Greenhouse:fiveringsllc","Confirmed official posting","career_page=https://job-boards.greenhouse.io/fiveringsllc | company_wrapper=https://job-boards.greenhouse.io/job?gh_jid=5349707008 | internship timing: Summer | About Five Rings Five Rings is a proprietary trading firm founded with a vision of combining strategy, innovation and technology to succeed in today’s global markets. With offices in New York, Boca Raton, London and Amsterdam, Five Rings trades in various domestic and international markets, both established and esoteric. Our team constantly seeks new opportunities, analyzes their risks and rewards, and creates strategies and tools to capitalize on them. We have an open culture and encourage the flow of knowledge and ideas between all areas of the firm. Interviews will begin in September 2026. About the Program Five Rings offers an intensive summer internship program. The program includes immersion in both hands-on projects and cl..."
"Flow Traders","Quantitative Trading Intern Summer 2027","New York","https://job-boards.greenhouse.io/flowtraders/jobs/8047166","Career page Greenhouse:flowtraders","Confirmed official posting","career_page=https://www.flowtraders.com/careers | company_wrapper=https://www.flowtraders.com/job?gh_jid=8047166 | internship timing: Summer 2027; graduation eligibility mentions: 2028 | Flow Traders is looking for entrepreneurial, competitive, and analytical students to join our New York Trading team as a Trading Intern for Summer 2027. Spend your summer experiencing what it’s like to be a Trader in the financial capital of the world! The trading internship will take place over nine weeks in our New York office, beginning in early June through early August. During the program, you will have the opportunity to explore your interest in trading, while being fully immersed in the excitement on our Trading floor. As an intern, you will get a 360-degree view of Flow Traders’ role in the financial markets, how our Traders seize arbitrage opportunities, and how they work together as a team to o..."
"Goldman Sachs","2027 | Americas | New York City Area | Wealth Management, Quantitative Finance | Summer Analyst","New York","https://higher.gs.com/roles/155800","Official careers page","Confirmed official posting","Official Goldman Sachs Higher role page; Summer Analyst program for bachelor's/graduate degree students."
"Goldman Sachs","2027 | APEJ | Singapore | FICC and Equities (Sales and Trading) Quantitative Strats | Summer Analyst","Singapore","https://higher.gs.com/roles/170600","Official careers page","Confirmed official posting","Official Goldman Sachs Higher role page; quantitative strategists construct quantitative models for global markets."
"Goldman Sachs","2027 Summer Analyst Program - Americas","Americas","https://www.goldmansachs.com/careers/students/programs-and-internships/americas/2027-summer-analyst-program","Official program page","Official broad program; select division/location in application","Official Goldman Sachs program page says applications are open for Summer 2027."
"GSA Capital Partners","Quantitative Researcher - Intern","London, New York","https://www.gsacapital.com/careers/gh/?gh_jid=8570661002","Greenhouse:gsacapital","Confirmed official posting","internship timing not stated in title"
"GSA Capital Partners","Software Developer - Intern","London","https://www.gsacapital.com/careers/gh/?gh_jid=8570668002","Greenhouse:gsacapital","Confirmed official posting","internship timing not stated in title"
"IMC Financial Markets","Hardware Engineer Intern - Summer 2027","Chicago, United States","https://job-boards.eu.greenhouse.io/imc/jobs/4823945101","Greenhouse:imc","Confirmed official posting","internship timing: Summer 2027; graduation eligibility mentions: 2027, 2028; undergrad/BS/MS language found"
"IMC Financial Markets","Machine Learning Research Intern - Summer 2027 - Chicago","Chicago, United States","https://job-boards.eu.greenhouse.io/imc/jobs/4907430101","Greenhouse:imc","Confirmed official posting","internship timing: Summer 2027; graduation eligibility mentions: 2027, 2028; undergrad/BS/MS language found"
"IMC Financial Markets","Quantitative Research Intern (BS/MS) - Summer 2027","Chicago, United States","https://job-boards.eu.greenhouse.io/imc/jobs/4907399101","Greenhouse:imc","Confirmed official posting","internship timing: Summer 2027; graduation eligibility mentions: 2027, 2028; undergrad/BS/MS language found"
"IMC Financial Markets","Quantitative Trader Intern - Summer 2027","Chicago, United States","https://job-boards.eu.greenhouse.io/imc/jobs/4823923101","Greenhouse:imc","Confirmed official posting","internship timing: Summer 2027; graduation eligibility mentions: 2027, 2028; undergrad/BS/MS language found"
"IMC Financial Markets","Software Engineer Intern - Summer 2027","Chicago, United States","https://job-boards.eu.greenhouse.io/imc/jobs/4823924101","Greenhouse:imc","Confirmed official posting","internship timing: Summer 2027; graduation eligibility mentions: 2027, 2028; undergrad/BS/MS language found"
"IMC Trading","Hardware Engineer Intern","Amsterdam, Netherlands","https://job-boards.eu.greenhouse.io/imc/jobs/4927149101","Career page Greenhouse:imc","Confirmed official posting","career_page=https://job-boards.greenhouse.io/imc?error=true | company_wrapper=https://job-boards.greenhouse.io/job?gh_jid=4927149101 | internship timing not stated in title; graduation eligibility mentions: 2028 | Our internship programme in Amsterdam is your chance to experience life as an engineer at IMC. As a Hardware Engineer Intern, it’s about much more than just writing code: you’ll gain insight into IMC’s field-programmable gate array (FPGA) development process, get to know IMC’s unique business model and build valuable connections with our trading and technology teams. Throughout the internship, you will receive comprehensive support from dedicated internship trainers, and a one-on-one mentor to guide you in your work and professional development. You will benefit from a highly competitive compensation package, fully-furnished corporate accommodation, catered meals, and experienc..."
"IMC Trading","Machine Learning Research Intern - Summer 2027 - Amsterdam","Amsterdam, Netherlands","https://job-boards.eu.greenhouse.io/imc/jobs/4912874101","Career page Greenhouse:imc","Confirmed official posting","career_page=https://job-boards.greenhouse.io/imc?error=true | company_wrapper=https://job-boards.greenhouse.io/job?gh_jid=4912874101 | internship timing: Summer 2027; graduation eligibility mentions: 2028, 2027 | Our Machine Learning Internship is designed for curious, ambitious researchers who want to apply machine learning to complex, real-world problems. Over 10 weeks, you'll work alongside experienced researchers and mentors to develop models, analyze large-scale datasets, and contribute to research that informs IMC's trading strategies across global equities, futures, and options markets. You'll begin with a week of engaging, classroom-based learning in the proprietary trading landscape, then gain hands-on experience designing experiments, evaluating novel approaches, and tackling challenging problems in a collaborative, fast-paced environment where your work can have real-world imp..."
"IMC Trading","Macro Analyst Intern","Amsterdam, Netherlands","https://job-boards.eu.greenhouse.io/imc/jobs/4941380101","Career page Greenhouse:imc","Confirmed official posting","career_page=https://job-boards.greenhouse.io/imc?error=true | company_wrapper=https://job-boards.greenhouse.io/job?gh_jid=4941380101 | internship timing not stated in title; graduation eligibility mentions: 2028 | MACRO ANALYST INTERN Our 9-week internship programme in Amsterdam is your chance to experience life as a Macro Analyst at IMC. As a Macro Analyst Intern, you will delve into the proprietary trading landscape during the first week of engaging and challenging classroom-based learning. You will have the opportunity hone your skills and apply what you’ve learned with a meaningful project and weekly trading challenges. Throughout the summer, you will receive comprehensive support from dedicated internship trainers, and mentors to guide you in your work and professional development. In our collaborative office environment, you will build a valuable network of IMC traders, researchers..."
"IMC Trading","Quantitative Trader Intern","Amsterdam, Netherlands","https://job-boards.eu.greenhouse.io/imc/jobs/4936262101","Career page Greenhouse:imc","Confirmed official posting","career_page=https://job-boards.greenhouse.io/imc?error=true | company_wrapper=https://job-boards.greenhouse.io/job?gh_jid=4936262101 | internship timing not stated in title; graduation eligibility mentions: 2028 | Our summer internship programme in Amsterdam is your chance to experience life as a trader at IMC. As a Trader Intern, you will delve into the proprietary trading landscape during the first week of engaging and challenging classroom-based learning. You will have the opportunity hone your skills and apply what you’ve learned with a meaningful project and weekly trading challenges. Throughout the summer, you will receive comprehensive support from dedicated internship trainers, and mentors to guide you in your work and professional development. In our collaborative office environment, you will build a valuable network of IMC traders, researchers, analysts, and engineers. You will..."
"IMC Trading","Software Engineer Intern","Amsterdam, Netherlands","https://job-boards.eu.greenhouse.io/imc/jobs/4667854101","Career page Greenhouse:imc","Confirmed official posting","career_page=https://job-boards.greenhouse.io/imc?error=true | company_wrapper=https://job-boards.greenhouse.io/job?gh_jid=4667854101 | internship timing not stated in title; graduation eligibility mentions: 2028, 2027 | Our summer internship programme in Amsterdam is your chance to experience life as an engineer at IMC. As a Software Engineer Intern, you will go beyond writing code and designing technology: you’ll gain insight into algorithm complexity and data structures, get to know IMC’s unique business model, and build valuable connections with our trading and technology teams. Throughout the summer, you will work on a relevant project while receiving comprehensive support from dedicated internship trainers, and a one-on-one mentor to guide you in your work and professional development. You will benefit from a highly competitive compensation package, fully-furnished corporate accommo..."
"IMC Trading","Trader Intern","Amsterdam, Netherlands","https://job-boards.eu.greenhouse.io/imc/jobs/4939846101","Career page Greenhouse:imc","Confirmed official posting","career_page=https://job-boards.greenhouse.io/imc?error=true | company_wrapper=https://job-boards.greenhouse.io/job?gh_jid=4939846101 | internship timing not stated in title; graduation eligibility mentions: 2028 | Our summer internship programme in Amsterdam is your chance to experience life as a trader at IMC. As a Trader Intern, you will delve into the proprietary trading landscape during the first week of engaging and challenging classroom-based learning. You will have the opportunity hone your skills and apply what you’ve learned with a meaningful project and weekly trading challenges. Throughout the summer, you will receive comprehensive support from dedicated internship trainers, and mentors to guide you in your work and professional development. In our collaborative office environment, you will build a valuable network of IMC traders, researchers, analysts, and engineers. You will..."
"J.P. Morgan","Asset Management Summer Analyst Program","Varies by open location","https://careers.jpmorgan.com/US/en/students/programs/asset-management-summer-analyst","Official program page","Official broad program; check currently open locations","JPM page says interns research, analyze, and develop investment strategies and models; useful for quant asset-management track."
"J.P. Morgan","Markets Summer Analyst Program","Varies by open location","https://careers.jpmorgan.com/us/en/students/programs/markets-summer-analyst","Official program page","Official broad program; check currently open locations","JPM page describes work on market strategies, complex mathematical models, machine learning techniques, and trading simulations."
"Jane Street","Data Engineer","New York","https://www.janestreet.com/join-jane-street/position/8631973002/","Official Jane Street jobs feed","Confirmed official posting","Internship; May-August; Technology"
"Jane Street","Fundamental Research Analyst","New York","https://www.janestreet.com/join-jane-street/position/8347286002/","Official Jane Street jobs feed","Confirmed official posting","Internship; May-August; Trading, Research, and Machine Learning"
"Jane Street","Hardware Engineer (FPGA/ASIC)","New York","https://www.janestreet.com/join-jane-street/position/8624440002/","Official Jane Street jobs feed","Confirmed official posting","Internship; May-August; Technology"
"Jane Street","Hardware Engineer (FPGA/ASIC)","London","https://www.janestreet.com/join-jane-street/position/8651323002/","Official Jane Street jobs feed","Confirmed official posting","Internship; June-September; Technology"
"Jane Street","IT Operations Engineer","Hong Kong","https://www.janestreet.com/join-jane-street/position/8377831002/","Official Jane Street jobs feed","Confirmed official posting","Internship; December-February; Technology"
"Jane Street","IT Operations Engineer","Hong Kong","https://www.janestreet.com/join-jane-street/position/8641377002/","Official Jane Street jobs feed","Confirmed official posting","Internship; May-August; Technology"
"Jane Street","IT Operations Engineer","London","https://www.janestreet.com/join-jane-street/position/8651274002/","Official Jane Street jobs feed","Confirmed official posting","Internship; June-September; Technology"
"Jane Street","Linux Engineer","New York","https://www.janestreet.com/join-jane-street/position/8626260002/","Official Jane Street jobs feed","Confirmed official posting","Internship; May-August; Technology"
"Jane Street","Linux Engineer","Hong Kong","https://www.janestreet.com/join-jane-street/position/8625946002/","Official Jane Street jobs feed","Confirmed official posting","Internship; May-August; Technology"
"Jane Street","Linux Engineer","Hong Kong","https://www.janestreet.com/join-jane-street/position/8377832002/","Official Jane Street jobs feed","Confirmed official posting","Internship; December-February; Technology"
"Jane Street","Linux Engineer","London","https://www.janestreet.com/join-jane-street/position/8626146002/","Official Jane Street jobs feed","Confirmed official posting","Internship; June-September; Technology"
"Jane Street","Machine Learning Engineer","New York","https://www.janestreet.com/join-jane-street/position/8611307002/","Official Jane Street jobs feed","Confirmed official posting","Internship; May-August; Trading, Research, and Machine Learning"
"Jane Street","Machine Learning Engineer","London","https://www.janestreet.com/join-jane-street/position/8648474002/","Official Jane Street jobs feed","Confirmed official posting","Internship; June-September; Trading, Research, and Machine Learning"
"Jane Street","Machine Learning Researcher","New York","https://www.janestreet.com/join-jane-street/position/8384490002/","Official Jane Street jobs feed","Confirmed official posting","Internship; May-August; Trading, Research, and Machine Learning"
"Jane Street","Machine Learning Researcher","Hong Kong","https://www.janestreet.com/join-jane-street/position/8374335002/","Official Jane Street jobs feed","Confirmed official posting","Internship; December-February; Trading, Research, and Machine Learning"
"Jane Street","Network Engineer","New York","https://www.janestreet.com/join-jane-street/position/8620793002/","Official Jane Street jobs feed","Confirmed official posting","Internship; May-August; Technology"
"Jane Street","Quantitative Researcher","Hong Kong","https://www.janestreet.com/join-jane-street/position/8343131002/","Official Jane Street jobs feed","Confirmed official posting","Internship; December-February; Trading, Research, and Machine Learning"
"Jane Street","Quantitative Researcher","New York","https://www.janestreet.com/join-jane-street/position/8498547002/","Official Jane Street jobs feed","Confirmed official posting","Internship; May-August; Trading, Research, and Machine Learning"
"Jane Street","Quantitative Researcher","Hong Kong","https://www.janestreet.com/join-jane-street/position/8623868002/","Official Jane Street jobs feed","Confirmed official posting","Internship; May-August; Trading, Research, and Machine Learning"
"Jane Street","Quantitative Researcher","London","https://www.janestreet.com/join-jane-street/position/8474416002/","Official Jane Street jobs feed","Confirmed official posting","Internship; June-September; Trading, Research, and Machine Learning"
"Jane Street","Quantitative Trader","Hong Kong","https://www.janestreet.com/join-jane-street/position/8623733002/","Official Jane Street jobs feed","Confirmed official posting","Internship; May-August; Trading, Research, and Machine Learning"
"Jane Street","Quantitative Trader","New York","https://www.janestreet.com/join-jane-street/position/8617344002/","Official Jane Street jobs feed","Confirmed official posting","Internship; May-August; Trading, Research, and Machine Learning"
"Jane Street","Quantitative Trader","London","https://www.janestreet.com/join-jane-street/position/8474407002/","Official Jane Street jobs feed","Confirmed official posting","Internship; June-September; Trading, Research, and Machine Learning"
"Jane Street","Quantitative Trader","Hong Kong","https://www.janestreet.com/join-jane-street/position/7982986002/","Official Jane Street jobs feed","Confirmed official posting","Internship; December-February; Trading, Research, and Machine Learning"
"Jane Street","Sales and Trading","London","https://www.janestreet.com/join-jane-street/position/8537797002/","Official Jane Street jobs feed","Confirmed official posting","Internship; June-September; Institutional Sales and Trading"
"Jane Street","Sales and Trading","New York","https://www.janestreet.com/join-jane-street/position/8347385002/","Official Jane Street jobs feed","Confirmed official posting","Internship; May-August; Institutional Sales and Trading"
"Jane Street","Sales and Trading","Hong Kong","https://www.janestreet.com/join-jane-street/position/8630687002/","Official Jane Street jobs feed","Confirmed official posting","Internship; May-August; Institutional Sales and Trading"
"Jane Street","Software Engineer","New York","https://www.janestreet.com/join-jane-street/position/8419303002/","Official Jane Street jobs feed","Confirmed official posting","Co-Op; January-April; Technology"
"Jane Street","Software Engineer","New York","https://www.janestreet.com/join-jane-street/position/8599644002/","Official Jane Street jobs feed","Confirmed official posting","Internship; May-August; Technology"
"Jane Street","Software Engineer","Hong Kong","https://www.janestreet.com/join-jane-street/position/7582902002/","Official Jane Street jobs feed","Confirmed official posting","Internship; December-February; Technology"
"Jane Street","Software Engineer","Hong Kong","https://www.janestreet.com/join-jane-street/position/8617298002/","Official Jane Street jobs feed","Confirmed official posting","Internship; May-August; Technology"
"Jane Street","Software Engineer","London","https://www.janestreet.com/join-jane-street/position/8589868002/","Official Jane Street jobs feed","Confirmed official posting","Internship; June-September; Technology"
"Jane Street","Software Engineer","Singapore","https://www.janestreet.com/join-jane-street/position/8632392002/","Official Jane Street jobs feed","Confirmed official posting","Internship; May-August; Technology"
"Jane Street","Strategy and Product","London","https://www.janestreet.com/join-jane-street/position/8518854002/","Official Jane Street jobs feed","Confirmed official posting","Internship; June-September; Strategy and Product"
"Jane Street","Strategy and Product","New York","https://www.janestreet.com/join-jane-street/position/8621552002/","Official Jane Street jobs feed","Confirmed official posting","Internship; May-August; Strategy and Product"
"Jane Street","Strategy and Product","Hong Kong","https://www.janestreet.com/join-jane-street/position/8630713002/","Official Jane Street jobs feed","Confirmed official posting","Internship; May-August; Strategy and Product"
"Jane Street","Tools & Compilers Research and Development","London","https://www.janestreet.com/join-jane-street/position/5866838002/","Official Jane Street jobs feed","Confirmed official posting","Internship; Flexible; Technology"
"Jane Street","Tools and Compilers Research and Development","New York","https://www.janestreet.com/join-jane-street/position/5869205002/","Official Jane Street jobs feed","Confirmed official posting","Internship; Flexible; Technology"
"Jane Street","Trading Desk Operations Engineer","New York","https://www.janestreet.com/join-jane-street/position/8621450002/","Official Jane Street jobs feed","Confirmed official posting","Internship; May-August; Trading, Research, and Machine Learning"
"Jane Street","Trading Desk Operations Engineer","Hong Kong","https://www.janestreet.com/join-jane-street/position/8620505002/","Official Jane Street jobs feed","Confirmed official posting","Internship; May-August; Trading, Research, and Machine Learning"
"Jane Street","Trading Desk Operations Engineer","Hong Kong","https://www.janestreet.com/join-jane-street/position/8168747002/","Official Jane Street jobs feed","Confirmed official posting","Internship; December-February; Trading, Research, and Machine Learning"
"Jane Street","Windows Engineer","New York","https://www.janestreet.com/join-jane-street/position/8628843002/","Official Jane Street jobs feed","Confirmed official posting","Internship; May-August; Technology"
"Jane Street","ꓟachine ꓡearning ꓣesearcher","London","https://www.janestreet.com/join-jane-street/position/8594416002/","Official Jane Street jobs feed","Confirmed official posting","Internship; June-September; Trading, Research, and Machine Learning"
"Jane Street","ꓟachine ꓡearning ꓣesearcher","Hong Kong","https://www.janestreet.com/join-jane-street/position/8596771002/","Official Jane Street jobs feed","Confirmed official posting","Internship; May-August; Trading, Research, and Machine Learning"
"Jump Trading","Campus AI Research Engineer - Deep Learning (Intern)","Chicago; New York","https://www.jumptrading.com/hr/job?gh_jid=8052338","Greenhouse:jumptrading","Confirmed official posting","internship timing not stated in title; undergrad/BS/MS language found"
"Jump Trading","Campus AI Research Engineer – Research Automation (Intern)","Chicago; New York","https://www.jumptrading.com/hr/job?gh_jid=8052351","Greenhouse:jumptrading","Confirmed official posting","internship timing not stated in title; undergrad/BS/MS language found"
"Jump Trading","Campus AI Research Engineer (Intern)","Chicago; New York","https://www.jumptrading.com/hr/job?gh_jid=8052281","Greenhouse:jumptrading","Confirmed official posting","internship timing not stated in title; undergrad/BS/MS language found"
"Jump Trading","Campus ASIC Engineer (Intern)","Bristol","https://www.jumptrading.com/hr/job?gh_jid=7974837","Greenhouse:jumptrading","Confirmed official posting","internship timing not stated in title; undergrad/BS/MS language found"
"Jump Trading","Campus C++ Software Engineer (Intern)","Singapore","https://www.jumptrading.com/hr/job?gh_jid=8027946","Greenhouse:jumptrading","Confirmed official posting","internship timing not stated in title; undergrad/BS/MS language found"
"Jump Trading","Campus Data Engineer (Intern)","London","https://www.jumptrading.com/hr/job?gh_jid=7975008","Greenhouse:jumptrading","Confirmed official posting","internship timing not stated in title; undergrad/BS/MS language found"
"Jump Trading","Campus Data Engineer (Intern)","Chicago","https://www.jumptrading.com/hr/job?gh_jid=8002998","Greenhouse:jumptrading","Confirmed official posting","internship timing not stated in title; undergrad/BS/MS language found"
"Jump Trading","Campus FPGA Engineer (Intern)","Chicago","https://www.jumptrading.com/hr/job?gh_jid=8003013","Greenhouse:jumptrading","Confirmed official posting","internship timing not stated in title; undergrad/BS/MS language found"
"Jump Trading","Campus FPGA Engineer (Intern)","London","https://www.jumptrading.com/hr/job?gh_jid=7974391","Greenhouse:jumptrading","Confirmed official posting","internship timing not stated in title; undergrad/BS/MS language found"
"Jump Trading","Campus ML Research Engineer (Intern)","London","https://www.jumptrading.com/hr/job?gh_jid=7977145","Greenhouse:jumptrading","Confirmed official posting","internship timing not stated in title; undergrad/BS/MS language found"
"Jump Trading","Campus Python Software Engineer (Intern)","Singapore","https://www.jumptrading.com/hr/job?gh_jid=8027955","Greenhouse:jumptrading","Confirmed official posting","internship timing not stated in title; undergrad/BS/MS language found"
"Jump Trading","Campus Quantitative Researcher (Intern)","London; Amsterdam","https://www.jumptrading.com/hr/job?gh_jid=8010307","Greenhouse:jumptrading","Confirmed official posting","internship timing not stated in title; undergrad/BS/MS language found"
"Jump Trading","Campus Quantitative Researcher (Intern)","Singapore","https://www.jumptrading.com/hr/job?gh_jid=8027939","Greenhouse:jumptrading","Confirmed official posting","internship timing not stated in title; undergrad/BS/MS language found"
"Jump Trading","Campus Quantitative Researcher (M1/M2 Intern)","London; Paris","https://www.jumptrading.com/hr/job?gh_jid=8059384","Greenhouse:jumptrading","Confirmed official posting","internship timing not stated in title; undergrad/BS/MS language found"
"Jump Trading","Campus Quantitative Researcher, UG/MS (Intern)","Chicago; New York","https://www.jumptrading.com/hr/job?gh_jid=7982648","Greenhouse:jumptrading","Confirmed official posting","internship timing not stated in title; undergrad/BS/MS language found"
"Jump Trading","Campus Quantitative Trader (Intern)","Chicago; New York","https://www.jumptrading.com/hr/job?gh_jid=7848371","Greenhouse:jumptrading","Confirmed official posting","internship timing not stated in title; undergrad/BS/MS language found"
"Jump Trading","Campus Quantitative Trader (Intern)","Singapore","https://www.jumptrading.com/hr/job?gh_jid=8027941","Greenhouse:jumptrading","Confirmed official posting","internship timing not stated in title; undergrad/BS/MS language found"
"Jump Trading","Campus Quantitative Trader (Intern)","London; Amsterdam","https://www.jumptrading.com/hr/job?gh_jid=8050772","Greenhouse:jumptrading","Confirmed official posting","internship timing not stated in title; undergrad/BS/MS language found"
"Jump Trading","Campus Software Engineer (Intern)","London","https://www.jumptrading.com/hr/job?gh_jid=7975026","Greenhouse:jumptrading","Confirmed official posting","internship timing not stated in title; undergrad/BS/MS language found"
"Jump Trading","Campus Software Engineer (Intern)","Chicago","https://www.jumptrading.com/hr/job?gh_jid=8002989","Greenhouse:jumptrading","Confirmed official posting","internship timing not stated in title; undergrad/BS/MS language found"
"Jump Trading","Campus Systems Engineer (Intern)","Singapore","https://www.jumptrading.com/hr/job?gh_jid=8027952","Greenhouse:jumptrading","Confirmed official posting","internship timing not stated in title; undergrad/BS/MS language found"
"Jump Trading","Campus Systems Engineer (Intern)","London; Amsterdam","https://www.jumptrading.com/hr/job?gh_jid=8000323","Greenhouse:jumptrading","Confirmed official posting","internship timing not stated in title; undergrad/BS/MS language found"
"Jump Trading","Campus Systems Engineer (Intern)","Chicago","https://www.jumptrading.com/hr/job?gh_jid=8007788","Greenhouse:jumptrading","Confirmed official posting","internship timing not stated in title; undergrad/BS/MS language found"
"Jump Trading","Campus Trading Team Software Engineer  (Intern)","Hong Kong","https://www.jumptrading.com/hr/job?gh_jid=7565728","Greenhouse:jumptrading","Confirmed official posting","internship timing not stated in title; graduation eligibility mentions: 2026, 2027; undergrad/BS/MS language found"
"Jump Trading","Campus UI Software Engineer (Intern)","London","https://www.jumptrading.com/hr/job?gh_jid=7974943","Greenhouse:jumptrading","Confirmed official posting","internship timing not stated in title; undergrad/BS/MS language found"
"Jump Trading","Campus UI Software Engineer (Intern)","Chicago","https://www.jumptrading.com/hr/job?gh_jid=8003019","Greenhouse:jumptrading","Confirmed official posting","internship timing not stated in title; undergrad/BS/MS language found"
"Maven Securities","Quant Trader Internship 2027 (6 months)","London","https://job-boards.greenhouse.io/mavensecuritiesholdingltd/jobs/8043552","Career page Greenhouse:mavensecuritiesholdingltd","Confirmed official posting","career_page=https://job-boards.greenhouse.io/mavensecuritiesholdingltd | company_wrapper=https://job-boards.greenhouse.io/job?gh_jid=8043552 | internship timing not stated in title | Maven Securities is a leading proprietary trading firm that leverages sophisticated technology and quantitative analysis to trade in global financial markets. We specialise in options and derivatives market making, where your skills can be directly applied to have a real impact. THE ROLE As a Quantitative Trader Intern, you’ll engage in an intensive 6-month training programme focused on options market making. You’ll collaborate closely with traders and researchers to solve meaningful research challenges and develop your expertise in quantitative methods across our market-making desks. Upon successfully completing the internship, you will be eligible for consideration for a full time position. As a Quant Trad..."
"Millennium","2027 Compliance Intern, New York","New York, New York, United States of America","https://mlp.eightfold.ai/careers/job/755957778858","Career page Eightfold:campusjobs.mlp.com","Confirmed official posting","career_page=https://campusjobs.mlp.com/ | internship timing not stated in title"
"Millennium","2027 Data & Research Strategy Intern, New York","New York, New York, United States of America","https://mlp.eightfold.ai/careers/job/755957778836","Career page Eightfold:campusjobs.mlp.com","Confirmed official posting","career_page=https://campusjobs.mlp.com/ | internship timing not stated in title"
"Millennium","2027 Quantitative Developer Intern, New York","New York, New York, United States of America","https://mlp.eightfold.ai/careers/job/755957819661","Career page Eightfold:campusjobs.mlp.com","Confirmed official posting","career_page=https://campusjobs.mlp.com/ | internship timing not stated in title"
"Millennium","2027 Quantitative Researcher Intern, Miami","Miami, Florida, United States of America","https://mlp.eightfold.ai/careers/job/755957778853","Career page Eightfold:campusjobs.mlp.com","Confirmed official posting","career_page=https://campusjobs.mlp.com/ | internship timing not stated in title"
"Millennium","2027 Quantitative Researcher Intern, New York","New York, New York, United States of America","https://mlp.eightfold.ai/careers/job/755957778843","Career page Eightfold:campusjobs.mlp.com","Confirmed official posting","career_page=https://campusjobs.mlp.com/ | internship timing not stated in title"
"Millennium","2027 Sector Specialist Intern, New York","New York, New York, United States of America","https://mlp.eightfold.ai/careers/job/755957819888","Career page Eightfold:campusjobs.mlp.com","Confirmed official posting","career_page=https://campusjobs.mlp.com/ | internship timing not stated in title"
"New York Life","Student Internships","Varies by internship track","https://www.newyorklife.com/careers/corporate/internships","Official internship page","Official program page; check current openings","Official New York Life internships page lists actuarial, finance, investments, AI/data, technology, and related internship tracks."
"Old Mission Capital","Software Engineer – 2027 Internship Program (June Start)","Chicago, IL, United States","https://www.oldmissioncapital.com/careers/?gh_jid=7796180003","Career page Greenhouse:oldmissioncapital","Confirmed official posting","career_page=https://www.oldmissioncapital.com/careers/ | company_wrapper=https://www.oldmissioncapital.com/careers/job?gh_jid=7796180003 | internship timing not stated in title; graduation eligibility mentions: 2027, 2028 | Old Mission is a global proprietary trading firm that leverages state-of-the-art technology and research to identify and execute profitable trading strategies across multiple asset classes around the world. Our offices in Chicago, New York, and London are all composed of naturally-curious individuals who thrive in a team environment and constantly strive for improvement. Old Mission does not seek capital from outside investors, allowing us the flexibility to aggressively invest in our team members and keep them engaged in the firm’s growth. About the Position Our internship program is geared for current students who want to work alongside our talented software enginee..."
"Old Mission Capital","Software Engineer – 2027 Internship Program (June Start)","Chicago, IL","https://jobs.ashbyhq.com/old-mission-capital/d003aaa4-a1e9-46b5-b271-eaccc15db9d6","Ashby:old-mission-capital","Confirmed official posting","internship timing not stated in title; graduation eligibility mentions: 2027, 2028; undergrad/BS/MS language found"
"Optiver","FPGA Engineer Intern (Summer 2027 - Austin)","Austin, Texas, United States","https://www.optiver.com/join-us/jobs/8641352002/?gh_jid=8641352002","Greenhouse:optiverus","Confirmed official posting","internship timing: Summer 2027; graduation eligibility mentions: 2027, 2028; undergrad/BS/MS language found"
"Optiver","FPGA Engineer Intern (Summer 2027 - Chicago)","Chicago, Illinois, United States","https://www.optiver.com/join-us/jobs/8402114002/?gh_jid=8402114002","Greenhouse:optiverus","Confirmed official posting","internship timing: Summer 2027; graduation eligibility mentions: 2027, 2028; undergrad/BS/MS language found"
"Optiver","Institutional Trader Intern (2027 Start - Chicago)","Chicago, Illinois, United States","https://job-boards.greenhouse.io/optiverprivate/jobs/8402208002","Career page Greenhouse:optiverprivate","Confirmed official posting","career_page=https://job-boards.greenhouse.io/optiverprivate | company_wrapper=https://job-boards.greenhouse.io/job?gh_jid=8402208002 | internship timing not stated in title; graduation eligibility mentions: 2027, 2028 | As an Institutional Trader Intern at Optiver, you’ll spend your summer embedded in the fast-paced environment of our trading floor, learning from industry experts. Through a combination of structured education sessions and hands-on experience in live market conditions, you’ll gain deep insight into how markets move and how our Institutional Traders make impact. You’ll test your ideas, sharpen your decision-making, and collaborate with peers and mentors to solve real market challenges. By the end of the 10-week internship, you’ll be equipped with the foundational skills and knowledge required to succeed as an Institutional Trader at a top global trading firm. What you’ll d..."
"Optiver","Quantitative Intern (Summer 2027)","Chicago, Illinois, United States","https://www.optiver.com/join-us/jobs/8402215002/?gh_jid=8402215002","Greenhouse:optiverus","Confirmed official posting","internship timing: Summer 2027; graduation eligibility mentions: 2027, 2029; undergrad/BS/MS language found"
"Optiver","Quantitative Trading Internship (Singapore) - 2027","Singapore","https://www.optiver.com/join-us/jobs/8642260002/?gh_jid=8642260002","Greenhouse:optiverus","Confirmed official posting","internship timing not stated in title; graduation eligibility mentions: 2026, 2028; undergrad/BS/MS language found"
"Optiver","Quantitative Trading Internship (Taiwan) - 2027","Taipei, Taiwan","https://www.optiver.com/join-us/jobs/8011956002/?gh_jid=8011956002","Greenhouse:optiverus","Confirmed official posting","internship timing not stated in title; graduation eligibility mentions: 2026; undergrad/BS/MS language found"
"Optiver","Software Engineer Intern (Summer 2027 - Austin)","Austin, Texas, United States","https://www.optiver.com/join-us/jobs/8401052002/?gh_jid=8401052002","Greenhouse:optiverus","Confirmed official posting","internship timing: Summer 2027; graduation eligibility mentions: 2027, 2028; undergrad/BS/MS language found"
"Optiver","Software Engineer Intern (Summer 2027 - Chicago)","Chicago, Illinois, United States","https://www.optiver.com/join-us/jobs/8604760002/?gh_jid=8604760002","Greenhouse:optiverus","Confirmed official posting","internship timing: Summer 2027; graduation eligibility mentions: 2027, 2028; undergrad/BS/MS language found"
"Optiver","Trading Automation and Operations Intern (Summer 2027)","Chicago, Illinois, United States","https://www.optiver.com/join-us/jobs/8489582002/?gh_jid=8489582002","Greenhouse:optiverus","Confirmed official posting","internship timing: Summer 2027; graduation eligibility mentions: 2027, 2028; undergrad/BS/MS language found"
"Pacific Life","Summer 2027 Actuarial Intern (Charlotte)","Charlotte - NC","https://pacificlife.wd1.myworkdayjobs.com/PacificLifeCareers/job/Charlotte---NC/Summer-2027-Actuarial-Intern--Charlotte-_R17462","Career page Workday:pacificlife/PacificLifeCareers","Confirmed official posting","career_page=https://pacificlife.wd1.myworkdayjobs.com/PacificLifeCareers | Posted Today | R17462"
"Pacific Life","Summer 2027 Actuarial Intern (Newport Beach)","Newport Beach CA-700","https://pacificlife.wd1.myworkdayjobs.com/PacificLifeCareers/job/Newport-Beach-CA-700/Summer-2027-Actuarial-Intern--Newport-Beach-_R17460","Career page Workday:pacificlife/PacificLifeCareers","Confirmed official posting","career_page=https://pacificlife.wd1.myworkdayjobs.com/PacificLifeCareers | Posted Today | R17460"
"Pacific Life","Summer 2027 Actuarial Intern (Omaha)","Omaha NE-6750","https://pacificlife.wd1.myworkdayjobs.com/PacificLifeCareers/job/Omaha-NE-6750/Summer-2027-Actuarial-Intern--Omaha-_R17461","Career page Workday:pacificlife/PacificLifeCareers","Confirmed official posting","career_page=https://pacificlife.wd1.myworkdayjobs.com/PacificLifeCareers | Posted Today | R17461"
"PDT Partners","Summer 2027 Software Engineering Intern","New York, NY","https://job-boards.greenhouse.io/pdtpartners/jobs/8077685","Career page Greenhouse:pdtpartners","Confirmed official posting","career_page=https://job-boards.greenhouse.io/pdtpartners?error=true | company_wrapper=https://job-boards.greenhouse.io/job?gh_jid=8077685 | internship timing: Summer 2027; graduation eligibility mentions: 2027 | Eligibility: Current Bachelor's, Master's, or PhD students pursuing degrees in rigorous, highly technical fields (e.g., Computer Science, Computer Engineering) who are eligible for full-time roles starting in 2028 or 2029. Program Length: 10 Weeks (Early June – Mid August) Application Process: Please apply directly through this posting. Applications are reviewed and candidates will progress on a rolling basis. You can anticipate receiving feedback on your application within 3 weeks. PDT Partners – a quantitative investment manager - is seeking talented engineering students for Software Engineering focused internships. We are looking for interns who can add to a company that value..."
"PDT Partners","Summer 2027 Systems Engineering Intern","New York, NY","https://job-boards.greenhouse.io/pdtpartners/jobs/8083292","Career page Greenhouse:pdtpartners","Confirmed official posting","career_page=https://job-boards.greenhouse.io/pdtpartners?error=true | company_wrapper=https://job-boards.greenhouse.io/job?gh_jid=8083292 | internship timing: Summer 2027; graduation eligibility mentions: 2027 | Eligibility: Current Bachelor's, Master's, or PhD students pursuing degrees in rigorous, highly technical fields (e.g., Computer Science, Computer Engineering) who are eligible for full-time roles starting in 2028. Program Length: 10 Weeks (Early June – Mid August) Application Process: Please apply directly through this posting. Applications are reviewed, and candidates will progress to the first-round technical assessment on a rolling basis. You can anticipate receiving feedback on your application within 3 weeks. PDT Partners – a quantitative investment manager - is seeking talented students for internships focused on Infrastructure Engineering (Systems, Network, DevOps, Cloud,..."
"Point72","2027 Point72 Academy Investment Analyst Summer Internship Program - Hong Kong","Hong Kong","https://boards.greenhouse.io/point72/jobs/8491055002?gh_jid=8491055002","Career page Greenhouse:point72","Confirmed official posting","career_page=https://careers.point72.com/ | company_wrapper=https://careers.point72.com/job?gh_jid=8491055002 | internship timing: Summer; graduation eligibility mentions: 2027, 2028 | The Point72 Academy Summer Internship — Hong Kong Are you a student interested in pursuing a career in investing? If you are graduating between December 2027 and July 2028, we invite you to apply for our 8-week summer internship, taking place from June to August 2027. Launch your investing career in the Point72 Academy, an investment analyst training program that will provide you with the tools and knowledge to build a career in our ever-evolving industry. Since 2015, the Academy has graduated more than 230 analysts onto our platform as of November 2025; some are portfolio managers today. The Point72 Academy Summer Internship is a combination of classroom instruction, portfolio casework, and mentorship. The..."
"Point72","2027 Point72 Academy Investment Analyst Summer Internship Program - Japan","Japan","https://boards.greenhouse.io/point72/jobs/8491138002?gh_jid=8491138002","Career page Greenhouse:point72","Confirmed official posting","career_page=https://careers.point72.com/ | company_wrapper=https://careers.point72.com/job?gh_jid=8491138002 | internship timing: Summer; graduation eligibility mentions: 2027, 2028 | P oint72 Academy 夏季インターンシップ（日本） 投資業界でのキャリア形成に関心をお持ちの方を対象に、2027年12月から2028年7月の間に卒業予定の学生向けに、2027年6月から8月にかけて実施される8週間の夏季インターンシップへの応募を受け付けています。 Point72 Academyは、変化し続ける投資業界において投資アナリストとして活躍するために必要な知識・スキルの習得を目的とした育成プログラムです。2015年の設立以来、2025年11月時点で230名以上のアナリストを輩出しており、その中には現在ポートフォリオ・マネージャーとして活躍しているメンバーもいます。 本インターンシップは、講義形式のトレーニング、投資ケースワーク、メンターシップを組み合わせたプログラムであり、金融およびリサーチの基礎、公開市場の仕組みに対する理解を深めるとともに、将来的にフルタイムの Point72 Academy Associate プログラムに進む可能性も見据えた準備を行います。 インターンシップ期間中の主な内容 アナリストとして必要な基礎知識・スキルを習得 会計・モデリング・プレゼンテーション・コンプライアンス研修 投資チームと協力し、株式アナリストの日常業務を直接体験するとともに、当社のポートフォリオマネージャーが担当するセクターの一つについて理解を深める ポートフォリオマネージャーが担当する業界セクターへの理解を深める アカデミーのコーチと密接に連携し、データ分析をさらに深め、投資アイデアに関する最終プレゼンテーションを準備 コンプライアンス、情報セキュリティ、および共同CIO室と連携し、投資プロセ..."
"Point72","2027 Point72 Academy Investment Analyst Summer Internship Program - Singapore","Singapore","https://boards.greenhouse.io/point72/jobs/8491128002?gh_jid=8491128002","Career page Greenhouse:point72","Confirmed official posting","career_page=https://careers.point72.com/ | company_wrapper=https://careers.point72.com/job?gh_jid=8491128002 | internship timing: Summer; graduation eligibility mentions: 2027, 2028 | The Point72 Academy Summer Internship — Singapore Are you a student interested in pursuing a career in investing? If you are graduating between December 2027 and July 2028, we invite you to apply for our 8-week summer internship, taking place from June to August 2027. Launch your investing career in the Point72 Academy, an investment analyst training program that will provide you with the tools and knowledge to build a career in our ever-evolving industry. Since 2015, the Academy has graduated more than 230 analysts onto our platform as of November 2025; some are portfolio managers today. The Point72 Academy Summer Internship is a combination of classroom instruction, portfolio casework, and mentorship. The..."
"Point72","Cubist Quantitative Researcher Intern","Hong Kong","https://boards.greenhouse.io/point72/jobs/7297611002?gh_jid=7297611002","Career page Greenhouse:point72","Confirmed official posting","career_page=https://careers.point72.com/ | company_wrapper=https://careers.point72.com/job?gh_jid=7297611002 | internship timing not stated in title | ABOUT CUBIST Cubist Systematic Strategies, an affiliate of Point72, deploys systematic, computer-driven trading strategies across multiple liquid asset classes, including equities, futures and foreign exchange. The core of our effort is rigorous research into a wide range of market anomalies, fueled by our unparalleled access to a wide range of publicly available data sources. ROLE Quantitative alpha research requires mastery of multiple domains. The best research requires original research ideas, good intuition, strong data analysis skills, and good research planning. Our research directly drives our investment decisions. This role is highly selective. We have a long history of training extraordinarily talented academic researchers to suc..."
"Point72","Cubist Quantitative Researcher Intern","Singapore","https://boards.greenhouse.io/point72/jobs/7297598002?gh_jid=7297598002","Career page Greenhouse:point72","Confirmed official posting","career_page=https://careers.point72.com/ | company_wrapper=https://careers.point72.com/job?gh_jid=7297598002 | internship timing not stated in title | ABOUT CUBIST Cubist Systematic Strategies, an affiliate of Point72, deploys systematic, computer-driven trading strategies across multiple liquid asset classes, including equities, futures and foreign exchange. The core of our effort is rigorous research into a wide range of market anomalies, fueled by our unparalleled access to a wide range of publicly available data sources. ROLE Quantitative alpha research requires mastery of multiple domains. The best research requires original research ideas, good intuition, strong data analysis skills, and good research planning. Our research directly drives our investment decisions. This role is highly selective. We have a long history of training extraordinarily talented academic researchers to suc..."
"Point72","Hedge Fund Careers & Internships | Point72 Careers","","https://careers.point72.com/","Official posting/page","Likely official; verify application form","Explore career opportunities at Point72 for students and professionals. Join teams across investing, technology, research and more. …"
"Point72","Machine Learning Researcher - Intern","New York","https://boards.greenhouse.io/point72/jobs/7302611002?gh_jid=7302611002","Career page Greenhouse:point72","Confirmed official posting","career_page=https://careers.point72.com/ | company_wrapper=https://careers.point72.com/job?gh_jid=7302611002 | internship timing not stated in title | JOB DESCRIPTION Researchers are responsible for applying, adapting, and extending existing results in the broad field of machine learning, while also conducting novel research as required. We are interested in all aspects of ML including: predictive modelling, clustering, time series analysis, natural language processing, and computer vision. Successful researchers manage all aspects of the research process including methodology selection, data collection and analysis, implementation and testing, prototyping, and performance evaluation. Some successful researchers have joined us from similar backgrounds at other firms. Others have joined from related fields or directly from academia and have thrived with hands on guidance from our large te..."
"Point72","Quantitative Developer Intern","New York","https://boards.greenhouse.io/point72/jobs/7609197002?gh_jid=7609197002","Career page Greenhouse:point72","Confirmed official posting","career_page=https://careers.point72.com/ | company_wrapper=https://careers.point72.com/job?gh_jid=7609197002 | internship timing not stated in title | Job Description A highly collaborative, fast-growing team, Point72 Internal Alpha Capture (IAC) is developing scalable quantitative equity trading signals that leverage rigorous research, state-of-the-art machine learning methods, a broad range of public and proprietary data sources, and unparalleled computing power. We are looking for exceptional students to join us as quantitative developer interns for Summer 2025. Our interns will work closely with our team, receive comprehensive, in-depth training, and help develop novel signals that may have real impact. You will gain exposure to a variety of activities, which may include: Enhancing quantitative research platforms by benchmarking and integrating in-house and cloud technologies Optimiz..."
"Point72","Quantitative Research Intern","New York, Seattle","https://boards.greenhouse.io/point72/jobs/7297667002?gh_jid=7297667002","Career page Greenhouse:point72","Confirmed official posting","career_page=https://careers.point72.com/ | company_wrapper=https://careers.point72.com/job?gh_jid=7297667002 | internship timing not stated in title | JOB DESCRIPTION This is an opportunity for students and researchers of advanced data modeling and statistical learning methods to apply these techniques to market prediction and systematic trading. JOB RESPONSIBILITIES Pre-process (validate, clean, normalize, reduce dimension) very large data sets for model estimation and event studies Identify features and relationships useful for the predictive modeling of market dynamics DESIRABLE CANDIDATES MS, or PhD candidates in finance, computer science, mathematics, physics, or other quantitative discipline Programming in any of the following: C++, Java, C#, MATLAB, R, Python, or Perl Strong analytical and quantitative skills Demonstrated interest in financial markets and systematic trading Clear,..."
"Point72","Quantitative Research Intern (NLP)","New York","https://boards.greenhouse.io/point72/jobs/8018862002?gh_jid=8018862002","Career page Greenhouse:point72","Confirmed official posting","career_page=https://careers.point72.com/ | company_wrapper=https://careers.point72.com/job?gh_jid=8018862002 | internship timing not stated in title | ROLE/RESPONSIBILTIES: We are seeking a quant research intern to join an NLP quant team within Point72. We believe the significant advances in NLP methods show promise for finance. We develop and launch end-to-end signals, from data processing to performance testing. The ideal candidate will have strong machine learning, data science and software engineering skills, some experience with modern NLP, and a curiosity about finance and trading. Responsibilities may include: Using NLP to construct features from varied datasets Formulating research hypotheses to derive alpha Building and testing the performance of trading signals based on NLP and financial features Launching identified signals into production REQUIREMENTS: Bachelor’s, Master’s or..."
"Point72","Quantitative Researcher - Intern","London, Paris, Hong Kong, Tokyo","https://boards.greenhouse.io/point72/jobs/7297657002?gh_jid=7297657002","Career page Greenhouse:point72","Confirmed official posting","career_page=https://careers.point72.com/ | company_wrapper=https://careers.point72.com/job?gh_jid=7297657002 | internship timing not stated in title | Job Description This is an opportunity for students and researchers of advanced data modeling and statistical learning methods to apply these techniques to market prediction and systematic trading. Job Responsibilities Pre-process (validate, clean, normalize, reduce dimension) very large data sets for model estimation and event studies Identify features and relationships useful for the predictive modeling of market dynamics Desirable Candidates Undergraduate, MS, or PhD candidates in finance, computer science, mathematics, physics, or other quantitative discipline Programming in any of the following: C++, Java, C#, MATLAB, R, Python, or Perl Strong analytical and quantitative skills Demonstrated interest in financial markets and systematic..."
"Point72","Quantitative Researcher Intern","New York","https://boards.greenhouse.io/point72/jobs/7586061002?gh_jid=7586061002","Career page Greenhouse:point72","Confirmed official posting","career_page=https://careers.point72.com/ | company_wrapper=https://careers.point72.com/job?gh_jid=7586061002 | internship timing not stated in title | JOB RESPONSIBILITIES A highly collaborative, fast-growing team, Point72 Internal Alpha Capture (IAC) is developing scalable quantitative equity trading signals that leverage rigorous research, state-of-the-art machine learning methods, a broad range of public and proprietary data sources, and unparalleled computing power. We are looking for exceptional students to join us as quantitative researcher interns for Fall 2026, Spring 2027 and Summer 2027. Our interns will work closely with our team, receive comprehensive, in-depth training, and help develop novel signals that may have real impact. You will gain exposure to a variety of activities, which may include: Conducting full pipeline signal research, from ideation, via implementation and ..."
"Point72","Quantitative Software Developer Intern","New York, London, or Paris","https://boards.greenhouse.io/point72/jobs/7297666002?gh_jid=7297666002","Career page Greenhouse:point72","Confirmed official posting","career_page=https://careers.point72.com/ | company_wrapper=https://careers.point72.com/job?gh_jid=7297666002 | internship timing not stated in title | Job Description We are seeking a small number of highly talented interns to assist in the development, optimization, and monitoring of our production trading platform and research infrastructure. Interns will work on small, highly collaborative teams. Desirable Candidates Undergraduate or graduate candidates in computer science or engineering Significant experience in Python, C++, C, or Java Serious interest in systems programming (e.g. Linux kernel development, compilers, embedded systems, networking, file systems, debuggers) In-depth understanding of how userland programs run on Linux and interact with the kernel Some basic knowledge of Git, databases (e.g. MySQL), and web development frameworks is a plus Clear, concise, and proactive co..."
"Point72","Summer 2027 Quantitative Research Internship","New York","https://boards.greenhouse.io/point72/jobs/7297642002?gh_jid=7297642002","Career page Greenhouse:point72","Confirmed official posting","career_page=https://careers.point72.com/ | company_wrapper=https://careers.point72.com/job?gh_jid=7297642002 | internship timing: Summer 2027 | Please send CVs to KEPL-talent@cubistsystematic.com with “202 7 QR Summer Internship Application” in the subject line. When your application is received, we will consider you for all similar positions at Cubist. About Our Firm: Cubist Systematic Strategies, an affiliate of Point72, deploys systematic, computer-driven trading strategies across multiple liquid asset classes, including equities, futures and foreign exchange. The core of our effort is rigorous research into a wide range of market anomalies, fueled by our unparalleled access to a wide range of publicly available data sources. About Our Team: KEPL is a fast-growing team at Cubist Systematic Strategies. We specialize in trading medium-frequency statistical arbitrage strategies with high..."
"Quadrature Capital","Internships","London, New York","https://job-boards.greenhouse.io/quadraturecapital/jobs/4255974","Greenhouse:quadraturecapital","Confirmed official posting","internship timing not stated in title; undergrad/BS/MS language found"
"Qube Research & Technologies","2026 - Internship, Data Engineering","Paris, London","https://job-boards.greenhouse.io/quberesearchandtechnologies/jobs/8078338002","Greenhouse:quberesearchandtechnologies","Confirmed official posting","internship timing not stated in title; undergrad/BS/MS language found"
"Qube Research & Technologies","2026 - Internship, Quantitative Developer","Zurich","https://job-boards.greenhouse.io/quberesearchandtechnologies/jobs/8169041002","Greenhouse:quberesearchandtechnologies","Confirmed official posting","internship timing not stated in title; undergrad/BS/MS language found"
"Qube Research & Technologies","2026 - Internship, Quantitative Developer","London","https://job-boards.greenhouse.io/quberesearchandtechnologies/jobs/8068131002","Greenhouse:quberesearchandtechnologies","Confirmed official posting","internship timing not stated in title; undergrad/BS/MS language found"
"Qube Research & Technologies","2026 - Internship, Quantitative Research/Trading","Aarhus, Dubai, Geneva, London, Paris, Zurich, Budapest","https://job-boards.greenhouse.io/quberesearchandtechnologies/jobs/8052341002","Greenhouse:quberesearchandtechnologies","Confirmed official posting","internship timing not stated in title; undergrad/BS/MS language found"
"Qube Research & Technologies","2026 Internship - Software Engineer","London","https://job-boards.greenhouse.io/quberesearchandtechnologies/jobs/8562105002","Greenhouse:quberesearchandtechnologies","Confirmed official posting","internship timing not stated in title; graduation eligibility mentions: 2025, 2026; undergrad/BS/MS language found"
"Qube Research & Technologies","2026 Internship/Graduate - Quantitative Research/Trading","Hong Kong, Singapore, Shanghai","https://job-boards.greenhouse.io/quberesearchandtechnologies/jobs/8021267002","Greenhouse:quberesearchandtechnologies","Confirmed official posting","internship timing not stated in title; undergrad/BS/MS language found"
"Qube Research & Technologies","2026 Internship/Graduate - Technology","Hong Kong/Singapore","https://job-boards.greenhouse.io/quberesearchandtechnologies/jobs/8084644002","Greenhouse:quberesearchandtechnologies","Confirmed official posting","internship timing not stated in title; undergrad/BS/MS language found"
"Ramp","Software Engineer Internship, Android","New York, NY (HQ)","https://jobs.ashbyhq.com/ramp/67fadb77-43d8-4449-954b-d4cf2c6d3b8b","Career page Ashby:ramp","Confirmed official posting","career_page=https://jobs.ashbyhq.com/ramp/ | internship timing not stated in title; graduation eligibility mentions: 2026, 2028 | About Ramp Ramp is building the smart infrastructure for finance teams, embedded in the transaction flow of every dollar a business spends. We automate how over $200B in annualized spend flows in and out of 70,000+ companies: authorizing payments, flagging risk, categorizing spend, and closing books. The problems are high-stakes, data-dense, and unforgiving. We hire people with high agency and high urgency. We look for slope over intercept. We care less about where you trained and more about what you’ve built. At Ramp, everyone is a builder who owns problems end to end and makes consequential decisions that shape the outcome. The median Ramp customer saves 5% and grows revenue 16% in their first year – far in excess of businesses operating without Ramp. We bel..."
"Schonfeld","2026 Operational Risk Internship","São Paulo, Brazil","https://job-boards.greenhouse.io/schonfeld/jobs/8044346","Career page Greenhouse:schonfeld","Confirmed official posting","career_page=https://job-boards.greenhouse.io/schonfeld?error=true | company_wrapper=https://job-boards.greenhouse.io/job?gh_jid=8044346 | internship timing not stated in title | The Role We are seeking a technically minded, analytically driven intern to join our Operations division, sitting within the Operational Risk team at Schonfeld, based in our São Paulo office. You’ll work directly with Operations senior management and across peer groups in all areas, while being immersed in the culture and atmosphere of Schonfeld — working alongside talented professionals on high-profile projects. Ops Risk sits at the core of Schonfeld’s control architecture — driving the governance, ownership, and scalability initiatives that underpin a sustainable operating model, built to serve all teams and designed to evolve as the firm grows. Every member of the Operations team plays a critical role in execu..."
"Schonfeld","Quantitative Research / Developer - Intern","Hong Kong, Hong Kong","https://job-boards.greenhouse.io/schonfeld/jobs/7185553","Career page Greenhouse:schonfeld","Confirmed official posting","career_page=https://job-boards.greenhouse.io/schonfeld?error=true | company_wrapper=https://job-boards.greenhouse.io/job?gh_jid=7185553 | internship timing not stated in title | The Role We are looking for a hands-on STRAT / forward-deployed engineer to embed with our multi strategy business. The candidate will sit on the trading floor, shipping full-stack tools that power research, risk, and execution across strategies such as index rebalance, delta-1 and long/short equities. The role will be based in our Hong Kong office. What you’ll do Automate PM/analyst processes— alpha signals, portfolio construction, real-time risk, P&L, scenario and stress analytics. Help build out our proprietary research, portfolio construction and risk management platform. Build end-to-end products: data ingestion, micro-service back-ends, and lightweight front-ends for visualization and workflow. Own SDLC: re..."
"Squarepoint Capital","Intern Quant Researcher","London, Paris, New York, Singapore, Hong Kong","https://www.squarepoint-capital.com/open-opportunities?id=243853&gh_jid=243853","Greenhouse:squarepointcapital","Confirmed official posting","internship timing not stated in title"
"Squarepoint Capital","Intern Software Developer - Singapore - 2027","Singapore ","https://www.squarepoint-capital.com/open-opportunities?id=6201998&gh_jid=6201998","Greenhouse:squarepointcapital","Confirmed official posting","internship timing not stated in title; undergrad/BS/MS language found"
"Stevens Capital Management","Admissions - Stevens Institute of Technology","","https://www.stevens.edu/admissions","Web-discovered lead","Aggregator/web lead; verify on official site","Our ideal NYC-area location and access to Wall Street and Fortune 500 companies means powerful internship, research, and career …"
"Susquehanna International Group","Analytics Internship: Fall 2026","","https://careers-sig.icims.com/jobs/11099/analytics-internship%3a-fall-2026/job","Career page iCIMS:careers-sig","Confirmed official posting","career_page=https://careers-sig.icims.com/ | internship timing: Fall 2026 | Title Analytics Internship: Fall 2026 River's Edge Insurance Solutions, a surplus lines insurance brokerage and managing general underwriter licensed in all 50 states, is looking for a diligent and detail-oriented Analytics Intern to assist with various administrative tasks in our Richmond, VA office. The ideal candidate for this role is a current college student or recent graduate who is eager to gain hands-on experience in a professional setting. You will provide essential support to our team, and have the opportunity to develop your skills and grow in a supportive and dynamic environment. In this role you will: - Provide support to ensure deadlines are met, while maintaining a positive, collaborative work environment - Assist in the analysis and assembly... Experience Level Interns + Co-ops Job Category Additi..."
"Susquehanna International Group","Credit Analyst Internship: Summer 2027","","https://careers-sig.icims.com/jobs/10794/credit-analyst-internship%3a-summer-2027/job","Career page iCIMS:careers-sig","Confirmed official posting","career_page=https://careers-sig.icims.com/ | internship timing: Summer 2027 | Title Credit Analyst Internship: Summer 2027 As a Summer Analyst on Susquehanna's Credit Research team, you will be partnered with our senior analysts and traders to assist in identifying investment opportunities in the credit and bond markets. You will learn to perform in-depth company analysis and provide opinions on how a company&rsquo;s credit profile might change with new information. Through collaboration with our Credit, Equity, and Macro Analysts, and Fixed Income, ETF, and Derivatives Traders, you will gain experience in the financial markets by tracking company news and events and assisting with valuation work. Our ten-week summer internship program introduces you to our unique approach to research through practical... Experience Level Interns + Co-ops Job Category Quantitative Trading + Strategy"
"Susquehanna International Group","Equity Analyst Internship: November 2026","","https://careers-sig.icims.com/jobs/9692/equity-analyst-internship%3a-november-2026/job","Career page iCIMS:careers-sig","Confirmed official posting","career_page=https://careers-sig.icims.com/ | internship timing not stated in title | Title Equity Analyst Internship: November 2026 Susquehanna is looking for penultimate year students who are passionate about the financial markets and event driven research to join our 2026 Equity Analyst Internship Program. Working from our Sydney office, you will partner with our senior equity analysts and traders to assist in identifying trading opportunities in the options and equity markets. You will learn to perform in-depth company analysis around future catalyst events and provide real-time opinions on breaking news throughout the trading day. You will also gain experience in the financial markets by tracking company news and events, assisting with valuation work, and completing other event-driven projects. The internship program serves as our... Experience Level Interns + Co-ops Job Category Equ..."
"Susquehanna International Group","Equity Analyst Internship: Summer 2027","","https://careers-sig.icims.com/jobs/10573/equity-analyst-internship%3a-summer-2027/job","Career page iCIMS:careers-sig","Confirmed official posting","career_page=https://careers-sig.icims.com/ | internship timing: Summer 2027 | Title Equity Analyst Internship: Summer 2027 As a Summer Analyst on Susquehanna's Equity Research team, you will be partnered with our senior analysts and traders to assist in identifying investment opportunities in the equity and options markets. You will learn to perform in-depth company analysis around future catalyst events and provide real-time opinions on breaking news throughout the trading day. You will gain experience in the financial markets by tracking company news and events, assisting with valuation work, and completing event-driven projects. Our ten-week summer internship program introduces you to our unique approach to research through practical experience on a sector-focused team and education in a classroom... Experience Level Interns + Co-ops Job Category Quantitative Trading + Strategy"
"Susquehanna International Group","Equity Analyst Internship: Summer 2027","","https://careers-sig.icims.com/jobs/10723/equity-analyst-internship%3a-summer-2027/job","Career page iCIMS:careers-sig","Confirmed official posting","career_page=https://careers-sig.icims.com/ | internship timing: Summer 2027 | Title Equity Analyst Internship: Summer 2027 As a Summer Analyst on Susquehanna's Equity Research team, you will be partnered with our senior analysts and traders to assist in identifying investment opportunities in the equity and options markets. You will learn to perform in-depth company analysis around future catalyst events and provide real-time opinions on breaking news throughout the trading day. You will gain experience in the financial markets by tracking company news and events, assisting with valuation work, and completing event-driven projects. Our ten-week summer internship program introduces you to our unique approach to research through practical experience on a sector-focused team and education in a classroom... Experience Level Interns + Co-ops Job Category Quantitative Trading + Strategy"
"Susquehanna International Group","Equity Analyst Internship: Summer 2027","","https://careers-sig.icims.com/jobs/11216/equity-analyst-internship%3a-summer-2027/job","Career page iCIMS:careers-sig","Confirmed official posting","career_page=https://careers-sig.icims.com/ | internship timing: Summer 2027 | Title Equity Analyst Internship: Summer 2027 As a Summer Analyst on Susquehanna's Equity Research team, you will be partnered with our senior analysts and traders to assist in identifying investment opportunities in the equity and options markets. You will learn to perform in-depth company analysis around future catalyst events and provide real-time opinions on breaking news throughout the trading day. You will gain experience in the financial markets by tracking company news and events, assisting with valuation work, and completing event-driven projects. Our ten-week summer internship program introduces you to our unique approach to research through practical experience on a sector-focused team and education in a classroom... Experience Level Interns + Co-ops Job Category Quantitative Trading + Strategy"
"Susquehanna International Group","Equity Options AI Co-op with Drexel University","","https://careers-sig.icims.com/jobs/11078/equity-options-ai-co-op-with-drexel-university/job","Career page iCIMS:careers-sig","Confirmed official posting","career_page=https://careers-sig.icims.com/ | internship timing not stated in title | Title Equity Options AI Co-op with Drexel University The Susquehanna Co-op Program gives you an opportunity to apply what you learn in class to real world business scenarios. As an AI Co-op program for a hands-on, high-impact learning experience at the intersection of technology and data. In this role, you will work on real projects that have measurable business impact while receiving mentorship from experienced technologists and business analysts who will support your growth. Susquehanna co-ops will gain a deep understanding of how large language models operate in real-world,... Experience Level Interns + Co-ops Job Category Operations"
"Susquehanna International Group","Equity Research Analyst Internship: Summer 2027","","https://careers-sig.icims.com/jobs/10876/equity-research-analyst-internship%3a-summer-2027/job","Career page iCIMS:careers-sig","Confirmed official posting","career_page=https://careers-sig.icims.com/ | internship timing: Summer 2027 | Title Equity Research Analyst Internship: Summer 2027 When breaking news changes the game, what trade do you recommend in the next 10 seconds? We rely on our Equity Research analysts to be on the front lines of market information to translate it into trading ideas. As an Equity Research intern, you will be responsible for finding opportunities that other market participants may not be capitalizing on, either by discovering new information or considering existing knowledge from a different perspective. You will be embedded in our buy-side strategy-focused trading desk monitoring your own basket of stocks ranging across various sectors such as Macro, Index,... Experience Level Interns + Co-ops Job Category Equity Research"
"Susquehanna International Group","Equity Research Internship: Summer 2027","","https://careers-sig.icims.com/jobs/11085/equity-research-internship%3a-summer-2027/job","Career page iCIMS:careers-sig","Confirmed official posting","career_page=https://careers-sig.icims.com/ | internship timing: Summer 2027 | Title Equity Research Internship: Summer 2027 When breaking news changes the game, what trade do you recommend in the next 10 seconds? We rely on our Equity Research analysts to be on the front lines of market information to translate it into trading ideas. As an Equity Research intern, you will be responsible for finding opportunities that other market participants may not be capitalizing on, either by discovering new information or considering existing knowledge from a different perspective. You will be embedded in our buy-side strategy-focused trading desk monitoring your own basket of stocks ranging across various sectors such as Macro, Index,... Experience Level Interns + Co-ops Job Category Equity Research"
"Susquehanna International Group","Financial Reporting AI Co-op with Drexel University","","https://careers-sig.icims.com/jobs/11137/financial-reporting-ai-co-op-with-drexel-university/job","Career page iCIMS:careers-sig","Confirmed official posting","career_page=https://careers-sig.icims.com/ | internship timing not stated in title | Title Financial Reporting AI Co-op with Drexel University The Susquehanna Co-op Program gives you an opportunity to apply what you learn in class to real world business scenarios. As an AI Co-op program for a hands-on, high-impact learning experience at the intersection of technology and data. In this role, you will work on real projects that have measurable business impact while receiving mentorship from experienced technologists and business analysts who will support your growth. Susquehanna co-ops will gain a deep understanding of how large language models operate in real-world,... Experience Level Interns + Co-ops Job Category Operations"
"Susquehanna International Group","Growth Equity Portfolio Value Creation Analyst Internship: Summer 2027","","https://careers-sig.icims.com/jobs/10716/growth-equity-portfolio-value-creation-analyst-internship%3a-summer-2027/job","Career page iCIMS:careers-sig","Confirmed official posting","career_page=https://careers-sig.icims.com/ | internship timing: Summer 2027 | Title Growth Equity Portfolio Value Creation Analyst Internship: Summer 2027 As a Growth Equity Portfolio Value Creation (PVC) Summer Analyst, you will work with our value creation team, portfolio companies, and the Susquehanna investment team to accelerate growth and increase efficiency. The role offers an opportunity to work with high-growth technology, franchise, and services companies (with $5-100M+ in revenue) on a wide range of strategic topics. You will quickly gain valuable experience interacting directly with portfolio company leadership on go-to-market, pricing, AI, and other strategic projects. Exceptional summer analysts will be considered for full-time opportunities at SGE, contingent on graduation. Experience Level Interns + Co-ops Job Category Growth Equity, Private Equity + Venture Capital"
"Susquehanna International Group","Quantitative Research Internship - Master's: Summer 2027","","https://careers-sig.icims.com/jobs/11121/quantitative-research-internship---master%27s%3a-summer-2027/job","Career page iCIMS:careers-sig","Confirmed official posting","career_page=https://careers-sig.icims.com/ | internship timing: Summer 2027 | Title Quantitative Research Internship - Master's: Summer 2027 As a Quantitative Research Intern at Susquehanna, you will work on projects that model the work of our full-time employees. You will also go through a comprehensive education program and interact with mentors who are at the top of their field, allowing you to build foundational knowledge in quantitative finance. You will have the opportunity to build alphas on an actual trading strategy. Successful intern candidates will participate in a U.S. based internship with full-time placement in our Hong Kong office upon graduation. Visa sponsorship is available for this position. Experience Level Interns + Co-ops Job Category Quantitative Research"
"Susquehanna International Group","Quantitative Research Internship - Master's: Summer 2027","","https://careers-sig.icims.com/jobs/10819/quantitative-research-internship-%e2%80%93-master%27s%3a-summer-2027/job","Career page iCIMS:careers-sig","Confirmed official posting","career_page=https://careers-sig.icims.com/ | internship timing: Summer 2027 | Title Quantitative Research Internship - Master's: Summer 2027 As a Quantitative Research Intern at Susquehanna, you will work on projects that model the work of our full-time employees. You will also go through a comprehensive education program and interact with mentors who are at the top of their field, allowing you to build foundational knowledge in quantitative finance. You will have the opportunity to build alphas on an actual trading strategy. What you can expect - Modelling. Apply probability theory, statistical analysis, and machine learning techniques to predict market behavior and generate alphas - Experience Level Interns + Co-ops Job Category Quantitative Research"
"Susquehanna International Group","Quantitative Research Internship - Master's: Summer 2027","","https://careers-sig.icims.com/jobs/10820/quantitative-research-internship-%e2%80%93-master%27s%3a-summer-2027/job","Career page iCIMS:careers-sig","Confirmed official posting","career_page=https://careers-sig.icims.com/ | internship timing: Summer 2027 | Title Quantitative Research Internship - Master's: Summer 2027 As a Quantitative Research Intern at Susquehanna, you will work on projects that model the work of our full-time employees. You will also go through a comprehensive education program and interact with mentors who are at the top of their field, allowing you to build foundational knowledge in quantitative finance. You will have the opportunity to build alphas on an actual trading strategy. What you can expect - Modelling. Apply probability theory, statistical analysis, and machine learning techniques to predict market behavior and generate alphas - Execution. Create strategies to execute on modelling ideas under simulated competition - Evaluation.... Experience Level Interns + Co-ops Job Category Quantitative Research"
"Susquehanna International Group","Quantitative Research Internship: Summer 2027","","https://careers-sig.icims.com/jobs/10843/quantitative-research-internship%3a-summer-2027/job","Career page iCIMS:careers-sig","Confirmed official posting","career_page=https://careers-sig.icims.com/ | internship timing: Summer 2027 | Title Quantitative Research Internship: Summer 2027 At Susquehanna, quantitative researchers drive innovation from the centre of our trading floor. Leveraging expertise in probability, statistics, numerical analysis, stochastic optimisation, and machine learning, they play a pivotal role in developing and refining our trading strategies. Experience Level Interns + Co-ops Job Category Quantitative Research"
"Susquehanna International Group","Quantitative Research Internship: Summer 2027","","https://careers-sig.icims.com/jobs/11007/quantitative-research-internship%3a-summer-2027/job","Career page iCIMS:careers-sig","Confirmed official posting","career_page=https://careers-sig.icims.com/ | internship timing: Summer 2027 | Title Quantitative Research Internship: Summer 2027 At Susquehanna, quantitative researchers drive innovation from the centre of our trading floor. Leveraging expertise in probability, statistics, numerical analysis, stochastic optimisation, and machine learning, they play a pivotal role in developing and refining our trading strategies. We are looking for PhD and research master&rsquo;s students in their penultimate year of study to join our 10-week quantitative research summer internship. Run by a team of dedicated senior traders and quantitative researchers, our education programme is widely recognised as being the... Experience Level Interns + Co-ops Job Category Quantitative Research"
"Susquehanna International Group","Quantitative Strategy Developer Internship: Summer 2027","","https://careers-sig.icims.com/jobs/10838/quantitative-strategy-developer-internship%3a-summer-2027/job","Career page iCIMS:careers-sig","Confirmed official posting","career_page=https://careers-sig.icims.com/ | internship timing: Summer 2027 | Title Quantitative Strategy Developer Internship: Summer 2027 Susquehanna is looking for highly motivated full-time students for our 10-week quantitative strategy development summer internship program. This is a computationally intensive role that will allow you to use your strong technical skills to solve problems at the intersection of trading, quant and technology. Throughout the summer, you will receive education about how markets work by going through a deep dive into financial markets and Susquehanna&rsquo;s approach to trading. You will also work on challenging projects for our trading strategy development teams in spaces such as signal creation and detection, quantitative strategy analysis, and low latency C++ strategy development. Additionally, you&rsquo;ll have the opportunity to work on projects side..."
"Susquehanna International Group","Quantitative Strategy Developer Internship: Summer 2027","","https://careers-sig.icims.com/jobs/11170/quantitative-strategy-developer-internship%3a-summer-2027/job","Career page iCIMS:careers-sig","Confirmed official posting","career_page=https://careers-sig.icims.com/ | internship timing: Summer 2027 | Title Quantitative Strategy Developer Internship: Summer 2027 Susquehanna is looking for highly motivated full-time students for our 10-week quantitative strategy development summer internship program based at our US Headquarters. This program offers students currently enrolled at universities in Hong Kong or Singapore the opportunity to intern in the US with the intention of long-term placement in our Hong Kong office. This is a computationally intensive role that will allow you to use your strong technical skills to solve problems at the intersection of trading, quant and technology. Throughout the summer, you will receive education about how markets work by going through a deep dive into financial markets and... Experience Level Interns + Co-ops Job Category Technology - Software Engineering"
"Susquehanna International Group","Quantitative Strategy Developer Internship: Summer 2027","Bala Cynwyd (Philadelphia Area), Pennsylvania","https://careers.sig.com/global-campus/jobs/10838?lang=en-us","Official careers page","Confirmed official posting","internship timing: Summer 2027"
"Susquehanna International Group","Quantitative Systematic Trading Internship - Master's: Summer 2027","","https://careers-sig.icims.com/jobs/11122/quantitative-systematic-trading-internship---master%27s%3a-summer-2027/job","Career page iCIMS:careers-sig","Confirmed official posting","career_page=https://careers-sig.icims.com/ | internship timing: Summer 2027 | Title Quantitative Systematic Trading Internship - Master's: Summer 2027 As a Quantitative Systematic Trading Intern at Susquehanna, you will work on projects that model the work of our full-time employees. You will also go through a comprehensive education program and interact with mentors who are at the top of their field, allowing you to build foundational knowledge in quantitative finance. You will have the opportunity to build alphas on an actual trading strategy. Successful intern candidates will participate in a U.S. based internship with full-time placement in our Hong Kong office upon graduation. Visa sponsorship is available for this position Experience Level Interns + Co-ops Job Category Quantitative Trading + Strategy"
"Susquehanna International Group","Quantitative Systematic Trading Internship - Master's: Summer 2027","","https://careers-sig.icims.com/jobs/10823/quantitative-systematic-trading-internship-%e2%80%93-master%27s%3a-summer-2027/job","Career page iCIMS:careers-sig","Confirmed official posting","career_page=https://careers-sig.icims.com/ | internship timing: Summer 2027 | Title Quantitative Systematic Trading Internship - Master's: Summer 2027 As a quantitative Systematic Trading Intern at Susquehanna, you will work on projects that model the work of our full-time employees. You will also go through a comprehensive education program and interact with mentors who are at the top of their field, allowing you to build foundational knowledge in quantitative finance. You will have the opportunity to build alphas on an actual trading strategy. What you can expect - Modelling. Apply probability theory, statistical analysis, and machine learning techniques to predict market behavior and generate alphas - Execution. Create strategies to execute on modelling ideas under simulated competition - Evaluation. Backtest... Experience Level Interns + Co-ops Job Category Quantitative Trading + Str..."
"Susquehanna International Group","Quantitative Systematic Trading Internship - Master's: Summer 2027","","https://careers-sig.icims.com/jobs/10824/quantitative-systematic-trading-internship-%e2%80%93-master%27s%3a-summer-2027/job","Career page iCIMS:careers-sig","Confirmed official posting","career_page=https://careers-sig.icims.com/ | internship timing: Summer 2027 | Title Quantitative Systematic Trading Internship - Master's: Summer 2027 As a Quantitative Systematic Trading Intern at Susquehanna, you will work on projects that model the work of our full-time employees. You will also go through a comprehensive education program and interact with mentors who are at the top of their field, allowing you to build foundational knowledge in quantitative finance. You will have the opportunity to build alphas on an actual trading strategy. What you can expect - Modelling. Apply probability theory, statistical analysis, and machine learning techniques to predict market behavior and generate alphas - Execution. Create strategies to execute on modelling ideas under simulated competition - Evaluation.... Experience Level Interns + Co-ops Job Category Quantitative Trading + Strategy"
"Susquehanna International Group","Quantitative Systematic Trading Internship: Summer 2027","","https://careers-sig.icims.com/jobs/10841/quantitative-systematic-trading-internship%3a-summer-2027/job","Career page iCIMS:careers-sig","Confirmed official posting","career_page=https://careers-sig.icims.com/ | internship timing: Summer 2027 | Title Quantitative Systematic Trading Internship: Summer 2027 Quantitative systematic traders represent a true hybrid of our core disciplines: trading, technology, and quantitative research. Drawing on their technical proficiency, research experience, and understanding of trading, quantitative systematic traders&rsquo; work involves Experience Level Interns + Co-ops Job Category Quantitative Trading + Strategy"
"Susquehanna International Group","Quantitative Systematic Trading Internship: Summer 2027","","https://careers-sig.icims.com/jobs/11006/quantitative-systematic-trading-internship%3a-summer-2027/job","Career page iCIMS:careers-sig","Confirmed official posting","career_page=https://careers-sig.icims.com/ | internship timing: Summer 2027 | Title Quantitative Systematic Trading Internship: Summer 2027 Quantitative systematic traders represent a true hybrid of our core disciplines: trading, technology, and quantitative research. Drawing on their technical proficiency, research experience, and understanding of trading, quantitative systematic traders&rsquo; work involves identifying trading signals, developing strategies, and collaborating extensively with members of the trading, quantitative research, and technology teams. Our quantitative systematic trading summer internship runs for 10 weeks. Managed by a team of dedicated senior traders and quantitative researchers,... Experience Level Interns + Co-ops Job Category Quantitative Trading + Strategy"
"Susquehanna International Group","Quantitative Trader Internship: Summer 2027","","https://careers-sig.icims.com/jobs/10717/quantitative-trader-internship%3a-summer-2027/job","Career page iCIMS:careers-sig","Confirmed official posting","career_page=https://careers-sig.icims.com/ | internship timing: Summer 2027 | Title Quantitative Trader Internship: Summer 2027 Susquehanna&rsquo;s trading internship provides a distinctive opportunity to learn about quantitative trading. Splitting their day between working on a trading desk and education in a classroom setting, interns receive the best preparation possible for careers in quant trading. During their time on the trading floor, interns will be fully embedded within a trading desk, working side by side with an experienced trader who will serve as a mentor. While in education, interns will receive industry-leading training in options theory and decision science from traders fully dedicated to trader development. Students with a STEM background can leverage their quantitative skills and learn how... Experience Level Interns + Co-ops Job Category Quantitative Trading + Strateg..."
"Susquehanna International Group","Quantitative Trader Internship: Summer 2027","","https://careers-sig.icims.com/jobs/10718/quantitative-trader-internship%3a-summer-2027/job","Career page iCIMS:careers-sig","Confirmed official posting","career_page=https://careers-sig.icims.com/ | internship timing: Summer 2027 | Title Quantitative Trader Internship: Summer 2027 Susquehanna&rsquo;s trading internship provides a distinctive opportunity to learn about quantitative trading. Splitting their day between working on a trading desk and education in a classroom setting, interns receive the best preparation possible for careers in quant trading. During their time on the trading floor, interns will be fully embedded within a trading desk, working side by side with an experienced trader who will serve as a mentor. While in education, interns will receive industry-leading training in options theory and decision science from traders fully dedicated to trader development. Students with a STEM background can leverage their quantitative skills and learn how... Experience Level Interns + Co-ops Job Category Quantitative Trading + Strateg..."
"Susquehanna International Group","Quantitative Trader Internship: Summer 2027","","https://careers-sig.icims.com/jobs/10849/quantitative-trader-internship%3a-summer-2027/job","Career page iCIMS:careers-sig","Confirmed official posting","career_page=https://careers-sig.icims.com/ | internship timing: Summer 2027 | Title Quantitative Trader Internship: Summer 2027 Susquehanna&rsquo;s trading internship provides a distinctive opportunity to learn about quantitative trading. Splitting their day between working on a trading desk and education in a classroom setting, interns receive the best preparation possible for careers in quant trading. During their time on the trading floor, interns will be fully embedded within a trading desk, working side by side with an experienced trader who will serve as a mentor. While in education, interns will receive industry-leading training in options theory and decision science from traders fully dedicated to trader development. Students with a STEM background can leverage their quantitative skills and learn how... Experience Level Interns + Co-ops Job Category Quantitative Trading + Strateg..."
"Susquehanna International Group","Quantitative Trader Internship: Summer 2027","Bala Cynwyd (Philadelphia Area), Pennsylvania","https://careers.sig.com/jobs/10717?lang=en-us","Official careers page","Confirmed official posting","internship timing: Summer 2027"
"Susquehanna International Group","Quantitative Trading Internship: Summer 2027","","https://careers-sig.icims.com/jobs/10839/quantitative-trading-internship%3a-summer-2027/job","Career page iCIMS:careers-sig","Confirmed official posting","career_page=https://careers-sig.icims.com/ | internship timing: Summer 2027 | Title Quantitative Trading Internship: Summer 2027 Susquehanna&rsquo;s 10-week quantitative trading internship offers a rare insight into working at one of the world&rsquo;s leading quantitative trading firms. Designed for intellectually curious and driven individuals with strong quantitative skillsets, our internship combines rigorous classroom-based education with real-world trading experience. Experience Level Interns + Co-ops Job Category Quantitative Trading + Strategy"
"Susquehanna International Group","Quantitative Trading Internship: Summer 2027","","https://careers-sig.icims.com/jobs/11005/quantitative-trading-internship%3a-summer-2027/job","Career page iCIMS:careers-sig","Confirmed official posting","career_page=https://careers-sig.icims.com/ | internship timing: Summer 2027 | Title Quantitative Trading Internship: Summer 2027 Susquehanna&rsquo;s 10-week quantitative trading internship offers a rare insight into working at one of the world&rsquo;s leading quantitative trading firms. Designed for intellectually curious and driven individuals with strong quantitative skillsets, our internship combines rigorous classroom-based education with real-world trading experience. Run by a team of dedicated senior traders, our education programme is widely recognised as being the best in the industry. Our classroom-based education covers topics such as ETF and options trading, game theory, and programming. Don&rsquo;t worry if you... Experience Level Interns + Co-ops Job Category Quantitative Trading + Strategy"
"Susquehanna International Group","Trading System Engineering Internship: Summer 2027","Bala Cynwyd (Philadelphia Area), Pennsylvania","https://careers.sig.com/technology-software-engineering/jobs/10837?lang=en-us","Official careers page","Confirmed official posting","internship timing: Summer 2027"
"Synchrony","BLP Intern - Credit","Stamford Hub","https://synchronyfinancial.wd5.myworkdayjobs.com/University/job/Stamford-Hub/BLP-Intern---Credit_2601687","Career page Workday:synchronyfinancial/University","Confirmed official posting","career_page=https://synchronyfinancial.wd5.myworkdayjobs.com/University | Posted 30+ Days Ago | 2601687"
"Synchrony","BLP Intern - Finance","Stamford Hub","https://synchronyfinancial.wd5.myworkdayjobs.com/University/job/Stamford-Hub/BLP-Intern---Finance_2601689","Career page Workday:synchronyfinancial/University","Confirmed official posting","career_page=https://synchronyfinancial.wd5.myworkdayjobs.com/University | Posted 30+ Days Ago | 2601689"
"Synchrony","BLP Intern – Data Analytics","Stamford Hub","https://synchronyfinancial.wd5.myworkdayjobs.com/University/job/Stamford-Hub/BLP-Intern---Data-Analytics_2601688","Career page Workday:synchronyfinancial/University","Confirmed official posting","career_page=https://synchronyfinancial.wd5.myworkdayjobs.com/University | Posted 30+ Days Ago | 2601688"
"Synchrony","BLP Intern – Risk","Stamford Hub","https://synchronyfinancial.wd5.myworkdayjobs.com/University/job/Stamford-Hub/BLP-Intern---Risk_2601693","Career page Workday:synchronyfinancial/University","Confirmed official posting","career_page=https://synchronyfinancial.wd5.myworkdayjobs.com/University | Posted 30+ Days Ago | 2601693"
"Synchrony","BLP Intern – Technology","Stamford Hub","https://synchronyfinancial.wd5.myworkdayjobs.com/University/job/Stamford-Hub/BLP-Intern---Technology_2601695-1","Career page Workday:synchronyfinancial/University","Confirmed official posting","career_page=https://synchronyfinancial.wd5.myworkdayjobs.com/University | Posted 30+ Days Ago | 2601695"
"Synchrony","Emerging Technology Intern - Fall 2026","University of Illinois Hub","https://synchronyfinancial.wd5.myworkdayjobs.com/University/job/University-of-Illinois-Hub/Emerging-Technology-Intern---Fall-2026_2601747-1","Career page Workday:synchronyfinancial/University","Confirmed official posting","career_page=https://synchronyfinancial.wd5.myworkdayjobs.com/University | Posted 30+ Days Ago | 2601747"
"Synchrony","Software Engineer Intern - Fall 2026","3 Locations","https://synchronyfinancial.wd5.myworkdayjobs.com/University/job/Canton-Engagement-Hub-OH/Software-Engineer-Intern---Fall-2026_2601751-1","Career page Workday:synchronyfinancial/University","Confirmed official posting","career_page=https://synchronyfinancial.wd5.myworkdayjobs.com/University | Posted 30+ Days Ago | 2601751"
"Synchrony","Technology Intern - Fall 2026","Other Remote NY","https://synchronyfinancial.wd5.myworkdayjobs.com/University/job/Other-Remote-NY/Technology-Intern---Fall-2026_2601748","Career page Workday:synchronyfinancial/University","Confirmed official posting","career_page=https://synchronyfinancial.wd5.myworkdayjobs.com/University | Posted 30+ Days Ago | 2601748"
"Synchrony","UConn Stamford Digital Technology Center Intern - Fall 2026","Stamford Hub","https://synchronyfinancial.wd5.myworkdayjobs.com/University/job/Stamford-Hub/UConn-Stamford-Digital-Technology-Center-Intern---Fall-2026_2601749-1","Career page Workday:synchronyfinancial/University","Confirmed official posting","career_page=https://synchronyfinancial.wd5.myworkdayjobs.com/University | Posted 30+ Days Ago | 2601749"
"Tower Research Capital","Business Analytics Intern - 6 Month Internship Opportunity","Amsterdam","https://www.tower-research.com/open-positions/?gh_jid=8041512","Career page Greenhouse:towerresearchcapital","Confirmed official posting","career_page=https://tower-research.com/open-positions/ | company_wrapper=https://tower-research.com/open-positions/job?gh_jid=8041512 | internship timing not stated in title | Tower Research Capital is a leading quantitative trading firm founded in 1998. Tower has built its business on a high-performance platform and independent trading teams. We have a 25+ year track record of innovation and a reputation for discovering unique market opportunities. Tower is home to some of the world’s best systematic trading and engineering talent. We empower portfolio managers to build their teams and strategies independently while providing the economies of scale that come from a large, global organization. Engineers thrive at Tower while developing electronic trading infrastructure at a world class level. Our engineers solve challenging problems in the realms of low-latency programming, FPGA technolo..."
"Tower Research Capital","Junior Execution Trader Intern","Gift City","https://www.tower-research.com/open-positions/?gh_jid=8091833","Career page Greenhouse:towerresearchcapital","Confirmed official posting","career_page=https://tower-research.com/open-positions/ | company_wrapper=https://tower-research.com/open-positions/job?gh_jid=8091833 | internship timing not stated in title | Tower Research Capital is a leading quantitative trading firm founded in 1998. Tower has built its business on a high-performance platform and independent trading teams. We have a 25+ year track record of innovation and a reputation for discovering unique market opportunities. Tower is home to some of the world’s best systematic trading and engineering talent. We empower portfolio managers to build their teams and strategies independently while providing the economies of scale that come from a large, global organization. Engineers thrive at Tower while developing electronic trading infrastructure at a world class level. Our engineers solve challenging problems in the realms of low-latency programming, FPGA technolo..."
"Tower Research Capital","Quantitative Developer Intern - Summer 2027","New York, Chicago","https://www.tower-research.com/open-positions/?gh_jid=8044334","Career page Greenhouse:towerresearchcapital","Confirmed official posting","career_page=https://tower-research.com/open-positions/ | company_wrapper=https://tower-research.com/open-positions/job?gh_jid=8044334 | internship timing: Summer 2027 | Tower Research Capital is a leading quantitative trading firm founded in 1998. Tower has built its business on a high-performance platform and independent trading teams. We have a 25+ year track record of innovation and a reputation for discovering unique market opportunities. Tower is home to some of the world’s best systematic trading and engineering talent. We empower portfolio managers to build their teams and strategies independently while providing the economies of scale that come from a large, global organization. Engineers thrive at Tower while developing electronic trading infrastructure at a world class level. Our engineers solve challenging problems in the realms of low-latency programming, FPGA technology, har..."
"Tower Research Capital","Quantitative Trader Intern - Summer 2027","New York, Chicago","https://www.tower-research.com/open-positions/?gh_jid=8024128","Career page Greenhouse:towerresearchcapital","Confirmed official posting","career_page=https://tower-research.com/open-positions/ | company_wrapper=https://tower-research.com/open-positions/job?gh_jid=8024128 | internship timing: Summer 2027 | Tower Research Capital is a leading quantitative trading firm founded in 1998. Tower has built its business on a high-performance platform and independent trading teams. We have a 25+ year track record of innovation and a reputation for discovering unique market opportunities. Tower is home to some of the world’s best systematic trading and engineering talent. We empower portfolio managers to build their teams and strategies independently while providing the economies of scale that come from a large, global organization. Engineers thrive at Tower while developing electronic trading infrastructure at a world class level. Our engineers solve challenging problems in the realms of low-latency programming, FPGA technology, har..."
"Tower Research Capital","Risk Intern - 6 Month Internship Opportunity","Singapore","https://www.tower-research.com/open-positions/?gh_jid=7789933","Career page Greenhouse:towerresearchcapital","Confirmed official posting","career_page=https://tower-research.com/open-positions/ | company_wrapper=https://tower-research.com/open-positions/job?gh_jid=7789933 | internship timing not stated in title | Tower Research Capital is a leading quantitative trading firm founded in 1998. Tower has built its business on a high-performance platform and independent trading teams. We have a 25+ year track record of innovation and a reputation for discovering unique market opportunities. Tower is home to some of the world’s best systematic trading and engineering talent. We empower portfolio managers to build their teams and strategies independently while providing the economies of scale that come from a large, global organization. Engineers thrive at Tower while developing electronic trading infrastructure at a world class level. Our engineers solve challenging problems in the realms of low-latency programming, FPGA technolo..."
"TPG","Climate Digest, Intern | Fall Research Assistant","Remote United States of America","https://job-boards.greenhouse.io/tpgcareers/jobs/7789334003","Career page Greenhouse:tpgcareers","Confirmed official posting","career_page=https://job-boards.greenhouse.io/tpgcareers | company_wrapper=https://job-boards.greenhouse.io/job?gh_jid=7789334003 | internship timing: Fall | Location: Remote Must be located in one of the following states during the internship: AZ, CA, DC, FL, GA, IL, NJ, NY, TN, TX, VA, WI, AR, CO, IN, KY, LA, MA, MI, MN, MO, NE, NH, NC, OH, PA, SC, UT, WA, WY If physically located near a TPG office, working in-person may be an option Duration: Late-August–Mid-December 2026 Compensation : $20/hour Time Commitment: 20 hours per week About TPG TPG is a leading global alternative asset management firm, founded in San Francisco in 1992. TPG invests across a broadly diversified set of strategies, including private equity, impact, credit, real estate, and market solutions, and our unique strategy is driven by collaboration, innovation, and inclusion. Our teams combine deep product and sector e..."
"TPG","Climate Impact, Intern | Fall Research Assistant","Remote United States of America","https://job-boards.greenhouse.io/tpgcareers/jobs/7789335003","Career page Greenhouse:tpgcareers","Confirmed official posting","career_page=https://job-boards.greenhouse.io/tpgcareers | company_wrapper=https://job-boards.greenhouse.io/job?gh_jid=7789335003 | internship timing: Fall | Location: Remote Must be located in one of the following states during the internship: AZ, CA, DC, FL, GA, IL, NJ, NY, TN, TX, VA, WI, AR, CO, IN, KY, LA, MA, MI, MN, MO, NE, NH, NC, OH, PA, SC, UT, WA, WY If physically located near a TPG office, working in-person may be an option Duration: Late-August–Mid-December 2026 Compensation : $20/hour Time Commitment: 20 hours per week About TPG TPG is a leading global alternative asset management firm, founded in San Francisco in 1992. TPG invests across a broadly diversified set of strategies, including private equity, impact, credit, real estate, and market solutions, and our unique strategy is driven by collaboration, innovation, and inclusion. Our teams combine deep product and sector e..."
"TransMarket Group","Algorithmic Trader Intern","Chicago, Illinois, United States","https://job-boards.greenhouse.io/transmarketgroup/jobs/5151581007?gh_jid=5151581007","Career page Greenhouse:transmarketgroup","Confirmed official posting","career_page=https://www.transmarketgroup.com/careers | company_wrapper=https://www.transmarketgroup.com/job?gh_jid=5151581007 | internship timing not stated in title; graduation eligibility mentions: 2027, 2028 | Who We Are Founded in 1980 as Aardvark Financial, TransMarket Group (TMG) is a privately held global markets proprietary trading firm in Chicago. We use next-generation technology to capture opportunities around the world and manage risk in financial markets. Our mission is to bless others through the services we provide and through the generous stewardship of the wealth we create. TMG is a well-established and profitable business as a respected member of the global financial system for over 40 years, but also is like a startup because the potential of our group is at least one order of magnitude greater than what we are currently producing. We have an entrepreneurial culture an..."
"TransMarket Group","DevOps/SRE Intern","Chicago, Illinois, United States","https://job-boards.greenhouse.io/transmarketgroup/jobs/5151577007?gh_jid=5151577007","Career page Greenhouse:transmarketgroup","Confirmed official posting","career_page=https://www.transmarketgroup.com/careers | company_wrapper=https://www.transmarketgroup.com/job?gh_jid=5151577007 | internship timing not stated in title | Who We Are Founded in 1980 as Aardvark Financial, TransMarket Group (TMG) is a privately held global markets proprietary trading firm in Chicago. We use next-generation technology to capture opportunities around the world and manage risk in financial markets. Our mission is to bless others through the services we provide and through the generous stewardship of the wealth we create. TMG is a well-established and profitable business as a respected member of the global financial system for over 40 years, but also is like a startup because the potential of our group is at least one order of magnitude greater than what we are currently producing. We have an entrepreneurial culture and collaboratively develop our business with p..."
"TransMarket Group","Quantitative Trader Intern","Chicago, Illinois, United States","https://job-boards.greenhouse.io/transmarketgroup/jobs/5151569007?gh_jid=5151569007","Career page Greenhouse:transmarketgroup","Confirmed official posting","career_page=https://www.transmarketgroup.com/careers | company_wrapper=https://www.transmarketgroup.com/job?gh_jid=5151569007 | internship timing not stated in title; graduation eligibility mentions: 2027, 2028 | Who We Are Founded in 1980 as Aardvark Financial, TransMarket Group (TMG) is a privately held global markets proprietary trading firm in Chicago. We use next-generation technology to capture opportunities around the world and manage risk in financial markets. Our mission is to bless others through the services we provide and through the generous stewardship of the wealth we create. TMG is a well-established and profitable business as a respected member of the global financial system for over 40 years, but also is like a startup because the potential of our group is at least one order of magnitude greater than what we are currently producing. We have an entrepreneurial culture an..."
"Trillium","Summer 2027 Equity Trader Internship","Miami","https://www.trlm.com/apply/5076067007?gh_jid=5076067007","Career page Greenhouse:trillium","Confirmed official posting","career_page=https://www.trlm.com/careers-trader/ | company_wrapper=https://www.trlm.com/careers-trader/job?gh_jid=5076067007 | internship timing: Summer 2027; graduation eligibility mentions: 2028 | Trillium is a leading proprietary trading firm active in US Equities, US Options, Canadian Equities, and OTC Equities. With trading technology built, tested, and optimized in-house, our engineers and technologists collaborate with our traders to deliver tools and functionality designed to support their needs. Our passion for the markets and our drive to succeed have propelled our track record of growth and profitability for over 20 years. At Trillium, we are a team of problem solvers and independent thinkers dedicated to seizing market opportunities. We are headquartered in New York City, with additional trading floors in Chicago and Miami. To learn more about Trillium, visit www.trlm.com *Th..."
"Trillium","Summer 2027 Equity Trader Internship","NYC","https://www.trlm.com/apply/5076003007?gh_jid=5076003007","Career page Greenhouse:trillium","Confirmed official posting","career_page=https://www.trlm.com/careers-trader/ | company_wrapper=https://www.trlm.com/careers-trader/job?gh_jid=5076003007 | internship timing: Summer 2027; graduation eligibility mentions: 2028 | Trillium is a leading proprietary trading firm active in US Equities, US Options, Canadian Equities, and OTC Equities. With trading technology built, tested, and optimized in-house, our engineers and technologists collaborate with our traders to deliver tools and functionality designed to support their needs. Our passion for the markets and our drive to succeed have propelled our track record of growth and profitability for over 20 years. At Trillium, we are a team of problem solvers and independent thinkers dedicated to seizing market opportunities. We are headquartered in New York City, with additional trading floors in Chicago and Miami. To learn more about Trillium, visit www.trlm.com *Th..."
"Trillium","Summer 2027 Equity Trader Internship","Chicago","https://www.trlm.com/apply/5076017007?gh_jid=5076017007","Career page Greenhouse:trillium","Confirmed official posting","career_page=https://www.trlm.com/careers-trader/ | company_wrapper=https://www.trlm.com/careers-trader/job?gh_jid=5076017007 | internship timing: Summer 2027; graduation eligibility mentions: 2028 | Trillium is a leading proprietary trading firm active in US Equities, US Options, Canadian Equities, and OTC Equities. With trading technology built, tested, and optimized in-house, our engineers and technologists collaborate with our traders to deliver tools and functionality designed to support their needs. Our passion for the markets and our drive to succeed have propelled our track record of growth and profitability for over 20 years. At Trillium, we are a team of problem solvers and independent thinkers dedicated to seizing market opportunities. We are headquartered in New York City, with additional trading floors in Chicago and Miami. To learn more about Trillium, visit www.trlm.com *Th..."
"Vatic Investments","AI Research Internship (UAE)","Abu Dhabi","https://job-boards.greenhouse.io/vaticlabs/jobs/7268318","Career page Greenhouse:vaticlabs","Confirmed official posting","career_page=https://www.vaticlabs.ai/careers/ | company_wrapper=https://www.vaticlabs.ai/careers/job?gh_jid=7268318 | internship timing not stated in title | Vatic Labs is a quantitative trading firm in New York and Abu Dhabi. Our traders, AI researchers, and technologists collaborate to develop autonomous trading agents and cutting edge technology. As an AI Research Intern at Vatic Labs, you will contribute to the research and development of fully autonomous trading agents with some of the brightest researchers, traders, and technologists in the world. As a part of your internship at Vatic Labs, you will explore vast amounts of market data, research different AI approaches, apply cutting edge machine learning algorithms and statistical approaches to this data to discover and capitalize on trading opportunities. We are seeking researchers who have demonstrated the ability to generate imp..."
"Virtu Financial","2027 Internship - Frontend Engineer (UI)","New York","https://job-boards.greenhouse.io/virtu/jobs/8657500002","Career page Greenhouse:virtu","Confirmed official posting","career_page=https://www.virtu.com/careers/ | company_wrapper=https://www.virtu.com/careers/job?gh_jid=8657500002 | internship timing not stated in title | Virtu is an industry-leading financial technology firm that operates both proprietary trading and client-facing businesses in the global financial marketplace. Our cutting edge, proprietary technology is core to everything we do. We trade in over 35 countries, across 235 financial exchanges and over 25% of retail order flow in the US. is serviced by Virtu. Our team is a dedicated group of traders, quants and developers that are inspired by the unique and exciting challenges we solve every day. Our culture combines the creativity of a fast paced start up, with the stability of a disciplined financial services firm. We are a flat organization and encourage our people to innovate and lean on their teammates for support and collaboration. ..."
"Virtu Financial","2027 Internship - Quantitative Researcher (Master or PhD)","Dublin, Ireland","https://job-boards.greenhouse.io/virtu/jobs/8631180002","Career page Greenhouse:virtu","Confirmed official posting","career_page=https://www.virtu.com/careers/ | company_wrapper=https://www.virtu.com/careers/job?gh_jid=8631180002 | internship timing not stated in title | Virtu is an industry-leading financial technology firm that operates both proprietary trading and client-facing businesses in the global financial marketplace. Our cutting edge, proprietary technology is core to everything we do. We trade in over 35 countries, across 235 financial exchanges and over 25% of retail order flow in the US. is serviced by Virtu. Our team is a dedicated group of traders, quants and developers that are inspired by the unique and exciting challenges we solve every day. Our culture combines the creativity of a fast paced start up, with the stability of a disciplined financial services firm. We are a flat organization and encourage our people to innovate and lean on their teammates for support and collaboration. ..."
"Virtu Financial","2027 Internship - Quantitative Researcher (Undergrad)","New York","https://job-boards.greenhouse.io/virtu/jobs/8142539002","Career page Greenhouse:virtu","Confirmed official posting","career_page=https://www.virtu.com/careers/ | company_wrapper=https://www.virtu.com/careers/job?gh_jid=8142539002 | internship timing not stated in title | Virtu is an industry-leading financial technology firm that operates both proprietary trading and client-facing businesses in the global financial marketplace. Our cutting edge, proprietary technology is core to everything we do. We trade in over 35 countries, across 235 financial exchanges and over 25% of retail order flow in the US. is serviced by Virtu. Our team is a dedicated group of traders, quants and developers that are inspired by the unique and exciting challenges we solve every day. Our culture combines the creativity of a fast paced start up, with the stability of a disciplined financial services firm. We are a flat organization and encourage our people to innovate and lean on their teammates for support and collaboration. ..."
"Virtu Financial","2027 Internship - Quantitative Strategist","Singapore","https://job-boards.greenhouse.io/virtu/jobs/7617953002","Career page Greenhouse:virtu","Confirmed official posting","career_page=https://www.virtu.com/careers/ | company_wrapper=https://www.virtu.com/careers/job?gh_jid=7617953002 | internship timing not stated in title | Virtu is an industry-leading financial technology firm that operates both proprietary trading and client-facing businesses in the global financial marketplace. Our cutting edge, proprietary technology is core to everything we do. We trade in over 35 countries, across 235 financial exchanges and over 25% of retail order flow in the US. is serviced by Virtu. Our team is a dedicated group of traders, quants and developers that are inspired by the unique and exciting challenges we solve every day. Our culture combines the creativity of a fast paced start up, with the stability of a disciplined financial services firm. We are a flat organization and encourage our people to innovate and lean on their teammates for support and collaboration. ..."
"Virtu Financial","2027 Internship - Quantitative Trading","Singapore","https://job-boards.greenhouse.io/virtu/jobs/5208637002","Career page Greenhouse:virtu","Confirmed official posting","career_page=https://www.virtu.com/careers/ | company_wrapper=https://www.virtu.com/careers/job?gh_jid=5208637002 | internship timing not stated in title | Virtu is an industry-leading financial technology firm that operates both proprietary trading and client-facing businesses in the global financial marketplace. Our cutting edge, proprietary technology is core to everything we do. We trade in over 35 countries, across 235 financial exchanges and over 25% of retail order flow in the US. is serviced by Virtu Our team is a dedicated group of traders, quants and developers that are inspired by the unique and exciting challenges we solve every day. Our culture combines the creativity of a fast paced start up, with the stability of a disciplined financial services firm. We are a flat organization and encourage our people to innovate and lean on their teammates for support and collaboration. W..."
"Virtu Financial","2027 Internship - Quantitative Trading","Austin, TX; Chicago; New York","https://job-boards.greenhouse.io/virtu/jobs/8624408002","Career page Greenhouse:virtu","Confirmed official posting","career_page=https://www.virtu.com/careers/ | company_wrapper=https://www.virtu.com/careers/job?gh_jid=8624408002 | internship timing not stated in title | Virtu is an industry-leading financial technology firm that operates both proprietary trading and client-facing businesses in the global financial marketplace. Our cutting edge, proprietary technology is core to everything we do. We trade in over 35 countries, across 235 financial exchanges and over 25% of retail order flow in the US. is serviced by Virtu. Our team is a dedicated group of traders, quants and developers that are inspired by the unique and exciting challenges we solve every day. Our culture combines the creativity of a fast paced start up, with the stability of a disciplined financial services firm. We are a flat organization and encourage our people to innovate and lean on their teammates for support and collaboration. ..."
"Virtu Financial","2027 Internship - Quantitative Trading","Dublin, Ireland","https://job-boards.greenhouse.io/virtu/jobs/8547254002","Career page Greenhouse:virtu","Confirmed official posting","career_page=https://www.virtu.com/careers/ | company_wrapper=https://www.virtu.com/careers/job?gh_jid=8547254002 | internship timing not stated in title; graduation eligibility mentions: 2028 | Virtu is an industry-leading financial technology firm that operates both proprietary trading and client-facing businesses in the global financial marketplace. Our cutting edge, proprietary technology is core to everything we do. We trade in over 35 countries, across 235 financial exchanges and over 25% of retail order flow in the US is serviced by Virtu. Our team is a dedicated group of traders, quants and developers that are inspired by the unique and exciting challenges we solve every day. Our culture combines the creativity of a fast paced start up with the stability of a disciplined financial services firm. We are a flat organisation and encourage our people to innovate and lean on their team..."
"Virtu Financial","2027 Internship - Software Engineer","Dublin, Ireland","https://job-boards.greenhouse.io/virtu/jobs/8551566002","Career page Greenhouse:virtu","Confirmed official posting","career_page=https://www.virtu.com/careers/ | company_wrapper=https://www.virtu.com/careers/job?gh_jid=8551566002 | internship timing not stated in title; graduation eligibility mentions: 2028 | Virtu is an industry-leading financial technology firm that operates both proprietary trading and client-facing businesses in the global financial marketplace. Our cutting edge, proprietary technology is core to everything we do. We trade in over 35 countries, across 235 financial exchanges and over 25% of retail order flow in the US is serviced by Virtu. Our team is a dedicated group of traders, quants and developers that are inspired by the unique and exciting challenges we solve every day. Our culture combines the creativity of a fast paced start up with the stability of a disciplined financial services firm. We are a flat organisation and encourage our people to innovate and lean on their team..."
"Virtu Financial","2027 Internship - Software Engineer","Austin, TX; New York","https://job-boards.greenhouse.io/virtu/jobs/8624410002","Career page Greenhouse:virtu","Confirmed official posting","career_page=https://www.virtu.com/careers/ | company_wrapper=https://www.virtu.com/careers/job?gh_jid=8624410002 | internship timing not stated in title | Virtu is an industry-leading financial technology firm that operates both proprietary trading and client-facing businesses in the global financial marketplace. Our cutting edge, proprietary technology is core to everything we do. We trade in over 35 countries, across 235 financial exchanges and over 25% of retail order flow in the US. is serviced by Virtu. Our team is a dedicated group of traders, quants and developers that are inspired by the unique and exciting challenges we solve every day. Our culture combines the creativity of a fast paced start up, with the stability of a disciplined financial services firm. We are a flat organization and encourage our people to innovate and lean on their teammates for support and collaboration. ..."
"Virtu Financial","2027 Internship – Core Operations Engineer","Singapore","https://job-boards.greenhouse.io/virtu/jobs/6329460002","Career page Greenhouse:virtu","Confirmed official posting","career_page=https://www.virtu.com/careers/ | company_wrapper=https://www.virtu.com/careers/job?gh_jid=6329460002 | internship timing not stated in title | Virtu is an industry-leading financial technology firm that operates both proprietary trading and client-facing businesses in the global financial marketplace. Our cutting edge, proprietary technology is core to everything we do. We trade in over 35 countries, across 235 financial exchanges and over 25% of retail order flow in the US. is serviced by Virtu. Our team is a dedicated group of traders, quants and developers that are inspired by the unique and exciting challenges we solve every day. Our culture combines the creativity of a fast paced start up, with the stability of a disciplined financial services firm. We are a flat organization and encourage our people to innovate and lean on their teammates for support and collaboration. ..."
"Virtu Financial","2027 Internship – Software Engineer","Singapore","https://job-boards.greenhouse.io/virtu/jobs/5513756002","Career page Greenhouse:virtu","Confirmed official posting","career_page=https://www.virtu.com/careers/ | company_wrapper=https://www.virtu.com/careers/job?gh_jid=5513756002 | internship timing not stated in title | Virtu is an industry-leading financial technology firm that operates both proprietary trading and client-facing businesses in the global financial marketplace. Our cutting edge, proprietary technology is core to everything we do. We trade in over 35 countries, across 235 financial exchanges and over 25% of retail order flow in the US. is serviced by Virtu. Our team is a dedicated group of traders, quants and developers that are inspired by the unique and exciting challenges we solve every day. Our culture combines the creativity of a fast paced start up, with the stability of a disciplined financial services firm. We are a flat organization and encourage our people to innovate and lean on their teammates for support and collaboration. ..."
"Virtu Financial","2027 Internship- Hardware Engineer (FPGA)","Austin, TX","https://job-boards.greenhouse.io/virtu/jobs/8657286002","Career page Greenhouse:virtu","Confirmed official posting","career_page=https://www.virtu.com/careers/ | company_wrapper=https://www.virtu.com/careers/job?gh_jid=8657286002 | internship timing not stated in title | Virtu is an industry-leading financial technology firm that operates both proprietary trading and client-facing businesses in the global financial marketplace. Our cutting edge, proprietary technology is core to everything we do. We trade in over 35 countries, across 235 financial exchanges and over 25% of retail order flow in the US. is serviced by Virtu. Our team is a dedicated group of traders, quants and developers that are inspired by the unique and exciting challenges we solve every day. Our culture combines the creativity of a fast paced start up, with the stability of a disciplined financial services firm. We are a flat organization and encourage our people to innovate and lean on their teammates for support and collaboration. ..."
"Voloridge Investment Management","Quantitative Developer Intern 2027","Jupiter, FL","https://job-boards.greenhouse.io/voloridgeinvestmentmanagement/jobs/4224862009","Greenhouse:voloridgeinvestmentmanagement","Confirmed official posting","internship timing not stated in title; undergrad/BS/MS language found"
"Voloridge Investment Management","Quantitative Research Intern 2027","Jupiter, FL","https://job-boards.greenhouse.io/voloridgeinvestmentmanagement/jobs/4226247009","Greenhouse:voloridgeinvestmentmanagement","Confirmed official posting","internship timing not stated in title; undergrad/BS/MS language found"
"Walleye Capital","Equity Volatility Quant Researcher Intern (Summer 2027)","Miami, FL","https://job-boards.greenhouse.io/walleyecapital-external-students/jobs/4676334006","Career page Greenhouse:walleyecapital-external-students","Confirmed official posting","career_page=https://job-boards.greenhouse.io/walleyecapital-external-students | company_wrapper=https://job-boards.greenhouse.io/job?gh_jid=4676334006 | internship timing: Summer 2027; graduation eligibility mentions: 2027, 2028 | Position: Equity Volatility Quant Researcher Intern (Summer 2027) Location: Miami, FL Firm Overview: Walleye Capital is a ~$17 billion+ multi-strategy investment firm headquartered in New York City, with over 350 employees across five main offices. Founded in 2005 as an options market maker, we have organically grown into a global investment firm specializing in Fundamental Equities, Quant, and Volatility strategies. At Walleye, we continuously innovate by focusing on three core principles: approach, platform, and people. Our approach is to allocate risk capital where we believe there is not only a compelling opportunity, but also a clear ability to define our ..."
"Warburg Pincus","Berlin Investing - Internship","Berlin","https://job-boards.greenhouse.io/warburgpincusllc/jobs/4980971008","Career page Greenhouse:warburgpincusllc","Confirmed official posting","career_page=https://job-boards.greenhouse.io/warburgpincusllc?error=true | company_wrapper=https://job-boards.greenhouse.io/job?gh_jid=4980971008 | internship timing not stated in title | Warburg Pincus LLC, a global growth investor, is offering an internship opportunity at their Berlin office. The internship will last approximately three months and provides a valuable learning experience within the Investment Team. As an Intern, you will work in a dynamic and hands-on environment alongside experienced professionals. Responsibilities: - Support the investment team in various tasks, including sourcing, identifying, and analyzing investment opportunities. - Assist in due diligence processes, company analyses, financial modeling, and market studies. - Prepare investment recommendations for the investment committee. - Collaborate closely with management to contribute to the development of po..."
"Wells Fargo","2027 CIB Markets - Summer Internship, Early Careers","Charlotte, NC; Houston, TX; New York, NY; California posting also available","https://www.wellsfargojobs.com/en/university-programs/","Official early careers page","Official broad program; check currently open locations","Wells Fargo early careers page lists 2027 CIB Markets and other Summer 2027 internships."
"Wells Fargo","2027 Summer Internship, Early Careers - CIB Commercial Real Estate","New York, NY; Charlotte, NC; Chicago, IL; Dallas, TX","https://www.wellsfargojobs.com/fr/jobs/r-511357/2027-summer-internship-early-careers-cib-commercial-real-estate/","Official careers page","Confirmed official posting","Official Wells Fargo early careers posting for 2027 Commercial Real Estate summer analyst internship."
"Wells Fargo","2027 Summer Internship, Early Careers - Corporate & Investment Banking COO","Charlotte, NC","https://www.wellsfargojobs.com/en/jobs/r-548718/2027-summer-internship-early-careers-corporate-investment-banking-chief-operating-office-coo/","Official careers page","Confirmed official posting","Official Wells Fargo early careers posting, published June 2026."
"Wells Fargo","2027 Summer Internship, Early Careers - Corporate Banking","Charlotte, NC; New York, NY","https://www.wellsfargojobs.com/fr/jobs/r-512832/2027-summer-internship-early-careers-corporate-banking/","Official careers page","Confirmed official posting","Official Wells Fargo early careers posting for 2027 Corporate Banking summer analyst internship."
"Wells Fargo","2027 Summer Internship, Early Careers - Investment Banking (Houston)","Houston, TX","https://www.wellsfargojobs.com/fr-ca/jobs/r-507805/2027-summer-internship-early-careers-investment-banking-houston/","Official careers page","Confirmed official posting","Official Wells Fargo early careers posting for 2027 Investment Banking summer analyst internship."
"Wincent","Quantitative Research Internship - Quant Research/Trading - Starting Summer 2027","Bratislava","https://jobs.ashbyhq.com/wincent/984bf12c-8d80-431f-9789-04a9739cfc99","Ashby:wincent","Confirmed official posting","internship timing: Summer 2027; undergrad/BS/MS language found"
"WorldQuant","Data Science Intern","Beijing OR Shanghai","https://job-boards.greenhouse.io/worldquant/jobs/4069460006","Career page Greenhouse:worldquant","Confirmed official posting","career_page=https://job-boards.greenhouse.io/worldquant | company_wrapper=https://job-boards.greenhouse.io/job?gh_jid=4069460006 | internship timing not stated in title | WorldQuant develops and deploys systematic financial strategies across a broad range of asset classes and global markets. We seek to produce high-quality predictive signals (alphas) through our proprietary research platform to employ financial strategies focused on market inefficiencies. Our teams work collaboratively to drive the production of alphas and financial strategies – the foundation of a balanced, global investment platform. WorldQuant is built on a culture that pairs academic sensibility with accountability for results. Employees are encouraged to think openly about problems, balancing intellectualism and practicality. Excellent ideas come from anyone, anywhere. Employees are encouraged to challenge conventio..."
"WorldQuant","Quant Developer Intern","Singapore","https://job-boards.greenhouse.io/worldquant/jobs/4572988006","Career page Greenhouse:worldquant","Confirmed official posting","career_page=https://job-boards.greenhouse.io/worldquant | company_wrapper=https://job-boards.greenhouse.io/job?gh_jid=4572988006 | internship timing not stated in title | WorldQuant develops and deploys systematic financial strategies across a broad range of asset classes and global markets. We seek to produce high-quality predictive signals (alphas) through our proprietary research platform to employ financial strategies focused on market inefficiencies. Our teams work collaboratively to drive the production of alphas and financial strategies – the foundation of a balanced, global investment platform. WorldQuant is built on a culture that pairs academic sensibility with accountability for results. Employees are encouraged to think openly about problems, balancing intellectualism and practicality. Excellent ideas come from anyone, anywhere. Employees are encouraged to challenge conventio..."
"WorldQuant","Quantitative Research Intern","Beijing OR Shanghai","https://job-boards.greenhouse.io/worldquant/jobs/4084570006","Career page Greenhouse:worldquant","Confirmed official posting","career_page=https://job-boards.greenhouse.io/worldquant | company_wrapper=https://job-boards.greenhouse.io/job?gh_jid=4084570006 | internship timing not stated in title; graduation eligibility mentions: 2026, 2027 | WorldQuant develops and deploys systematic financial strategies across a broad range of asset classes and global markets. We seek to produce high-quality predictive signals (alphas) through our proprietary research platform to employ financial strategies focused on market inefficiencies. Our teams work collaboratively to drive the production of alphas and financial strategies – the foundation of a balanced, global investment platform. WorldQuant is built on a culture that pairs academic sensibility with accountability for results. Employees are encouraged to think openly about problems, balancing intellectualism and practicality. Excellent ideas come from anyone, anywhere. Em..."
"WorldQuant","Quantitative Research Intern","Singapore","https://job-boards.greenhouse.io/worldquant/jobs/4314066006","Career page Greenhouse:worldquant","Confirmed official posting","career_page=https://job-boards.greenhouse.io/worldquant | company_wrapper=https://job-boards.greenhouse.io/job?gh_jid=4314066006 | internship timing not stated in title | WorldQuant develops and deploys systematic financial strategies across a broad range of asset classes and global markets. We seek to produce high-quality predictive signals (alphas) through our proprietary research platform to employ financial strategies focused on market inefficiencies. Our teams work collaboratively to drive the production of alphas and financial strategies – the foundation of a balanced, global investment platform. WorldQuant is built on a culture that pairs academic sensibility with accountability for results. Employees are encouraged to think openly about problems, balancing intellectualism and practicality. Excellent ideas come from anyone, anywhere. Employees are encouraged to challenge conventio..."
"WorldQuant","Quantitative Research Intern (LLMs & AI Agents)","Hanoi or Ho Chi Minh City","https://job-boards.greenhouse.io/worldquant/jobs/4434997006","Career page Greenhouse:worldquant","Confirmed official posting","career_page=https://job-boards.greenhouse.io/worldquant | company_wrapper=https://job-boards.greenhouse.io/job?gh_jid=4434997006 | internship timing not stated in title | WorldQuant develops and deploys systematic financial strategies across a broad range of asset classes and global markets. We seek to produce high-quality predictive signals (alphas) through our proprietary research platform to employ financial strategies focused on market inefficiencies. Our teams work collaboratively to drive the production of alphas and financial strategies – the foundation of a balanced, global investment platform. WorldQuant is built on a culture that pairs academic sensibility with accountability for results. Employees are encouraged to think openly about problems, balancing intellectualism and practicality. Excellent ideas come from anyone, anywhere. Employees are encouraged to challenge conventio..."
"WorldQuant","Software Engineer Intern","Budapest","https://job-boards.greenhouse.io/worldquant/jobs/4655484006","Career page Greenhouse:worldquant","Confirmed official posting","career_page=https://job-boards.greenhouse.io/worldquant | company_wrapper=https://job-boards.greenhouse.io/job?gh_jid=4655484006 | internship timing not stated in title | WorldQuant develops and deploys systematic financial strategies across a broad range of asset classes and global markets. We seek to produce high-quality predictive signals (alphas) through our proprietary research platform to employ financial strategies focused on market inefficiencies. Our teams work collaboratively to drive the production of alphas and financial strategies – the foundation of a balanced, global investment platform. WorldQuant is built on a culture that pairs academic sensibility with accountability for results. Employees are encouraged to think openly about problems, balancing intellectualism and practicality. Excellent ideas come from anyone, anywhere. Employees are encouraged to challenge conventio..."
"WorldQuant","Software Engineer Intern","Hanoi","https://job-boards.greenhouse.io/worldquant/jobs/4652485006","Career page Greenhouse:worldquant","Confirmed official posting","career_page=https://job-boards.greenhouse.io/worldquant | company_wrapper=https://job-boards.greenhouse.io/job?gh_jid=4652485006 | internship timing not stated in title | WorldQuant develops and deploys systematic financial strategies across a broad range of asset classes and global markets. We seek to produce high-quality predictive signals (alphas) through our proprietary research platform to employ financial strategies focused on market inefficiencies. Our teams work collaboratively to drive the production of alphas and financial strategies – the foundation of a balanced, global investment platform. WorldQuant is built on a culture that pairs academic sensibility with accountability for results. Employees are encouraged to think openly about problems, balancing intellectualism and practicality. Excellent ideas come from anyone, anywhere. Employees are encouraged to challenge conventio..."
"XTX Markets","AI Research Internship - XTY Labs","New York","https://job-boards.greenhouse.io/xtxmarketstechnologies/jobs/6274458003","Career page Greenhouse:xtxmarketstechnologies","Confirmed official posting","career_page=https://www.xtxmarkets.com/careers/ | company_wrapper=https://www.xtxmarkets.com/careers/job?gh_jid=6274458003 | internship timing not stated in title | The Firm XTX Markets is a leading algorithmic trading firm which uses state-of-the-art machine learning technology to produce price forecasts for over 50,000 financial instruments across equities, fixed income, currencies, commodities and crypto. It uses those forecasts to trade on exchanges and alternative trading venues, and to offer differentiated liquidity directly to clients worldwide. The firm trades over $250bn a day across 35 countries and has over 250 employees based in London, New York, Singapore, Paris, Bristol, Mumbai, Yerevan and Kajaani. We leverage the talent of the people who work here, modern computational techniques and state-of-the-art research infrastructure to analyse large data sets across markets quickl..."