"Company","Title","Location","Region","URL","Source","Status","Notes"
"Akuna","Hardware Engineer Intern, Summer 2027","Chicago, IL ","North America","https://www.akunacapital.com/careers/job/8018880/?gh_jid=8018880","Greenhouse:akunacapital","Confirmed official posting","internship timing: Summer 2027; graduation eligibility mentions: 2029; undergrad/BS/MS language found"
"Akuna","Platform Engineer Intern, Summer 2027","Chicago, IL","North America","https://www.akunacapital.com/careers/job/8018856/?gh_jid=8018856","Greenhouse:akunacapital","Confirmed official posting","internship timing: Summer 2027; graduation eligibility mentions: 2028; undergrad/BS/MS language found"
"Akuna","Quantitative Development & Strategy Intern, Summer 2027","Chicago, IL","North America","https://www.akunacapital.com/careers/job/8021481/?gh_jid=8021481","Greenhouse:akunacapital","Confirmed official posting","internship timing: Summer 2027; graduation eligibility mentions: 2028; undergrad/BS/MS language found"
"Akuna","Quantitative Research Intern, Summer 2027","Chicago, IL ","North America","https://www.akunacapital.com/careers/job/8036614/?gh_jid=8036614","Greenhouse:akunacapital","Confirmed official posting","internship timing: Summer 2027; graduation eligibility mentions: 2028; undergrad/BS/MS language found"
"Akuna","Software Engineer Intern - C# .NET Desktop, Summer 2027","Chicago, IL","North America","https://www.akunacapital.com/careers/job/8018886/?gh_jid=8018886","Greenhouse:akunacapital","Confirmed official posting","internship timing: Summer 2027; graduation eligibility mentions: 2028; undergrad/BS/MS language found"
"Akuna","Software Engineer Intern - C++, Summer 2027","Chicago, IL","North America","https://www.akunacapital.com/careers/job/8018847/?gh_jid=8018847","Greenhouse:akunacapital","Confirmed official posting","internship timing: Summer 2027; graduation eligibility mentions: 2028; undergrad/BS/MS language found"
"Akuna","Software Engineer Intern - Full Stack Web, Summer 2027","Chicago, IL","North America","https://www.akunacapital.com/careers/job/8018893/?gh_jid=8018893","Greenhouse:akunacapital","Confirmed official posting","internship timing: Summer 2027; graduation eligibility mentions: 2028; undergrad/BS/MS language found"
"Akuna","Software Engineer Intern - Python, Summer 2027","Chicago, IL","North America","https://www.akunacapital.com/careers/job/8018853/?gh_jid=8018853","Greenhouse:akunacapital","Confirmed official posting","internship timing: Summer 2027; graduation eligibility mentions: 2028; undergrad/BS/MS language found"
"AQR Capital Management","2027 Portfolio Implementation Summer Analyst","Greenwich, CT","North America","https://careers.aqr.com/jobs?gh_jid=7895562&gh_jid=7895562","Career page Greenhouse:aqr","Confirmed official posting","career_page=https://careers.aqr.com/ | company_wrapper=https://careers.aqr.com/job?gh_jid=7895562 | internship timing: Summer; graduation eligibility mentions: 2027, 2028 | AQR Capital Management AQR is a global investment firm built at the intersection of financial theory and practical application. We strive to deliver concrete, long-term results by looking past market noise to identify and isolate the factors that matter most, and by developing ideas that stand up to rigorous testing. By putting theory into practice, we have become a leader in alternative strategies and an innovator in traditional portfolio management since 1998. At AQR, our employees share a common spirit of academic excellence, intellectual honesty, and an unwavering commitment to seeking the truth. We’re determined to know what makes financial markets tick – and we’ll ask every question and challenge every assumptio..."
"AQR Capital Management","2027 Portfolio Solutions Group Summer Analyst","Greenwich, CT","North America","https://careers.aqr.com/jobs?gh_jid=8041362&gh_jid=8041362","Career page Greenhouse:aqr","Confirmed official posting","career_page=https://careers.aqr.com/ | company_wrapper=https://careers.aqr.com/job?gh_jid=8041362 | internship timing: Summer; graduation eligibility mentions: 2027, 2028 | About AQR Capital Management AQR is a global investment management firm built at the intersection of financial theory and practical application. We strive to deliver superior, long-term results for our clients by looking past market noise to identify and isolate what matters most, and by developing ideas that stand up to rigorous testing. Our focus on practical insights and analysis has made us leaders in alternative and traditional strategies since 1998. At AQR, our employees share a common spirit of academic excellence, intellectual honesty and an unwavering commitment to seeking the truth. We’re determined to know what makes financial markets tick – and we’ll ask every question and challenge every assumption. We re..."
"AQR Capital Management","2027 Quantitative Prediction Markets Research Summer Analyst","Greenwich, CT","North America","https://careers.aqr.com/jobs?gh_jid=8122378&gh_jid=8122378","Career page Greenhouse:aqr","Confirmed official posting","career_page=https://careers.aqr.com/ | company_wrapper=https://careers.aqr.com/job?gh_jid=8122378 | internship timing: Summer | AQR Capital Management AQR is a global investment firm built at the intersection of financial theory and practical application. We strive to deliver concrete, long-term results by looking past market noise to identify and isolate the factors that matter most, and by developing ideas that stand up to rigorous testing. By putting theory into practice, we have become a leader in alternative strategies and an innovator in traditional portfolio management since 1998. At AQR, our employees share a common spirit of academic excellence, intellectual honesty and an unwavering commitment to seeking the truth. We’re determined to know what makes financial markets tick – and we’ll ask every question and challenge every assumption. We recognize and respect the power of colla..."
"AQR Capital Management","2027 Research and Portfolio Management Engineering Summer Analyst","Greenwich, CT","North America","https://careers.aqr.com/jobs?gh_jid=7957728&gh_jid=7957728","Career page Greenhouse:aqr","Confirmed official posting","career_page=https://careers.aqr.com/ | company_wrapper=https://careers.aqr.com/job?gh_jid=7957728 | internship timing: Summer | About AQR Capital Management AQR is a global investment firm built at the intersection of financial theory and practical application. We strive to deliver concrete, long-term results by looking past market noise to identify and isolate the factors that matter most, and by developing ideas that stand up to rigorous testing. By putting theory into practice, we have become a leader in alternative strategies and an innovator in traditional portfolio management since 1998. At AQR, our employees share a common spirit of academic excellence, intellectual honesty and an unwavering commitment to seeking the truth. We’re determined to know what makes financial markets tick – and we’ll ask every question and challenge every assumption. We recognize and respect the power of..."
"AQR Capital Management","2027 Research Product Specialist Summer Analyst","Greenwich, CT","North America","https://careers.aqr.com/jobs?gh_jid=8123095&gh_jid=8123095","Career page Greenhouse:aqr","Confirmed official posting","career_page=https://careers.aqr.com/ | company_wrapper=https://careers.aqr.com/job?gh_jid=8123095 | internship timing: Summer; graduation eligibility mentions: 2027, 2028 | About AQR Capital Management AQR is a global investment firm built at the intersection of financial theory and practical application. We strive to deliver concrete, long-term results by looking past market noise to identify and isolate the factors that matter most, and by developing ideas that stand up to rigorous testing. By putting theory into practice, we have become a leader in alternative strategies and an innovator in traditional portfolio management since 1998. At AQR, our employees share a common spirit of academic excellence, intellectual honesty and an unwavering commitment to seeking the truth. We’re determined to know what makes financial markets tick – and we’ll ask every question and challenge every assu..."
"AQR Capital Management","2027 Research Summer Analyst","Greenwich, CT","North America","https://careers.aqr.com/jobs?gh_jid=7895583&gh_jid=7895583","Career page Greenhouse:aqr","Confirmed official posting","career_page=https://careers.aqr.com/ | company_wrapper=https://careers.aqr.com/job?gh_jid=7895583 | internship timing: Summer; graduation eligibility mentions: 2027, 2028 | AQR Capital Management AQR is a global investment firm built at the intersection of financial theory and practical application. We strive to deliver concrete, long-term results by looking past market noise to identify and isolate the factors that matter most, and by developing ideas that stand up to rigorous testing. By putting theory into practice, we have become a leader in alternative strategies and an innovator in traditional portfolio management since 1998. At AQR, our employees share a common spirit of academic excellence, intellectual honesty and an unwavering commitment to seeking the truth. We’re determined to know what makes financial markets tick – and we’ll ask every question and challenge every assumption..."
"AQR Capital Management","2027 Risk Summer Analyst","Greenwich, CT","North America","https://careers.aqr.com/jobs?gh_jid=7926692&gh_jid=7926692","Career page Greenhouse:aqr","Confirmed official posting","career_page=https://careers.aqr.com/ | company_wrapper=https://careers.aqr.com/job?gh_jid=7926692 | internship timing: Summer; graduation eligibility mentions: 2027, 2028 | AQR Capital Management AQR is a global investment firm built at the intersection of financial theory and practical application. We strive to deliver concrete, long-term results by looking past market noise to identify and isolate the factors that matter most, and by developing ideas that stand up to rigorous testing. By putting theory into practice, we have become a leader in alternative strategies and an innovator in traditional portfolio management since 1998. At AQR, our employees share a common spirit of academic excellence, intellectual honesty and an unwavering commitment to seeking the truth. We’re determined to know what makes financial markets tick – and we’ll ask every question and challenge every assumption..."
"AQR Capital Management","2027 Trading Summer Analyst","Greenwich, CT","North America","https://careers.aqr.com/jobs?gh_jid=8077110&gh_jid=8077110","Career page Greenhouse:aqr","Confirmed official posting","career_page=https://careers.aqr.com/ | company_wrapper=https://careers.aqr.com/job?gh_jid=8077110 | internship timing: Summer; graduation eligibility mentions: 2027, 2028 | AQR Capital Management AQR is a global investment firm built at the intersection of financial theory and practical application. We strive to deliver concrete, long-term results by looking past market noise to identify and isolate the factors that matter most, and by developing ideas that stand up to rigorous testing. By putting theory into practice, we have become a leader in alternative strategies and an innovator in traditional portfolio management since 1998. At AQR, our employees share a common spirit of academic excellence, intellectual honesty, and an unwavering commitment to seeking the truth. We’re determined to know what makes financial markets tick – and we’ll ask every question and challenge every assumptio..."
"AQR Capital Management","AQR Arbitrage - 2027 Research Summer Analyst","Greenwich, CT","North America","https://careers.aqr.com/jobs?gh_jid=8156993&gh_jid=8156993","Career page Greenhouse:aqr","Confirmed official posting","career_page=https://careers.aqr.com/ | company_wrapper=https://careers.aqr.com/job?gh_jid=8156993 | internship timing: Summer | About AQR Arbitrage AQR Arbitrage is an affiliate of AQR Capital Management, specializing in the research, development, and management of arbitrage and corporate event strategies. Since 2001, AQR Arbitrage has combined rigorous research and disciplined processes to deliver long-term value to clients. Co-founders Mark Mitchell and Todd Pulvino are pioneering researchers and former professors at the University of Chicago, Northwestern University, and Harvard University. Their published work has fundamentally shaped how scholars and practitioners understand arbitrage markets, corporate events, and market dislocations. AQR Arbitrage focuses solely on research and portfolio management while leveraging AQR’s infrastructure for all other investment management functions..."
"AQR Capital Management","AQR internship program page","Greenwich / other AQR offices","North America","https://www.aqr.com/about-us/our-internship-program","Official internship page","Official program page; roles/application timing should be checked on careers.aqr.com","AQR says internship applications for the coming summer are live on its careers page beginning June 30 to mid-August; summer interns frequently join Research and Portfolio Management plus Portfolio Implementation, Trading, and Portfolio Finance."
"Aquatic Capital","Quantitative Researcher, Intern (Summer 2027)","Chicago; London","Global / Multiple Regions","https://job-boards.greenhouse.io/aquaticcapitalmanagement/jobs/8489186002","Career page Greenhouse:aquaticcapitalmanagement","Confirmed official posting","career_page=https://job-boards.greenhouse.io/aquaticcapitalmanagement | company_wrapper=https://job-boards.greenhouse.io/job?gh_jid=8489186002 | internship timing: Summer 2027; graduation eligibility mentions: 2027, 2028 | Aquatic was founded with a shared passion for tackling some of the most complex challenges in one of the world’s most competitive arenas—global financial markets. From the very beginning, we have been driven by a deep commitment to applying cutting-edge scientific research and technological innovation to deliver unparalleled performance. Our journey is one of continuous growth and exploration, marked by a spirit of curiosity and relentless drive for excellence. As a Quantitative Research Intern, you will collaborate closely with a team to develop and implement quantitative trading signals, models, and strategies. Our role offers the opportunity to design, implement, an..."
"Aquatic Capital","Software Engineer, Intern (Summer 2027)","Chicago","North America","https://job-boards.greenhouse.io/aquaticcapitalmanagement/jobs/8489233002","Career page Greenhouse:aquaticcapitalmanagement","Confirmed official posting","career_page=https://job-boards.greenhouse.io/aquaticcapitalmanagement | company_wrapper=https://job-boards.greenhouse.io/job?gh_jid=8489233002 | internship timing: Summer 2027; graduation eligibility mentions: 2027, 2028 | Aquatic was founded with a shared passion for tackling some of the most complex challenges in one of the world’s most competitive arenas—global financial markets. From the very beginning, we have been driven by a deep commitment to applying cutting-edge scientific research and technological innovation to deliver unparalleled performance. Our journey is one of continuous growth and exploration, marked by a spirit of curiosity and relentless drive for excellence. As a Software Engineering Intern at Aquatic, you will join a fast-moving team building high-performance, distributed systems that power our research and trading infrastructure. You’ll work closely with experienc..."
"Arrowstreet","Quantitative Developer Intern, Summer 2027","Boston","North America","https://arrowstreetcapital.wd5.myworkdayjobs.com/Campus_Careers/job/Boston/Quantitative-Developer-Intern--Summer-2027_R1506","Career page Workday:arrowstreetcapital/Campus_Careers","Confirmed official posting","career_page=https://arrowstreetcapital.wd5.myworkdayjobs.com/Campus_Careers | Posted 19 Days Ago | R1506"
"Arrowstreet","Quantitative Researcher Intern, Summer 2027","Boston","North America","https://arrowstreetcapital.wd5.myworkdayjobs.com/Campus_Careers/job/Boston/Quantitative-Researcher-Intern--Summer-2027_R1505","Career page Workday:arrowstreetcapital/Campus_Careers","Confirmed official posting","career_page=https://arrowstreetcapital.wd5.myworkdayjobs.com/Campus_Careers | Posted 19 Days Ago | R1505"
"AXQ Capital","「启元计划」2027 暑期实习｜量化开发实习生","Beijing","Asia","https://job-boards.greenhouse.io/axq/jobs/5745501004","Career page Greenhouse:axq","Confirmed official posting","career_page=https://job-boards.greenhouse.io/axq | company_wrapper=https://job-boards.greenhouse.io/job?gh_jid=5745501004 | internship timing not stated in title | 关于我们 安贤投资 （ AXQ Capital ） 致力于以严谨的量化研究与先进的信息技术驱动投资。我们打造科学高效的量化研究框架，构建 多市场多策略 投资体系。策略布局覆盖全球股票统计套利、 A 股指数增强、 CTA 、股票日内、期货高频等领域，在全球市场部署运行，覆盖多个地区、资产类别及交易周期。自 2018 年成立以来，安贤持续为海内外投资者创造长期稳健的投资回报，资产管理规模稳步增长。公司在 北京、上海、香港、纽约 设有办公室，为国内员工提供海外交流与培训机会。 项目概览 安贤投资2027暑期实习项目 面向全球顶尖人才。 作为量化开发实习生（Quantitative Developer Intern） ，您将师从一位经验丰富的技术专家，在其指导下参与一项完整的量化系统开发与优化项目。公司提供业界一流的技术架构、充足的计算资源以及贯穿项目全程的指导支持。您的工作内容可能涉及低延迟交易系统、实时数据处理、机器学习模型训练与预测、研究平台开发、风控系统构建或云计算架构优化等核心技术环节。项目具有明确的考核标准，您将在实习结束时向用人经理和公司合伙人展示工作成果。 实习安排 实习地点：北京 实习时长：6 月 28 日 – 9 月 3 日（共 10 周） 实习薪酬：3000 元 / 天 + 餐补 住宿安排：为异地实习生按需统一安排住宿 培训计划 6 月 28 – 29 日在上海开展集中培训与团建 实习期间，公司将为量化研究实习生提供系列专题讲座，覆盖量化研究与投资实践的核心课题 配备专属导师一对一带教，持续跟进项目进展与提供阶段性反馈 留用机制 结项答辩评定达到 A 或 S 级者，即可获得全职录用 评定达到 S 级，全职录用将保证百万年薪，并安排赴纽..."
"AXQ Capital","「启元计划」2027 暑期实习｜量化研究实习生","Shanghai","Asia","https://job-boards.greenhouse.io/axq/jobs/5636192004","Career page Greenhouse:axq","Confirmed official posting","career_page=https://job-boards.greenhouse.io/axq | company_wrapper=https://job-boards.greenhouse.io/job?gh_jid=5636192004 | internship timing not stated in title | 关于我们 安贤投资 （ AXQ Capital ） 致力于以严谨的量化研究与先进的信息技术驱动投资。我们打造科学高效的量化研究框架，构建 多市场多策略 投资体系。策略布局覆盖全球股票统计套利、 A 股指数增强、 CTA 、股票日内、期货高频等领域，在全球市场部署运行，覆盖多个地区、资产类别及交易周期。自 2018 年成立以来，安贤持续为海内外投资者创造长期稳健的投资回报，资产管理规模稳步增长。公司在 北京、上海、香港、纽约 设有办公室，为国内员工提供海外交流与培训机会。 项目概览 安贤投资2027暑期实习项目 面向全球优秀在校生。作为 量化研究实习生（Quantitative Research Intern） ，您将在 两位资深导师 的分阶段指导下，围绕不同研究主题开展量化研究项目。公司提供业界一流的量化研究框架、充足的云计算资源以及贯穿项目全程的指导支持。研究方向可能涉及策略开发、投资组合优化、交易执行或风险管理等量化交易的核心环节。项目设有明确的考核标准，您将在实习结束时向用人经理和公司合伙人展示研究成果。 实习安排 实习地点：上海 实习时长：6 月 28 日 – 9 月 3 日（共 10 周） 实习薪酬：3000 元 / 天 + 餐补 住宿安排：为异地实习生按需统一安排住宿 培训与轮岗 6 月 28 – 29 日在上海开展集中培训与团建 实习期间，公司将为量化研究实习生提供系列专题讲座，覆盖量化研究与投资实践的核心课题 项目采用双阶段轮岗机制。十周实习分为 两个研究阶段，由两位资深导师分别指导 。实习生将在不同研究主题下开展项目实践，接触多元研究方法与核心技能，深入了解公司的研究体系与团队分工。轮岗经历也将为后续团队匹配与全职留用提供更充分的..."
"AXQ Capital","Quantitative Research Intern","New York","North America","https://job-boards.greenhouse.io/axq/jobs/5575450004","Career page Greenhouse:axq","Confirmed official posting","career_page=https://job-boards.greenhouse.io/axq | company_wrapper=https://job-boards.greenhouse.io/job?gh_jid=5575450004 | internship timing not stated in title | About Us AXQ Capital is a global quantitative investment firm with offices in New York, Beijing, Shanghai, and Hong Kong . We pursue consistent alpha through rigorous scientific research and sustained investment in technology and data infrastructure. Our strategies are deployed across global markets, spanning multiple geographies, asset classes, and trading horizons. Job Duties Work under the guidance of experienced quantitative portfolio managers and researchers to develop and refine quantitative trading strategies Apply tools from probability, statistics, and machine learning to explore market patterns and edge Support cutting-edge research projects and alpha-generation initiatives Collect, clean, and analyze data; help main..."
"Balyasny Asset Management","Quantitative Analyst - Commodities Investment Team (Summer Internship)","Hong Kong","Asia","https://bambusdev.my.site.com/s/details?jobReq=Quantitative-Analyst---Commodities-Investment-Team--Summer-Internship-_REQ8474","Official Balyasny Salesforce Experience Cloud feed","Confirmed official posting","career_page=https://bambusdev.my.site.com/s/ | Posted 13 Days Ago | requisition=REQ8474 | department=Investment Professionals | experience=Internships"
"Balyasny Asset Management","Quantitative Analyst - Macro & Commodities Investment Teams (Summer Internship)","London","Europe","https://bambusdev.my.site.com/s/details?jobReq=Quantitative-Analyst---Macro---Commodities-Investment-Teams--Summer-Internship-_REQ8477","Official Balyasny Salesforce Experience Cloud feed","Confirmed official posting","career_page=https://bambusdev.my.site.com/s/ | Posted 13 Days Ago | requisition=REQ8477 | department=Investment Professionals | experience=Internships"
"Balyasny Asset Management","Quantitative Analyst – Commodities Investment Team (Summer Internship)","Houston, Boston","North America","https://bambusdev.my.site.com/s/details?jobReq=Quantitative-Analyst---Commodities-Investment-Team--Summer-Internship-_REQ8454","Official Balyasny Salesforce Experience Cloud feed","Confirmed official posting","career_page=https://bambusdev.my.site.com/s/ | Posted 13 Days Ago | requisition=REQ8454 | department=Investment Professionals | experience=Internships"
"Balyasny Asset Management","Quantitative Analyst – Macro Investment Team (Summer Internship)","New York","North America","https://bambusdev.my.site.com/s/details?jobReq=Quantitative-Analyst---Macro-Investment-Team--Summer-Internship-_REQ8453","Official Balyasny Salesforce Experience Cloud feed","Confirmed official posting","career_page=https://bambusdev.my.site.com/s/ | Posted 13 Days Ago | requisition=REQ8453 | department=Investment Professionals | experience=Internships"
"Balyasny Asset Management","Quantitative Analyst, Commodities (Seasonal Internship)","London","Europe","https://bambusdev.my.site.com/s/details?jobReq=Quantitative-Analyst--Commodities--Seasonal-Internship-_REQ8467","Official Balyasny Salesforce Experience Cloud feed","Confirmed official posting","career_page=https://bambusdev.my.site.com/s/ | Posted 15 Days Ago | requisition=REQ8467 | department=Investment Professionals | experience=Internships"
"Balyasny Asset Management","Quantitative Researcher - Multi-Asset Arbitrage (Summer Internship)","Greenwich, Boston","North America","https://bambusdev.my.site.com/s/details?jobReq=Quantitative-Researcher---Multi-Asset-Arbitrage--Summer-Internship-_REQ8462","Official Balyasny Salesforce Experience Cloud feed","Confirmed official posting","career_page=https://bambusdev.my.site.com/s/ | Posted Today | requisition=REQ8462 | department=Investment Professionals | experience=Internships"
"Balyasny Asset Management","Quantitative Researcher - Quantitative Strategies (Summer Internship)","London","Europe","https://bambusdev.my.site.com/s/details?jobReq=Quantitative-Researcher---Quantitative-Strategies--Summer-Internship-_REQ8479","Official Balyasny Salesforce Experience Cloud feed","Confirmed official posting","career_page=https://bambusdev.my.site.com/s/ | Posted 13 Days Ago | requisition=REQ8479 | department=Investment Professionals | experience=Internships"
"Balyasny Asset Management","Quantitative Researcher - Risk (Summer Internship)","New York","North America","https://bambusdev.my.site.com/s/details?jobReq=Quantitative-Researcher---Risk--Summer-Internship-_REQ8463","Official Balyasny Salesforce Experience Cloud feed","Confirmed official posting","career_page=https://bambusdev.my.site.com/s/ | Posted Today | requisition=REQ8463 | department=Risk | experience=Internships"
"Balyasny Asset Management","Quantitative Researcher - Risk (Summer Internship)","London","Europe","https://bambusdev.my.site.com/s/details?jobReq=Quantitative-Researcher---Risk--Summer-Internship-_REQ8478","Official Balyasny Salesforce Experience Cloud feed","Confirmed official posting","career_page=https://bambusdev.my.site.com/s/ | Posted 13 Days Ago | requisition=REQ8478 | department=Investment Professionals | experience=Internships"
"Balyasny Asset Management","Quantitative Researcher - Systematic Strategies (Summer Internship - PhD)","New York","North America","https://bambusdev.my.site.com/s/details?jobReq=Quantitative-Researcher---Systematic-Strategies--Summer-Internship---PhD-_REQ8460","Official Balyasny Salesforce Experience Cloud feed","Confirmed official posting","career_page=https://bambusdev.my.site.com/s/ | Posted Today | requisition=REQ8460 | department=Investment Professionals | experience=Internships"
"Balyasny Asset Management","Quantitative Researcher - Systematic, Multi-Asset Arbitrage (Summer Internship)","New York","North America","https://bambusdev.my.site.com/s/details?jobReq=Quantitative-Researcher---Systematic--Multi-Asset-Arbitrage--Summer-Internship-_REQ8461","Official Balyasny Salesforce Experience Cloud feed","Confirmed official posting","career_page=https://bambusdev.my.site.com/s/ | Posted Today | requisition=REQ8461 | department=Investment Professionals | experience=Internships"
"Balyasny Asset Management","Quantitative Researcher (Summer Internship)","Hong Kong","Asia","https://bambusdev.my.site.com/s/details?jobReq=Quantitative-Researcher--Summer-Internship-_REQ8057","Official Balyasny Salesforce Experience Cloud feed","Confirmed official posting","career_page=https://bambusdev.my.site.com/s/ | Posted 156 Days Ago | requisition=REQ8057 | department=Investment Professionals | experience=Internships"
"Balyasny Asset Management","Software Engineering (Summer Internship)","London","Europe","https://bambusdev.my.site.com/s/details?jobReq=Software-Engineering--Summer-Internship-_REQ8115","Official Balyasny Salesforce Experience Cloud feed","Confirmed official posting","career_page=https://bambusdev.my.site.com/s/ | Posted 13 Days Ago | requisition=REQ8115 | department=Technology | experience=Internships"
"Balyasny Asset Management","Software Engineering (Summer Internship)","New York","North America","https://bambusdev.my.site.com/s/details?jobReq=Software-Engineering--Summer-Internship-_REQ8445","Official Balyasny Salesforce Experience Cloud feed","Confirmed official posting","career_page=https://bambusdev.my.site.com/s/ | Posted 13 Days Ago | requisition=REQ8445 | department=Technology | experience=Internships"
"Balyasny Asset Management","Software Engineering (Summer Internship)","Hong Kong, Singapore","Asia","https://bambusdev.my.site.com/s/details?jobReq=Software-Engineering--Summer-Internship-_REQ8446","Official Balyasny Salesforce Experience Cloud feed","Confirmed official posting","career_page=https://bambusdev.my.site.com/s/ | Posted 13 Days Ago | requisition=REQ8446 | department=Technology | experience=Internships"
"Barclays","2027 Technology Developer Summer Internship Programme Singapore","Singapore, Marina Bay Financial Tower 2","Asia","https://barclays.wd3.myworkdayjobs.com/External_Career_Site_Barclays/job/Singapore-Marina-Bay-Financial-Tower-2/XMLNAME-2027-Technology-Developer-Summer-Internship-Programme-Singapore_JR-0000121763","Career page Workday:barclays/External_Career_Site_Barclays","Confirmed official posting","career_page=https://search.jobs.barclays/search-jobs/early/22545/1/1 | Posted 30+ Days Ago | JR-0000121763"
"Barclays","Electronic Trading Associate Summer Internship Programme 2027 Hong Kong","Hong Kong, Cheung Kong Center","Asia","https://barclays.wd3.myworkdayjobs.com/External_Career_Site_Barclays/job/Hong-Kong-Cheung-Kong-Center/Electronic-Trading-Associate-Summer-Internship-Programme-2027-Hong-Kong_JR-0000117566","Career page Workday:barclays/External_Career_Site_Barclays","Confirmed official posting","career_page=https://search.jobs.barclays/search-jobs/early/22545/1/1 | Posted 30+ Days Ago | JR-0000117566"
"Barclays","Quantitative Analytics Associate Off Cycle Internship 2027 Hong Kong","Hong Kong, Cheung Kong Center","Asia","https://barclays.wd3.myworkdayjobs.com/External_Career_Site_Barclays/job/Hong-Kong-Cheung-Kong-Center/Quantitative-Analytics-Associate-Off-Cycle-Internship-2027-Hong-Kong_JR-0000117565","Career page Workday:barclays/External_Career_Site_Barclays","Confirmed official posting","career_page=https://search.jobs.barclays/search-jobs/early/22545/1/1 | Posted 30+ Days Ago | JR-0000117565"
"Barclays","Quantitative Analytics Associate Off Cycle Internship 2027 Singapore","Singapore, Marina Bay Financial Tower 2","Asia","https://barclays.wd3.myworkdayjobs.com/External_Career_Site_Barclays/job/Singapore-Marina-Bay-Financial-Tower-2/Quantitative-Analytics-Associate-Off-Cycle-Internship-2027-Singapore_JR-0000117563","Career page Workday:barclays/External_Career_Site_Barclays","Confirmed official posting","career_page=https://search.jobs.barclays/search-jobs/early/22545/1/1 | Posted 30+ Days Ago | JR-0000117563"
"Barclays","Quantitative Finance Associate Summer Internship Program 2027 New York","New York, 745 7th Avenue","North America","https://barclays.wd3.myworkdayjobs.com/External_Career_Site_Barclays/job/New-York-745-7th-Avenue/Quantitative-Finance-Associate-Summer-Internship-Program-2027-New-York_JR-0000128099","Career page Workday:barclays/External_Career_Site_Barclays","Confirmed official posting","career_page=https://search.jobs.barclays/search-jobs/early/22545/1/1 | Posted 12 Days Ago | JR-0000128099"
"Barclays","Research Analyst Summer Internship Programme 2027 Singapore","Singapore, Marina Bay Financial Tower 2","Asia","https://barclays.wd3.myworkdayjobs.com/External_Career_Site_Barclays/job/Singapore-Marina-Bay-Financial-Tower-2/Research-Analyst-Summer-Internship-Programme-2027-Singapore_JR-0000119610","Career page Workday:barclays/External_Career_Site_Barclays","Confirmed official posting","career_page=https://search.jobs.barclays/search-jobs/early/22545/1/1 | Posted 30+ Days Ago | JR-0000119610"
"Barclays","Sales, Trading and Structuring Summer Internship Programme 2027 Hong Kong","Hong Kong, Cheung Kong Center","Asia","https://barclays.wd3.myworkdayjobs.com/External_Career_Site_Barclays/job/Hong-Kong-Cheung-Kong-Center/Sales--Trading-and-Structuring-Summer-Internship-Programme-2027-Hong-Kong_JR-0000117559","Career page Workday:barclays/External_Career_Site_Barclays","Confirmed official posting","career_page=https://search.jobs.barclays/search-jobs/early/22545/1/1 | Posted 30+ Days Ago | JR-0000117559"
"Barclays","Sales, Trading and Structuring Summer Internship Programme 2027 Singapore","Singapore, Marina Bay Financial Tower 2","Asia","https://barclays.wd3.myworkdayjobs.com/External_Career_Site_Barclays/job/Singapore-Marina-Bay-Financial-Tower-2/Sales--Trading-and-Structuring-Summer-Internship-Programme-2027-Singapore_JR-0000117562","Career page Workday:barclays/External_Career_Site_Barclays","Confirmed official posting","career_page=https://search.jobs.barclays/search-jobs/early/22545/1/1 | Posted 30+ Days Ago | JR-0000117562"
"Belvedere Trading","Quantitative Trading Intern - Summer 2027","Chicago, Illinois","North America","https://jobs.lever.co/belvederetrading/cbde47db-c60b-4339-a8f4-a8e4f30505ab","Career page Lever:belvederetrading","Confirmed official posting","career_page=https://www.belvederetrading.com/new-graduates-campus-recruiting | internship timing: Summer 2027; graduation eligibility mentions: 2027, 2028 | Belvedere Trading is a leading proprietary trading firm proudly headquartered in downtown Chicago. Our traders work hard to provide liquidity to the market through their market-making activities and are the masters of a diverse set of commodities, interest rates, exchange-traded funds (ETF), and equity index options. From the beginning, we began iteratively investing in our proprietary technology and committing to building our systems from the ground up. Our trading models and software systems are continually re-engineered, optimized, and maintained to stay on top of the industry. This wouldn’t be possible without the dedicated efforts of our technology teams who utilize and perfect our innovative technology solutions. High-performan..."
"Belvedere Trading","Quantitative Trading Intern - Winter Quarter 2027","Chicago, Illinois","North America","https://jobs.lever.co/belvederetrading/8f06f221-8777-4a4d-b035-40882db5f4a0","Career page Lever:belvederetrading","Confirmed official posting","career_page=https://www.belvederetrading.com/new-graduates-campus-recruiting | internship timing: Winter; graduation eligibility mentions: 2027, 2028 | Belvedere Trading is a leading proprietary trading firm proudly headquartered in downtown Chicago. Our traders work hard to provide liquidity to the market through their market-making activities and are the masters of a diverse set of commodities, interest rates, exchange-traded funds (ETF), and equity index options. From the beginning, we began iteratively investing in our proprietary technology and committing to building our systems from the ground up. Our trading models and software systems are continually re-engineered, optimized, and maintained to stay on top of the industry. This wouldn’t be possible without the dedicated efforts of our technology teams who utilize and perfect our innovative technology solutions. High-performance pr..."
"Belvedere Trading","Software Engineer Intern - Summer 2027","Chicago, Illinois","North America","https://jobs.lever.co/belvederetrading/10746b3d-1760-4573-9b63-b93f5a5e4fc0","Career page Lever:belvederetrading","Confirmed official posting","career_page=https://www.belvederetrading.com/new-graduates-campus-recruiting | internship timing: Summer 2027; graduation eligibility mentions: 2027, 2028 | Belvedere Trading is a leading proprietary trading firm proudly headquartered in downtown Chicago. Our traders work hard to provide liquidity to the market through their market-making activities and are the masters of a diverse set of commodities, interest rates, exchange-traded funds (ETF), and equity index options. From the beginning, we began iteratively investing in our proprietary technology and committing to building our systems from the ground up. Our trading models and software systems are continually re-engineered, optimized, and maintained to stay on top of the industry. This wouldn’t be possible without the dedicated efforts of our technology teams who utilize and perfect our innovative technology solutions. High-performan..."
"BlackEdge Capital","Quantitative Developer Intern","Chicago","North America","https://job-boards.greenhouse.io/blackedgecapital/jobs/4703821005","Career page Greenhouse:blackedgecapital","Confirmed official posting","career_page=https://job-boards.greenhouse.io/blackedgecapital | company_wrapper=https://job-boards.greenhouse.io/job?gh_jid=4703821005 | internship timing not stated in title; graduation eligibility mentions: 2028 | If you are looking to join a small, dynamic, growing firm in the financial technology sector, you have come to the right place. BlackEdge has built a strong foundation of success as an industry leading market maker in the treasury options space. Now we need talented people like you to build on that foundation by further improving and leveraging our existing success to expand into new markets. An internship at BlackEdge will give you a taste of life as a quantitative developer in the options market making space. The first half of your internship will focus on teaching you option pricing theory, market making dynamics, and trading system operations. The second half will provide..."
"BlackEdge Capital","Quantitative Trader Intern","Chicago","North America","https://job-boards.greenhouse.io/blackedgecapital/jobs/4703820005","Career page Greenhouse:blackedgecapital","Confirmed official posting","career_page=https://job-boards.greenhouse.io/blackedgecapital | company_wrapper=https://job-boards.greenhouse.io/job?gh_jid=4703820005 | internship timing not stated in title; graduation eligibility mentions: 2028 | If you are looking to join a small, dynamic, growing firm in the financial technology sector, you have come to the right place. BlackEdge has built a strong foundation of success as an industry leading market maker in the treasury options space. Now we need talented people like you to build on that foundation by further improving and leveraging our existing success to expand into new markets. An internship at BlackEdge will give you a taste of life as a quantitative trader in the options market making space. The first half of your internship will focus on teaching you option pricing theory, market making dynamics, and trading system operations. The second half will provide yo..."
"BlackRock","2027 Summer Internship Program - AMERS","Multiple Americas offices","North America","https://careers.blackrock.com/job/new-york/2027-summer-internship-program-amers/45831/90628276544","Official careers page","Official broad program; select quant-relevant functions in application","Official page says applications are open and candidates can apply to functions such as Investment Research and Analytics & Modeling."
"BMO Capital Markets","BMO Capital Markets Winter 2027 Global Markets Analyst (Generalist & Quantitative/Developer), Toronto (Co-Op/ Internship)","Toronto, ON, CAN","North America","https://bmo.wd3.myworkdayjobs.com/External/job/Toronto-ON-CAN/BMO-Capital-Markets-Winter-2027-Global-Markets-Analyst--Generalist---Quantitative-Developer---Toronto_R260018951-1","Career page Workday:bmo/External","Confirmed official posting","career_page=https://jobs.bmo.com/ca/en/capital-markets | Posted Yesterday | R260018951 | Posted Yesterday | revalidated_from_previous_scan=true"
"BMO Capital Markets","BMO Capital Markets Winter 2027, Full Stack Engineer, Toronto (Co-Op/ Internship)","Toronto, ON, CAN","North America","https://bmo.wd3.myworkdayjobs.com/External/job/Toronto-ON-CAN/BMO-Capital-Markets-Winter-2027--Full-Stack-Engineer--Toronto--Co-Op--Internship-_R260021769","Career page Workday:bmo/External","Confirmed official posting","career_page=https://jobs.bmo.com/ca/en/capital-markets | Posted Today | R260021769"
"BP","6-Month Internship - Supply, Trading & Shipping - Singapore (Jan - Jun 2027)","Singapore - Singapore","Asia","https://bpinternational.wd3.myworkdayjobs.com/bpCareers/job/Singapore---Singapore/XMLNAME-6-Month-Internship---Supply--Trading---Shipping---Singapore--Jan---Jun-2027-_RQ114483-2","Career page Workday:bpinternational/bpCareers","Confirmed official posting","career_page=https://bpinternational.wd3.myworkdayjobs.com/bpCareers | Posted 12 Days Ago | RQ114483"
"BP","Summer Internship - Finance & Risk - Singapore (2027)","Singapore - Singapore","Asia","https://bpinternational.wd3.myworkdayjobs.com/bpCareers/job/Singapore---Singapore/bp-finance---risk-summer-internship-programme-Singapore--2027-_RQ114217","Career page Workday:bpinternational/bpCareers","Confirmed official posting","career_page=https://bpinternational.wd3.myworkdayjobs.com/bpCareers | Posted 12 Days Ago | RQ114217"
"BP","Summer Internship - Supply, Trading & Shipping - Singapore (2027)","Singapore - Singapore","Asia","https://bpinternational.wd3.myworkdayjobs.com/bpCareers/job/Singapore---Singapore/Summer-Internship---Supply--Trading---Shipping---Singapore--2027-_RQ114218-2","Career page Workday:bpinternational/bpCareers","Confirmed official posting","career_page=https://bpinternational.wd3.myworkdayjobs.com/bpCareers | Posted 12 Days Ago | RQ114218"
"Capula","2027 Trading and Research Summer Internship","London / New York / Singapore / Hong Kong","Global / Multiple Regions","https://apply.workable.com/capula-investment-management-ltd/j/A15A62A8BE/","Official Workable posting","Confirmed official posting","Ten-week internship from June to August 2027; students graduating in 2027 or 2028."
"Chicago Trading Company","Quant Trading Internship - Summer 2027","Chicago, Illinois, United States","North America","https://job-boards.greenhouse.io/ctccampusboard/jobs/4708188005","Career page Greenhouse:ctccampusboard","Confirmed official posting","career_page=https://www.chicagotrading.com/careers/ | company_wrapper=https://www.chicagotrading.com/careers/job?gh_jid=4708188005 | internship timing: Summer 2027; graduation eligibility mentions: 2027, 2028 | Chicago Trading Company (CTC) is a premier proprietary trading firm specializing in options market making. Our collaborative culture fuels innovation in quantitative research, systematic trading strategies, and cutting-edge trading technology. For over three decades CTC has provided critical liquidity across derivatives exchanges worldwide - making them fairer, more transparent, and more efficient. We strive to be the most innovative firm in the industry today, tomorrow, and long into the future while upholding ethical excellence. We believe that CTC makes a positive impact on the markets, the lives of our employees, and all the communities to which we belong. Started in 1995 by a..."
"Chicago Trading Company","Quant Trading Internship - Summer 2027","London, England, United Kingdom","Europe","https://job-boards.greenhouse.io/ctccampusboard/jobs/4709545005","Career page Greenhouse:ctccampusboard","Confirmed official posting","career_page=https://www.chicagotrading.com/careers/ | company_wrapper=https://www.chicagotrading.com/careers/job?gh_jid=4709545005 | internship timing: Summer 2027; graduation eligibility mentions: 2027, 2028 | Chicago Trading Company (CTC) is a premier proprietary trading firm specializing in options market making. Our collaborative culture fuels innovation in quantitative research, systematic trading strategies, and cutting-edge trading technology. For over three decades CTC has provided critical liquidity across derivatives exchanges worldwide - making them fairer, more transparent, and more efficient. We strive to be the most innovative firm in the industry today, tomorrow, and long into the future while upholding ethical excellence. We believe that CTC makes a positive impact on the markets, the lives of our employees, and all the communities to which we belong. Started in 1995 by a..."
"Chicago Trading Company","Software Engineering Internship - Summer 2027","Chicago, Illinois, United States","North America","https://job-boards.greenhouse.io/ctccampusboard/jobs/4708230005","Career page Greenhouse:ctccampusboard","Confirmed official posting","career_page=https://www.chicagotrading.com/careers/ | company_wrapper=https://www.chicagotrading.com/careers/job?gh_jid=4708230005 | internship timing: Summer 2027; graduation eligibility mentions: 2027, 2028 | Chicago Trading Company (CTC) is a premier proprietary trading firm specializing in options market making. Our collaborative culture fuels innovation in quantitative research, systematic trading strategies, and cutting-edge trading technology. For over three decades CTC has provided critical liquidity across derivatives exchanges worldwide - making them fairer, more transparent, and more efficient. We strive to be the most innovative firm in the industry today, tomorrow, and long into the future while upholding ethical excellence. We believe that CTC makes a positive impact on the markets, the lives of our employees, and all the communities to which we belong. Started in 1995 by a..."
"Citadel","International Equities Associate - Intern (Europe)","London","Europe","https://www.citadel.com/careers/details/international-equities-associate-intern-europe/","Official careers page (browser-audited 2026-07-14)","Confirmed official posting","internship timing not stated in title"
"Citadel","Investment & Trading - Intern (Europe)","London, Paris","Europe","https://www.citadel.com/careers/details/investment-trading-intern-europe/","Official careers page (browser-audited 2026-07-14)","Confirmed official posting","internship timing not stated in title"
"Citadel","Quantitative Research Analyst - Intern (US)","Greenwich, Miami, New York","North America","https://www.citadel.com/careers/details/quantitative-research-analyst-intern-us/","Official careers page (browser-audited 2026-07-14)","Confirmed official posting","internship timing not stated in title"
"Citadel","Quantitative Research Analyst Intern - BS/MS (Asia)","Hong Kong, Singapore","Asia","https://www.citadel.com/careers/details/quantitative-research-analyst-intern-bs-ms-asia/","Official careers page (browser-audited 2026-07-14)","Confirmed official posting","internship timing not stated in title"
"Citadel","Quantitative Research Analyst Intern - BS/MS (Europe)","London, Paris, Zurich","Europe","https://www.citadel.com/careers/details/quantitative-research-analyst-intern-bs-ms-europe/","Official careers page (browser-audited 2026-07-14)","Confirmed official posting","internship timing not stated in title"
"Citadel","Quantitative Trader: Equity Quantitative Research - Intern (US)","Greenwich, Miami, New York","North America","https://www.citadel.com/careers/details/quantitative-trader-equity-quantitative-research-intern-us/","Official careers page (browser-audited 2026-07-14)","Confirmed official posting","internship timing not stated in title"
"Citadel","Software Engineer - Intern (Europe)","London","Europe","https://www.citadel.com/careers/details/software-engineer-intern-europe/","Official careers page (browser-audited 2026-07-14)","Confirmed official posting","internship timing not stated in title"
"Citadel","Software Engineer - Intern (US)","Greenwich, Houston, Miami, New York","North America","https://www.citadel.com/careers/details/software-engineer-intern-us/","Official careers page (browser-audited 2026-07-14)","Confirmed official posting","internship timing not stated in title"
"Citadel","Trader: Fixed Income & Macro - Intern (US)","Greenwich, Miami, New York","North America","https://www.citadel.com/careers/details/trader-fixed-income-macro-intern-us/","Official careers page (browser-audited 2026-07-14)","Confirmed official posting","internship timing not stated in title"
"Citadel Securities","Credit & Rates Rotational Trader - Intern (US)","New York","North America","https://www.citadelsecurities.com/careers/details/credit-rates-rotational-trader-intern-us/","Official careers page (browser-audited 2026-07-14)","Confirmed official posting","internship timing not stated in title"
"Citadel Securities","Designated Market Maker (DMM) Trader - Intern (US)","New York","North America","https://www.citadelsecurities.com/careers/details/designated-market-maker-dmm-trader-intern-us/","Official careers page (browser-audited 2026-07-14)","Confirmed official posting","internship timing not stated in title"
"Citadel Securities","FPGA Engineer - Intern (Australia)","Sydney","Oceania","https://www.citadelsecurities.com/careers/details/fpga-engineer-intern-australia/","Official careers page (browser-audited 2026-07-14)","Confirmed official posting","internship timing not stated in title"
"Citadel Securities","FPGA Engineer - Intern (US)","Miami, New York","North America","https://www.citadelsecurities.com/careers/details/fpga-engineer-intern-us/","Official careers page (browser-audited 2026-07-14)","Confirmed official posting","internship timing not stated in title"
"Citadel Securities","Quantitative Research Analyst - Intern (US)","Miami, New York","North America","https://www.citadelsecurities.com/careers/details/quantitative-research-analyst-intern-us/","Official careers page (browser-audited 2026-07-14)","Confirmed official posting","internship timing not stated in title"
"Citadel Securities","Quantitative Research Analyst Intern - BS/MS (Asia)","Hong Kong, Singapore","Asia","https://www.citadelsecurities.com/careers/details/quantitative-research-analyst-intern-bs-ms-asia/","Official careers page (browser-audited 2026-07-14)","Confirmed official posting","internship timing not stated in title"
"Citadel Securities","Quantitative Research Analyst Intern - BS/MS (Australia)","Sydney","Oceania","https://www.citadelsecurities.com/careers/details/quantitative-research-analyst-intern-bs-ms-australia/","Official careers page (browser-audited 2026-07-14)","Confirmed official posting","internship timing not stated in title"
"Citadel Securities","Quantitative Research Analyst Intern - BS/MS (Europe)","London, Paris, Zurich","Europe","https://www.citadelsecurities.com/careers/details/quantitative-research-analyst-intern-bs-ms-europe/","Official careers page (browser-audited 2026-07-14)","Confirmed official posting","internship timing not stated in title"
"Citadel Securities","Quantitative Trader - Intern (US)","Miami, New York","North America","https://www.citadelsecurities.com/careers/details/quantitative-trader-intern-us/","Official careers page (browser-audited 2026-07-14)","Confirmed official posting","internship timing not stated in title"
"Citadel Securities","Quantitative Trading - Intern (Australia)","Sydney","Oceania","https://www.citadelsecurities.com/careers/details/quantitative-trading-intern-australia/","Official careers page (browser-audited 2026-07-14)","Confirmed official posting","internship timing not stated in title"
"Citadel Securities","Quantitative Trading - Intern (Europe)","London, Paris","Europe","https://www.citadelsecurities.com/careers/details/quantitative-trading-intern-europe/","Official careers page (browser-audited 2026-07-14)","Confirmed official posting","internship timing not stated in title"
"Citadel Securities","Rates Trading - Intern (Europe)","London, Paris","Europe","https://www.citadelsecurities.com/careers/details/rates-trading-intern-europe/","Official careers page (browser-audited 2026-07-14)","Confirmed official posting","internship timing not stated in title"
"Citadel Securities","Sector Data Analyst - Intern (Europe)","London","Europe","https://www.citadelsecurities.com/careers/details/sector-data-analyst-intern-europe/","Official careers page (browser-audited 2026-07-14)","Confirmed official posting","internship timing not stated in title"
"Citadel Securities","Software Engineer - Intern (Australia)","Sydney","Oceania","https://www.citadelsecurities.com/careers/details/software-engineer-intern-australia/","Official careers page (browser-audited 2026-07-14)","Confirmed official posting","internship timing not stated in title"
"Citadel Securities","Software Engineer - Intern (US)","Miami, New York","North America","https://www.citadelsecurities.com/careers/details/software-engineer-intern-us/","Official careers page (browser-audited 2026-07-14)","Confirmed official posting","internship timing not stated in title"
"Citadel Securities","Software Engineer - Intern (US)","London","Europe","https://www.citadelsecurities.com/careers/details/software-engineer-intern-us-2/","Official careers page (browser-audited 2026-07-14)","Confirmed official posting","internship timing not stated in title"
"Connor Clark & Lunn","Intern, Quantitative Developer","Vancouver, British Columbia, Canada","North America","https://job-boards.greenhouse.io/cclim/jobs/4383943009","Career page Greenhouse:cclim","Confirmed official posting","career_page=https://job-boards.greenhouse.io/cclim | company_wrapper=https://job-boards.greenhouse.io/job?gh_jid=4383943009 | internship timing not stated in title | We are a special software team embedded in a top performing quantitative equity fund that manages over $111 billion in financial assets. This is a fantastic opportunity in the exciting intersection of finance and technology where investment decisions are made using technology. Quantitative equity funds use programmed investment strategies and as a result, our developers are crucial to its success. The team is headquartered and deeply rooted in West Coast Vancouver. We place high value on maintaining an entrepreneurial spirit and creating a culture where each of us has opportunities to succeed. What You Will Do Developers play an essential role through innovative technologies: machine learning, cloud computing, optimization e..."
"Connor Clark & Lunn","Intern, Quantitative Equity Analyst","Vancouver, British Columbia, Canada","North America","https://job-boards.greenhouse.io/cclim/jobs/4383968009","Career page Greenhouse:cclim","Confirmed official posting","career_page=https://job-boards.greenhouse.io/cclim | company_wrapper=https://job-boards.greenhouse.io/job?gh_jid=4383968009 | internship timing not stated in title | Are you a self-starter who loves tackling challenging problems in a team-oriented, fast-paced environment? Do you love the idea of living in Vancouver? Our quantitative equity team is expanding, and we are looking for talented individuals whose skills and interests are aligned with the team’s mission to deliver superior investment performance to our clients through a disciplined, systematic investment approach. Jobs within our team lie at the exciting intersection of research, data science, finance, and technology. A culture of innovation, career growth and success through collaboration has enabled us to deliver superior investment performance to our clients for over two decades. Today, our clients entrust us with over $111 ..."
"D. E. Shaw","Investor Relations Intern (London) - Summer 2027","London","Europe","https://www.deshaw.com/careers/investor-relations-intern-london-summer-2027-5917","Official D. E. Shaw internships page","Confirmed official posting","career_page=https://www.deshaw.com/careers/internships | department=Strategy and Business Development | internship timing: Summer 2027 | official detail page checked | Investor Relations Intern (London) - Summer 2027 | The D. E. Shaw Group Investor Login Home Who We Are Leadership Founder Core Principles Our People What We Do Investment Management Technology Development Risk Management Entrepreneurship Industry Leadership How To Join Career Development Choose Your Path Interviewing Internships Benefits News Library Contact Investor Login Home Who We Are Leadership Founder Core Principles Our People What We Do Investment Management Technology Development Risk Management Entrepreneurship Industry Leadership How To Join Career Development Choose Your Path Inter"
"D. E. Shaw","Proprietary Trading Intern (New York) – Summer 2027","New York","North America","https://www.deshaw.com/careers/proprietary-trading-intern-new-york-summer-2027-5731","Official D. E. Shaw internships page","Confirmed official posting","career_page=https://www.deshaw.com/careers/internships | department=Trading | internship timing: Summer 2027 | official detail page checked | Proprietary Trading Intern (New York) – Summer 2027 | The D. E. Shaw Group Investor Login Home Who We Are Leadership Founder Core Principles Our People What We Do Investment Management Technology Development Risk Management Entrepreneurship Industry Leadership How To Join Career Development Choose Your Path Interviewing Internships Benefits News Library Contact Investor Login Home Who We Are Leadership Founder Core Principles Our People What We Do Investment Management Technology Development Risk Management Entrepreneurship Industry Leadership How To Join Career Development Choose Your Path In"
"D. E. Shaw","Quantitative Analyst Intern (New York) – Summer 2027","New York","North America","https://www.deshaw.com/careers/quantitative-analyst-intern-new-york-summer-2027-5890","Official D. E. Shaw internships page","Confirmed official posting","career_page=https://www.deshaw.com/careers/internships | department=Quantitative Strategies | internship timing: Summer 2027 | official detail page checked | Quantitative Analyst Intern (New York) – Summer 2027 | The D. E. Shaw Group Investor Login Home Who We Are Leadership Founder Core Principles Our People What We Do Investment Management Technology Development Risk Management Entrepreneurship Industry Leadership How To Join Career Development Choose Your Path Interviewing Internships Benefits News Library Contact Investor Login Home Who We Are Leadership Founder Core Principles Our People What We Do Investment Management Technology Development Risk Management Entrepreneurship Industry Leadership How To Join Career Development Choose Your Path I"
"D. E. Shaw","Quantitative Analyst, Ph.D. Intern (New York) – Summer 2027","New York","North America","https://www.deshaw.com/careers/quantitative-analyst-ph-d-intern-new-york-summer-2027-5891","Official D. E. Shaw internships page","Confirmed official posting","career_page=https://www.deshaw.com/careers/internships | department=Quantitative Strategies | internship timing: Summer 2027 | official detail page checked | Quantitative Analyst, Ph.D. Intern (New York) – Summer 2027 | The D. E. Shaw Group Investor Login Home Who We Are Leadership Founder Core Principles Our People What We Do Investment Management Technology Development Risk Management Entrepreneurship Industry Leadership How To Join Career Development Choose Your Path Interviewing Internships Benefits News Library Contact Investor Login Home Who We Are Leadership Founder Core Principles Our People What We Do Investment Management Technology Development Risk Management Entrepreneurship Industry Leadership How To Join Career Development Choose Your"
"D. E. Shaw","Software Developer Intern (New York) – Summer 2027","New York","North America","https://www.deshaw.com/careers/software-developer-intern-new-york-summer-2027-5894","Official D. E. Shaw internships page","Confirmed official posting","career_page=https://www.deshaw.com/careers/internships | department=Software Development | internship timing: Summer 2027 | official detail page checked | Software Developer Intern (New York) – Summer 2027 | The D. E. Shaw Group Investor Login Home Who We Are Leadership Founder Core Principles Our People What We Do Investment Management Technology Development Risk Management Entrepreneurship Industry Leadership How To Join Career Development Choose Your Path Interviewing Internships Benefits News Library Contact Investor Login Home Who We Are Leadership Founder Core Principles Our People What We Do Investment Management Technology Development Risk Management Entrepreneurship Industry Leadership How To Join Career Development Choose Your Path Int"
"D. E. Shaw","Software Developer, Ph.D. Intern (New York) – Summer 2027","New York","North America","https://www.deshaw.com/careers/software-developer-ph-d-intern-new-york-summer-2027-5893","Official D. E. Shaw internships page","Confirmed official posting","career_page=https://www.deshaw.com/careers/internships | department=Software Development | internship timing: Summer 2027 | official detail page checked | Software Developer, Ph.D. Intern (New York) – Summer 2027 | The D. E. Shaw Group Investor Login Home Who We Are Leadership Founder Core Principles Our People What We Do Investment Management Technology Development Risk Management Entrepreneurship Industry Leadership How To Join Career Development Choose Your Path Interviewing Internships Benefits News Library Contact Investor Login Home Who We Are Leadership Founder Core Principles Our People What We Do Investment Management Technology Development Risk Management Entrepreneurship Industry Leadership How To Join Career Development Choose Your P"
"D. E. Shaw","Systems Administrator Intern (New York)","New York","North America","https://www.deshaw.com/careers/systems-administrator-intern-new-york-5921","Official D. E. Shaw internships page","Confirmed official posting","career_page=https://www.deshaw.com/careers/internships | department=Technology | internship timing not stated in title | official detail page checked | Systems Administrator Intern (New York) | The D. E. Shaw Group Investor Login Home Who We Are Leadership Founder Core Principles Our People What We Do Investment Management Technology Development Risk Management Entrepreneurship Industry Leadership How To Join Career Development Choose Your Path Interviewing Internships Benefits News Library Contact Investor Login Home Who We Are Leadership Founder Core Principles Our People What We Do Investment Management Technology Development Risk Management Entrepreneurship Industry Leadership How To Join Career Development Choose Your Path Interviewing I"
"D. E. Shaw","Systems Engineering Intern (London) - Summer 2027","London","Europe","https://www.deshaw.com/careers/systems-engineering-intern-london-summer-2027-5925","Official D. E. Shaw internships page","Confirmed official posting","career_page=https://www.deshaw.com/careers/internships | department=Technology | internship timing: Summer 2027 | official detail page checked | Systems Engineering Intern (London) - Summer 2027 | The D. E. Shaw Group Investor Login Home Who We Are Leadership Founder Core Principles Our People What We Do Investment Management Technology Development Risk Management Entrepreneurship Industry Leadership How To Join Career Development Choose Your Path Interviewing Internships Benefits News Library Contact Investor Login Home Who We Are Leadership Founder Core Principles Our People What We Do Investment Management Technology Development Risk Management Entrepreneurship Industry Leadership How To Join Career Development Choose Your Path Inte"
"D. E. Shaw","Systems Engineering Intern (New York) - Summer 2027","New York","North America","https://www.deshaw.com/careers/systems-engineering-intern-new-york-summer-2027-5916","Official D. E. Shaw internships page","Confirmed official posting","career_page=https://www.deshaw.com/careers/internships | department=Technology | internship timing: Summer 2027 | official detail page checked | Systems Engineering Intern (New York) - Summer 2027 | The D. E. Shaw Group Investor Login Home Who We Are Leadership Founder Core Principles Our People What We Do Investment Management Technology Development Risk Management Entrepreneurship Industry Leadership How To Join Career Development Choose Your Path Interviewing Internships Benefits News Library Contact Investor Login Home Who We Are Leadership Founder Core Principles Our People What We Do Investment Management Technology Development Risk Management Entrepreneurship Industry Leadership How To Join Career Development Choose Your Path In"
"D. E. Shaw","Trader/Analyst Intern (London) – Summer 2027","London","Europe","https://www.deshaw.com/careers/trader-analyst-intern-london-summer-2027-5862","Official D. E. Shaw internships page","Confirmed official posting","career_page=https://www.deshaw.com/careers/internships | department=Investment Analysis | internship timing: Summer 2027 | official detail page checked | Trader/Analyst Intern (London) – Summer 2027 | The D. E. Shaw Group Investor Login Home Who We Are Leadership Founder Core Principles Our People What We Do Investment Management Technology Development Risk Management Entrepreneurship Industry Leadership How To Join Career Development Choose Your Path Interviewing Internships Benefits News Library Contact Investor Login Home Who We Are Leadership Founder Core Principles Our People What We Do Investment Management Technology Development Risk Management Entrepreneurship Industry Leadership How To Join Career Development Choose Your Path Interview"
"Da Vinci Derivatives","Quant Trading Intern","Amsterdam, North Holland, Netherlands","Europe","https://job-boards.eu.greenhouse.io/davinciderivatives/jobs/4196845101","Greenhouse:davinciderivatives","Confirmed official posting","internship timing not stated in title; graduation eligibility mentions: 2028"
"Deutsche Bank","DWS Investment Risk Intern","Luxembourg 2 Blvd K. Adenauer","Remote / Unspecified","https://db.wd3.myworkdayjobs.com/DBWebsite/job/Luxembourg-2-Blvd-K-Adenauer/DWS-Investment-Risk-Intern_R0445580-1","Career page Workday:db/DBWebsite","Confirmed official posting","career_page=https://db.wd3.myworkdayjobs.com/DBWebsite/ | Posted 27 Days Ago | R0445580"
"Deutsche Bank","Global Technology Governance Intern","Sao Paulo Edificio Pedro Mariz","South America","https://db.wd3.myworkdayjobs.com/DBWebsite/job/Sao-Paulo-Edificio-Pedro-Mariz/Global-Technology-Governance-Intern_R0432013","Career page Workday:db/DBWebsite","Confirmed official posting","career_page=https://db.wd3.myworkdayjobs.com/DBWebsite/ | Posted 30+ Days Ago | R0432013"
"Deutsche Bank","Internship - Implementation Support - Corporate Bank Milan (f/m/x)","Milano Bicocca Calendario 3","Remote / Unspecified","https://db.wd3.myworkdayjobs.com/DBWebsite/job/Milano-Bicocca-Calendario-3/Internship---Implementation-Support---Corporate-Bank-Milan--f-m-x-_R0442822","Career page Workday:db/DBWebsite","Confirmed official posting","career_page=https://db.wd3.myworkdayjobs.com/DBWebsite/ | Posted 27 Days Ago | R0442822"
"Deutsche Bank","Internship - Technology Process Analysis (f/m/x)","Milano Bicocca Calendario 3","Remote / Unspecified","https://db.wd3.myworkdayjobs.com/DBWebsite/job/Milano-Bicocca-Calendario-3/Internship---Technology-Process-Team--f-m-x-_R0429474","Career page Workday:db/DBWebsite","Confirmed official posting","career_page=https://db.wd3.myworkdayjobs.com/DBWebsite/ | Posted 30+ Days Ago | R0429474"
"Dimensional Fund Advisors","Internship in Portfolio Management (Undergraduate & Master's)","2 Locations","Remote / Unspecified","https://dimensional.wd5.myworkdayjobs.com/DFA_Careers/job/Austin/Internship-in-Portfolio-Management--Undergraduate---Master-s-_2026-8998","Career page Workday:dimensional/DFA_Careers","Confirmed official posting","career_page=https://dimensional.wd5.myworkdayjobs.com/DFA_Careers | Posted 8 Days Ago | 2026-8998"
"DL Trading","Quantitative Developer Internship - 2027","Chicago, Illinois, United States","North America","https://www.dltrading.io/careers?gh_jid=7814660003","Greenhouse:confidentialsportstradingfirm","Confirmed official posting","internship timing not stated in title; undergrad/BS/MS language found"
"DL Trading","Quantitative Trading Internship - 2027","Chicago, Illinois, United States","North America","https://www.dltrading.io/careers?gh_jid=7814754003","Greenhouse:confidentialsportstradingfirm","Confirmed official posting","internship timing not stated in title; undergrad/BS/MS language found"
"DRW","AI/ML Research Intern","Montreal","North America","https://job-boards.greenhouse.io/drweng/jobs/7991171","Career page Greenhouse:drweng","Confirmed official posting","career_page=https://www.drw.com/work-at-drw | company_wrapper=https://www.drw.com/job?gh_jid=7991171 | internship timing not stated in title; graduation eligibility mentions: 2027, 2028 | Our formula for success is to hire exceptional people, encourage their ideas and reward their results. As an AI/ML Research Intern , you will be an integral member of a team of experienced technologists, quantitative researchers, and traders. You will collaborate closely with other researchers to solve challenging AI and machine learning problems. Your projects will vary depending on priorities at the start of your employment and could include solving forecasting problems or developing large language models (LLMs). We are looking for individuals eager to learn new AI technologies, create innovative solutions, and choose the right tools to directly impact our business. You will be surrounded by cutting-e..."
"DRW","FPGA Intern","London","Europe","https://job-boards.greenhouse.io/drweng/jobs/8070392","Career page Greenhouse:drweng","Confirmed official posting","career_page=https://www.drw.com/work-at-drw | company_wrapper=https://www.drw.com/job?gh_jid=8070392 | internship timing not stated in title; graduation eligibility mentions: 2027, 2028 | Our formula for success is to hire exceptional people, encourage their ideas and reward their results. As a n FPGA Intern , you will build advanced trading applications leveraging cutting-edge technology. DRW enables our FPGA Interns to develop a real-world trading centric FPGA application under the guidance of senior technologists with the goal of deployment during your ten weeks. While your days will have you immersed in complex projects directly driving DRW’s progress, your evenings will be spent exploring the city with organized social events to truly discover what it is like to live and work in London. How you will make an impact… Design, develop, test, and deploy proprietary FPGA solutions . Examp..."
"DRW","FPGA Intern","Chicago","North America","https://job-boards.greenhouse.io/drweng/jobs/8038923","Career page Greenhouse:drweng","Confirmed official posting","career_page=https://www.drw.com/work-at-drw | company_wrapper=https://www.drw.com/job?gh_jid=8038923 | internship timing not stated in title; graduation eligibility mentions: 2027, 2028 | Our formula for success is to hire exceptional people, encourage their ideas and reward their results. As a n FPGA Intern , you will build advanced trading applications leveraging cutting-edge technology. DRW enables our FPGA Interns to develop a real-world trading centric FPGA application under the guidance of senior technologists with the goal of deployment during your ten weeks. While your days will have you immersed in complex projects directly driving DRW’s progress, your evenings will be spent exploring the city with organized social events to truly discover what it is like to live and work in Chicago. How you will make an impact… Design, develop, test, and deploy proprietary FPGA solutions . Exam..."
"DRW","Platform Engineer Intern","Chicago","North America","https://job-boards.greenhouse.io/drweng/jobs/7997729","Career page Greenhouse:drweng","Confirmed official posting","career_page=https://www.drw.com/work-at-drw | company_wrapper=https://www.drw.com/job?gh_jid=7997729 | internship timing not stated in title; graduation eligibility mentions: 2027, 2028 | Our formula for success is to hire exceptional people, encourage their ideas and reward their results. As a Platform Engineer Intern , you will be part of our advanced technology team focused on maintaining and improving the reliability and efficiency of our platform, including underlying systems at DRW. The platform engineer intern will work under the guidance of senior technologists to ensure our systems are highly reliable and scalable during your ten weeks. While your days will have you immersed in complex projects directly driving DRW’s progress, your evenings will be spent exploring the city with organized social events to truly discover what it is like to live and work in Chicago. How you will ma..."
"DRW","Quantitative Developer Intern (Python)","Singapore","Asia","https://job-boards.greenhouse.io/drweng/jobs/7981754","Career page Greenhouse:drweng","Confirmed official posting","career_page=https://www.drw.com/work-at-drw | company_wrapper=https://www.drw.com/job?gh_jid=7981754 | internship timing not stated in title; graduation eligibility mentions: 2027, 2028 | DRW is a technology-driven, diversified principal trading firm. We trade our own capital at our own risk, across a broad range of asset classes, instruments and strategies, in financial markets around the world. As the markets have evolved over the past 25 years, so has DRW – maximizing opportunities to include real estate, cryptoassets and venture capital. With over 1,000 employees at our Chicago headquarters and offices around the world, we work together to solve complex problems, challenge consensus and deliver meaningful results. It’s a place of high expectations, deep curiosity and thoughtful collaboration. As a Quantitative Developer Intern , you will implement software solutions that use advanced..."
"DRW","Quantitative Research Intern","Chicago, New York City","North America","https://job-boards.greenhouse.io/drweng/jobs/7818540","Career page Greenhouse:drweng","Confirmed official posting","career_page=https://www.drw.com/work-at-drw | company_wrapper=https://www.drw.com/job?gh_jid=7818540 | internship timing not stated in title; graduation eligibility mentions: 2027, 2028 | Our formula for success is to hire exceptional people, encourage their ideas and reward their results. As a Quantitative Research Intern you will have an opportunity to solve challenging problems arising in a trading environment while utilizing the latest statistical scientific algorithms, machine learning techniques and derivatives pricing theory. The teams focus on non-latency sensitive investment opportunities and multi-asset class derivatives strategies across geographies. Our teams emphasize cutting-edge innovative scientific research and collaboration, allowing you to gain a deeper understanding of quantitative trading. You will find great minds with diverse backgrounds, who are passionate about c..."
"DRW","Quantitative Research Intern","London","Europe","https://job-boards.greenhouse.io/drweng/jobs/7957756","Career page Greenhouse:drweng","Confirmed official posting","career_page=https://www.drw.com/work-at-drw | company_wrapper=https://www.drw.com/job?gh_jid=7957756 | internship timing not stated in title; graduation eligibility mentions: 2027, 2028 | Our formula for success is to hire exceptional people, encourage their ideas and reward their results. As a Quantitative Research Intern you will have an opportunity to solve challenging problems arising in a trading environment while utilizing the latest statistical scientific algorithms, machine learning techniques and derivatives pricing theory. The teams focus on non-latency sensitive investment opportunities and multi-asset class derivatives strategies across geographies. Our teams emphasize cutting-edge innovative scientific research and collaboration, allowing you to gain a deeper understanding of quantitative trading. You will find great minds with diverse backgrounds, who are passionate about c..."
"DRW","Quantitative Research Intern","Singapore","Asia","https://job-boards.greenhouse.io/drweng/jobs/8014915","Career page Greenhouse:drweng","Confirmed official posting","career_page=https://www.drw.com/work-at-drw | company_wrapper=https://www.drw.com/job?gh_jid=8014915 | internship timing not stated in title; graduation eligibility mentions: 2027, 2028 | Our formula for success is to hire exceptional people, encourage their ideas and reward their results. As a Quantitative Research Intern you will have an opportunity to solve challenging problems arising in a trading environment while utilizing the latest statistical scientific algorithms, machine learning techniques and derivatives pricing theory. The teams focus on non-latency sensitive investment opportunities and multi-asset class derivatives strategies across geographies. Our teams emphasize cutting-edge innovative scientific research and collaboration, allowing you to gain a deeper understanding of quantitative trading. You will find great minds with diverse backgrounds, who are passionate about c..."
"DRW","Quantitative Trading Analyst Intern","London","Europe","https://job-boards.greenhouse.io/drweng/jobs/7957243","Career page Greenhouse:drweng","Confirmed official posting","career_page=https://www.drw.com/work-at-drw | company_wrapper=https://www.drw.com/job?gh_jid=7957243 | internship timing not stated in title; graduation eligibility mentions: 2027, 2028 | Our formula for success is to hire exceptional people, encourage their ideas and reward their results. As a Quantitative Trading Analyst Intern , you will gain exposure to the dynamic worlds of trading and technology in order to learn what it takes to become a successful and sustainable trader. You will work on a small team to combine the disciplines of technology, research and risk management to identify optimal trading and investment strategies within the regulatory framework through a series of project-based assignments. At the conclusion of 10 weeks, you will have the opportunity to present your results to senior leadership at DRW. While your days will have you engrossed with complex quantitative tr..."
"DRW","Quantitative Trading Analyst Intern","Chicago, Illinois","North America","https://job-boards.greenhouse.io/drweng/jobs/7668776","Career page Greenhouse:drweng","Confirmed official posting","career_page=https://www.drw.com/work-at-drw | company_wrapper=https://www.drw.com/job?gh_jid=7668776 | internship timing not stated in title; graduation eligibility mentions: 2027, 2028 | Our formula for success is to hire exceptional people, encourage their ideas and reward their results. As a Quantitative Trading Analyst Intern , you will gain exposure to the dynamic worlds of trading and technology in order to learn what it takes to become a successful and sustainable trader. You will work on a small team to combine the disciplines of technology, research and risk management to identify optimal trading and investment strategies within the regulatory framework through a series of project based assignments. At the conclusion of 10 weeks, you will have the opportunity to present your results to senior leadership at DRW. While your days will have you engrossed with complex quantitative tr..."
"DRW","Quantitative Trading Analyst Intern","Singapore","Asia","https://job-boards.greenhouse.io/drweng/jobs/8014919","Career page Greenhouse:drweng","Confirmed official posting","career_page=https://www.drw.com/work-at-drw | company_wrapper=https://www.drw.com/job?gh_jid=8014919 | internship timing not stated in title; graduation eligibility mentions: 2027, 2028 | Our formula for success is to hire exceptional people, encourage their ideas and reward their results. As a Quantitative Trading Analyst Intern , you will gain exposure to the dynamic worlds of trading and technology in order to learn what it takes to become a successful and sustainable trader. You will work on a small team to combine the disciplines of technology, research and risk management to identify optimal trading and investment strategies within the regulatory framework through a series of project based assignments. At the conclusion of 10 weeks, you will have the opportunity to present your results to senior leadership at DRW. While your days will have you engrossed with complex quantitative tr..."
"DRW","Software Developer Intern","London","Europe","https://job-boards.greenhouse.io/drweng/jobs/7942281","Career page Greenhouse:drweng","Confirmed official posting","career_page=https://www.drw.com/work-at-drw | company_wrapper=https://www.drw.com/job?gh_jid=7942281 | internship timing not stated in title; graduation eligibility mentions: 2027, 2028 | Our formula for success is to hire exceptional people, encourage their ideas and reward their results. As a Software Developer Intern , you will build advanced trading and risk applications leveraging cutting-edge technology. DRW enables our Software Developer Interns to develop computationally intensive software under the guidance of senior technologists with the goal of deployment during your ten weeks. While your days will have you immersed in complex projects directly driving DRW’s progress, your evenings will be spent exploring the city with organised social events to truly discover what it is like to live and work in London. How you will make an impact… Design, develop, test, and deploy proprietar..."
"DRW","Software Developer Intern","Montreal","North America","https://job-boards.greenhouse.io/drweng/jobs/7991196","Career page Greenhouse:drweng","Confirmed official posting","career_page=https://www.drw.com/work-at-drw | company_wrapper=https://www.drw.com/job?gh_jid=7991196 | internship timing not stated in title; graduation eligibility mentions: 2027, 2028 | Our formula for success is to hire exceptional people, encourage their ideas and reward their results. As a Software Developer Intern , you will join one of our development teams supporting our network development initiatives or trading businesses. Depending on the team you join, you will build advanced trading, analysis and risk applications, or advanced monitoring and automation systems leveraging cutting-edge technology. DRW enables our Software Developer Interns to develop computationally intensive software under the guidance of senior technologists with the goal of deployment during your internship. While your days will have you immersed in complex projects directly driving DRW's progress, your tim..."
"DRW","Software Developer Intern","Chicago","North America","https://job-boards.greenhouse.io/drweng/jobs/7992936","Career page Greenhouse:drweng","Confirmed official posting","career_page=https://www.drw.com/work-at-drw | company_wrapper=https://www.drw.com/job?gh_jid=7992936 | internship timing not stated in title; graduation eligibility mentions: 2027, 2028 | Our formula for success is to hire exceptional people, encourage their ideas and reward their results. As a Software Developer Intern , you will build advanced trading and risk applications leveraging cutting-edge technology. DRW enables our Software Developer Interns to develop computationally intensive software under the guidance of senior technologists with the goal of deployment during your ten weeks. While your days will have you immersed in complex projects directly driving DRW’s progress, your evenings will be spent exploring the city with organized social events to truly discover what it is like to live and work in Chicago. How you will make an impact… Design, develop, test, and deploy proprieta..."
"DRW","Software Developer Intern","Amsterdam","Europe","https://job-boards.greenhouse.io/drweng/jobs/8020364","Career page Greenhouse:drweng","Confirmed official posting","career_page=https://www.drw.com/work-at-drw | company_wrapper=https://www.drw.com/job?gh_jid=8020364 | internship timing not stated in title; graduation eligibility mentions: 2027, 2028 | Our formula for success is to hire exceptional people, encourage their ideas and reward their results. As a Software Developer Intern , you will build advanced trading and risk applications leveraging cutting-edge technology. DRW enables our Software Developer Interns to develop computationally intensive software under the guidance of senior technologists with the goal of deployment during your ten weeks. While your days will have you immersed in complex projects directly driving DRW’s progress, your evenings will be spent exploring the city with organized social events to truly discover what it is like to live and work in Amsterdam. How you will make an impact… Design, develop test, and deploy propriet..."
"DRW","Software Developer Intern (C++)","Singapore","Asia","https://job-boards.greenhouse.io/drweng/jobs/8014910","Career page Greenhouse:drweng","Confirmed official posting","career_page=https://www.drw.com/work-at-drw | company_wrapper=https://www.drw.com/job?gh_jid=8014910 | internship timing not stated in title; graduation eligibility mentions: 2027, 2028 | Our formula for success is to hire exceptional people, encourage their ideas and reward their results. As a Software Developer Intern in our Singapore office, you will build advanced trading and risk applications leveraging cutting-edge technology. DRW enables our Software Developer Interns to develop computationally intensive software under the guidance of senior technologists with the goal of deployment during your internship. While your days will have you engrossed with complex quantitative trading projects, your evenings will be spent exploring the city with organized social events to truly discover what it’s like to live and work in Singapore. How you will make an impact… Design, develop test, and ..."
"DRW","Software Engineer Intern (Data Engineering)","Singapore","Asia","https://job-boards.greenhouse.io/drweng/jobs/8127242","Career page Greenhouse:drweng","Confirmed official posting","career_page=https://www.drw.com/work-at-drw | company_wrapper=https://www.drw.com/job?gh_jid=8127242 | internship timing not stated in title; graduation eligibility mentions: 2027, 2028 | Our formula for success is to hire exceptional people, encourage their ideas and reward their results. As a Software Engineer Intern (Data Engineering), you'll join the Commodities trading group to build data pipelines for the ingestion and analysis of datasets. The role entails working closely with senior data engineers and key stakeholders across both green field and established projects. Initially it will be focused on getting data to our analysts, with opportunities to help design and build the core data infrastructure used across the group as your experience grows. While your days will have you engrossed with complex quantitative trading projects, your evenings will be spent exploring the city with..."
"DRW","Strategy Intern","Chicago, IL","North America","https://job-boards.greenhouse.io/drweng/jobs/7992670","Career page Greenhouse:drweng","Confirmed official posting","career_page=https://www.drw.com/work-at-drw | company_wrapper=https://www.drw.com/job?gh_jid=7992670 | internship timing not stated in title; graduation eligibility mentions: 2027, 2028 | Our formula for success is to hire exceptional people, encourage their ideas and reward their results. We are looking for a forward-looking Strategy Intern to identify, quantify and develop plans for new business opportunities to leverage our deep expertise in global markets and cutting-edge trading technology. This role will be part of a growing, centralized strategy team tasked with partnering with a diverse set of trading businesses across the firm to develop and execute on business plans. Within assigned areas of focus, you will be tasked with helping our operations, trading and technology teams think beyond today into what’s possible tomorrow, identify gaps in our team’s experience, and highlight u..."
"DV Trading","2027 Summer Internship - Trading (DV Equities)","Hong Kong","Asia","https://job-boards.greenhouse.io/dvtrading/jobs/4691295005","Career page Greenhouse:dvtrading","Confirmed official posting","career_page=https://dvtrading.co/join-dv/ | company_wrapper=https://dvtrading.co/join-dv/job?gh_jid=4691295005 | internship timing: 2027 Summer; graduation eligibility mentions: 2027 | About Us : Founded 20 years ago and headquartered in Chicago, the DV Group of financial services firms has grown to more than 600 people operating throughout North America, Europe and Asia. Since spinning out of a large brokerage firm in 2016, DV Trading has rapidly scaled as an independent proprietary trading firm utilizing its own capital, trading strategies, and risk management methodologies to provide liquidity to worldwide financial markets and hedging opportunities to commodity producers and users. Now, DV group affiliates include two broker dealers, a cryptocurrency market making firm, and a bourgeoning investment adviser. Overview: As a Trading Intern, you'll work with our trading teams and learn p..."
"DV Trading","Futures & Options Trading Analyst Intern - Summer 2027","New York","North America","https://job-boards.greenhouse.io/dvtrading/jobs/4722749005","Career page Greenhouse:dvtrading","Confirmed official posting","career_page=https://dvtrading.co/join-dv/ | company_wrapper=https://dvtrading.co/join-dv/job?gh_jid=4722749005 | internship timing: Summer 2027 | Location: New York Office Duration: Summer 2027 (4 weeks) Department: DV Securities Liquid Products Group About DV Securities: DV Securities is a registered broker-dealer and a member of both FINRA and FICC, with a core focus on fixed income markets. We are active participants in the U.S. Treasury and agency MBS repo markets, supported by a growing platform that facilitates both principal and riskless principal trading activity. The firm is rooted in a culture of innovation, excellence, and collaboration. As part of the broader DV ecosystem—a global network of trading firms active across futures, equities, and structured products—DV Securities benefits from the reach and resources of a multi-asset organization with offices in North America, Eur..."
"DV Trading","Quantitative Risk Intern - Summer 2027","Chicago","North America","https://job-boards.greenhouse.io/dvtrading/jobs/4719118005","Career page Greenhouse:dvtrading","Confirmed official posting","career_page=https://dvtrading.co/join-dv/ | company_wrapper=https://dvtrading.co/join-dv/job?gh_jid=4719118005 | internship timing: Summer 2027; graduation eligibility mentions: 2027, 2028 | About Us : Founded 20 years ago and headquartered in Chicago, the DV Group of financial services firms has grown to more than 600 people operating throughout North America, Europe and Asia. Since spinning out of a large brokerage firm in 2016, DV Trading has rapidly scaled as an independent proprietary trading firm utilizing its own capital, trading strategies, and risk management methodologies to provide liquidity to worldwide financial markets and hedging opportunities to commodity producers and users. Now, DV group affiliates include two broker dealers, a cryptocurrency market making firm, and a bourgeoning investment adviser. Responsibilities: Build and execute advanced quantitative risk monitori..."
"DV Trading","Software Engineer Intern - Summer 2027 (DV Commodities)","New York","North America","https://job-boards.greenhouse.io/dvtrading/jobs/4719119005","Career page Greenhouse:dvtrading","Confirmed official posting","career_page=https://dvtrading.co/join-dv/ | company_wrapper=https://dvtrading.co/join-dv/job?gh_jid=4719119005 | internship timing: Summer 2027; graduation eligibility mentions: 2027, 2028 | About Us : Founded more than 15 years ago and headquartered in Chicago, the DV Group of financial services firms has grown to more than 600 people operating throughout North America and in Europe. Since spinning out of a large brokerage firm in 2016, DV Trading has rapidly scaled as an independent proprietary trading firm utilizing its own capital, trading strategies, and risk management methodologies to provide liquidity to worldwide financial markets and hedging opportunities to commodity producers and users. Now, DV group affiliates include two broker dealers, a cryptocurrency market making firm, and a bourgeoning investment adviser. DV Commodities is a division within DV Group that specializes in..."
"DV Trading","Software Engineer Intern - Summer 2027 (DV Commodities)","London","Europe","https://job-boards.greenhouse.io/dvtrading/jobs/4719125005","Career page Greenhouse:dvtrading","Confirmed official posting","career_page=https://dvtrading.co/join-dv/ | company_wrapper=https://dvtrading.co/join-dv/job?gh_jid=4719125005 | internship timing: Summer 2027; graduation eligibility mentions: 2027, 2028 | About Us : Founded more than 15 years ago and headquartered in Chicago, the DV Group of financial services firms has grown to more than 600 people operating throughout North America and in Europe. Since spinning out of a large brokerage firm in 2016, DV Trading has rapidly scaled as an independent proprietary trading firm utilizing its own capital, trading strategies, and risk management methodologies to provide liquidity to worldwide financial markets and hedging opportunities to commodity producers and users. Now, DV group affiliates include two broker dealers, a cryptocurrency market making firm, and a bourgeoning investment adviser. DV Commodities is a division within DV Group that specializes in..."
"DV Trading","Trading Intern - Summer 2027 (DV Commodities)","New York","North America","https://job-boards.greenhouse.io/dvtrading/jobs/4719134005","Career page Greenhouse:dvtrading","Confirmed official posting","career_page=https://dvtrading.co/join-dv/ | company_wrapper=https://dvtrading.co/join-dv/job?gh_jid=4719134005 | internship timing: Summer 2027; graduation eligibility mentions: 2028 | About Us : Founded more than 15 years ago and headquartered in Chicago, the DV Group of financial services firms has grown to more than 600 people operating throughout North America and in Europe. Since spinning out of a large brokerage firm in 2016, DV Trading has rapidly scaled as an independent proprietary trading firm utilizing its own capital, trading strategies, and risk management methodologies to provide liquidity to worldwide financial markets and hedging opportunities to commodity producers and users. Now, DV group affiliates include two broker dealers, a cryptocurrency market making firm, and a bourgeoning investment adviser. DV Commodities is a division within DV Group that specializes in tradi..."
"DV Trading","Trading Intern - Summer 2027 (DV Commodities)","London","Europe","https://job-boards.greenhouse.io/dvtrading/jobs/4719135005","Career page Greenhouse:dvtrading","Confirmed official posting","career_page=https://dvtrading.co/join-dv/ | company_wrapper=https://dvtrading.co/join-dv/job?gh_jid=4719135005 | internship timing: Summer 2027; graduation eligibility mentions: 2027, 2028 | About Us : Founded more than 15 years ago and headquartered in Chicago, the DV Group of financial services firms has grown to more than 600 people operating throughout North America and in Europe. Since spinning out of a large brokerage firm in 2016, DV Trading has rapidly scaled as an independent proprietary trading firm utilizing its own capital, trading strategies, and risk management methodologies to provide liquidity to worldwide financial markets and hedging opportunities to commodity producers and users. Now, DV group affiliates include two broker dealers, a cryptocurrency market making firm, and a bourgeoning investment adviser. DV Commodities is a division within DV Group that specializes in..."
"Engineers Gate","Quantitative Research Intern","Hong Kong","Asia","https://job-boards.greenhouse.io/engineersgate/jobs/7946542","Career page Greenhouse:engineersgate","Confirmed official posting","career_page=https://job-boards.greenhouse.io/engineersgate | company_wrapper=https://job-boards.greenhouse.io/job?gh_jid=7946542 | internship timing not stated in title | About EG Engineers Gate (EG) is a leading investment manager founded in 2014 as a quantitative, computer-driven trading firm. Today, EG operates as a diversified, multi-strategy investment platform that combines systematic research with selective discretionary approaches. EG's multi-manager platform allows independent investment teams to pursue distinct strategies while benefiting from shared infrastructure, risk management, and operational support. The firm’s collaborative groups of researchers, engineers, and investment professionals deploy sophisticated statistical models, proprietary technology, and a centralized data platform to isolate and solve challenging problem sets in the global financial markets. About The R..."
"Five Rings","Summer Intern 2027 - Quantitative Researcher (PhD)","New York","North America","https://job-boards.greenhouse.io/fiveringsllc/jobs/5349219008","Career page Greenhouse:fiveringsllc","Confirmed official posting","career_page=https://job-boards.greenhouse.io/fiveringsllc | company_wrapper=https://job-boards.greenhouse.io/job?gh_jid=5349219008 | internship timing: Summer | About Five Rings Five Rings is a proprietary trading firm founded with a vision of combining strategy, innovation and technology to succeed in today’s global markets. With offices in New York, Boca Raton, London and Amsterdam, Five Rings trades in various domestic and international markets, both established and esoteric. Our team constantly seeks new opportunities, analyzes their risks and rewards, and creates strategies and tools to capitalize on them. We have an open culture and encourage the flow of knowledge and ideas between all areas of the firm. About the Program Five Rings offers an intensive 9 week summer internship program that runs from the beginning of June through the beginning of August. The program includes immersi..."
"Five Rings","Summer Intern 2027 - Quantitative Trader","New York","North America","https://job-boards.greenhouse.io/fiveringsllc/jobs/5139668008","Career page Greenhouse:fiveringsllc","Confirmed official posting","career_page=https://job-boards.greenhouse.io/fiveringsllc | company_wrapper=https://job-boards.greenhouse.io/job?gh_jid=5139668008 | internship timing: Summer; graduation eligibility mentions: 2027, 2028 | About Five Rings Five Rings is a proprietary trading firm founded with a vision of combining strategy, innovation and technology to succeed in today’s global markets. With offices in New York, Boca Raton, London and Amsterdam, Five Rings trades in various domestic and international markets, both established and esoteric. Our team constantly seeks new opportunities, analyzes their risks and rewards, and creates strategies and tools to capitalize on them. We have an open culture and encourage the flow of knowledge and ideas between all areas of the firm. About the Program Five Rings offers an intensive 9 week summer internship program that runs from the beginning of June through the begi..."
"Five Rings","Summer Intern 2027 - Software Developer","New York","North America","https://job-boards.greenhouse.io/fiveringsllc/jobs/5349707008","Greenhouse:fiveringsllc","Confirmed official posting","internship timing: Summer"
"Flow Traders","Quantitative Trading Intern Summer 2027","New York","North America","https://job-boards.greenhouse.io/flowtraders/jobs/8047166","Career page Greenhouse:flowtraders","Confirmed official posting","career_page=https://www.flowtraders.com/careers | company_wrapper=https://www.flowtraders.com/job?gh_jid=8047166 | internship timing: Summer 2027; graduation eligibility mentions: 2028 | Flow Traders is looking for entrepreneurial, competitive, and analytical students to join our New York Trading team as a Trading Intern for Summer 2027. Spend your summer experiencing what it’s like to be a Trader in the financial capital of the world! The trading internship will take place over nine weeks in our New York office, beginning in early June through early August. During the program, you will have the opportunity to explore your interest in trading, while being fully immersed in the excitement on our Trading floor. As an intern, you will get a 360-degree view of Flow Traders’ role in the financial markets, how our Traders seize arbitrage opportunities, and how they work together as a team to o..."
"Flow Traders","Trading Intern","Hong Kong","Asia","https://job-boards.greenhouse.io/flowtraders/jobs/8102618","Career page Greenhouse:flowtraders","Confirmed official posting","career_page=https://www.flowtraders.com/careers | company_wrapper=https://www.flowtraders.com/job?gh_jid=8102618 | internship timing not stated in title; graduation eligibility mentions: 2027, 2028 | Flow Traders is looking for entrepreneurial, competitive, and analytical students to join our Trading department as an Intern. What better way to find out if a career in Trading is something for you, than by experiencing it yourself as a Trading Intern! You will get a 360-degree view of our role in the financial markets, how our Traders seize opportunities, and how they work together as a team to optimize and improve their trading desk. This Trading internship is about immersing yourself in the financial markets and experiencing trading up close. You do not need to have a financial background; we will teach you all you need to know. Experience with a scientific programming language or excel ..."
"Goldman Sachs","2027 | Americas | Dallas Metro Area | Asset and Wealth Management Quantitative Strats | Summer Analyst","Dallas, TX, United States","North America","https://higher.gs.com/roles/171532","Official Goldman Sachs Higher API","Confirmed official posting","posted=2026-08-15 | role_id=171532 | program=Summer Analyst | division=Engineering Division"
"Goldman Sachs","2027 | Americas | Dallas Metro Area | Investment Banking Quantitative Strats | Summer Analyst","Dallas, TX, United States","North America","https://higher.gs.com/roles/171548","Official Goldman Sachs Higher API","Confirmed official posting","posted=2026-08-15 | role_id=171548 | program=Summer Analyst | division=Engineering Division"
"Goldman Sachs","2027 | Americas | Dallas Metro Area | The Core Quantitative Strats | Summer Analyst","Dallas, TX, United States","North America","https://higher.gs.com/roles/171534","Official Goldman Sachs Higher API","Confirmed official posting","posted=2026-08-15 | role_id=171534 | program=Summer Analyst | division=Engineering Division"
"Goldman Sachs","2027 | Americas | Dallas Metro Area | The Core Quantitative Strats | Summer Associate","Dallas, TX, United States","North America","https://higher.gs.com/roles/171546","Official Goldman Sachs Higher API","Confirmed official posting","posted=2026-08-15 | role_id=171546 | program=Summer Associate | division=Engineering Division"
"Goldman Sachs","2027 | Americas | New York City Area | Asset and Wealth Management Quantitative Strats | Summer Analyst","New York, NY, United States","North America","https://higher.gs.com/roles/171550","Official Goldman Sachs Higher API","Confirmed official posting","posted=2026-08-15 | role_id=171550 | program=Summer Analyst | division=Engineering Division"
"Goldman Sachs","2027 | Americas | New York City Area | Asset and Wealth Management Quantitative Strats | Summer Associate","New York, NY, United States","North America","https://higher.gs.com/roles/171552","Official Goldman Sachs Higher API","Confirmed official posting","posted=2026-08-15 | role_id=171552 | program=Summer Associate | division=Engineering Division"
"Goldman Sachs","2027 | Americas | New York City Area | FICC and Equities (Sales and Trading) Quantitative Strats | Summer Analyst","New York, NY, United States","North America","https://higher.gs.com/roles/171563","Official Goldman Sachs Higher API","Confirmed official posting","posted=2026-08-15 | role_id=171563 | program=Summer Analyst | division=Engineering Division"
"Goldman Sachs","2027 | Americas | New York City Area | FICC and Equities (Sales and Trading) Quantitative Strats | Summer Associate","New York, NY, United States","North America","https://higher.gs.com/roles/171566","Official Goldman Sachs Higher API","Confirmed official posting","posted=2026-08-15 | role_id=171566 | program=Summer Associate | division=Engineering Division"
"Goldman Sachs","2027 | Americas | New York City Area | Investment Banking Quantitative Strats | Summer Analyst","New York, NY, United States","North America","https://higher.gs.com/roles/171547","Official Goldman Sachs Higher API","Confirmed official posting","posted=2026-08-15 | role_id=171547 | program=Summer Analyst | division=Engineering Division"
"Goldman Sachs","2027 | Americas | New York City Area | The Core Quantitative Strats | Summer Analyst","New York, NY, United States","North America","https://higher.gs.com/roles/171533","Official Goldman Sachs Higher API","Confirmed official posting","posted=2026-08-15 | role_id=171533 | program=Summer Analyst | division=Engineering Division"
"Goldman Sachs","2027 | Americas | New York City Area | The Core Quantitative Strats | Summer Associate","New York, NY, United States","North America","https://higher.gs.com/roles/171535","Official Goldman Sachs Higher API","Confirmed official posting","posted=2026-08-15 | role_id=171535 | program=Summer Associate | division=Engineering Division"
"Goldman Sachs","2027 | Americas | Salt Lake City | Asset and Wealth Management Quantitative Strats | Summer Analyst","Salt Lake City, UT, United States","North America","https://higher.gs.com/roles/171549","Official Goldman Sachs Higher API","Confirmed official posting","posted=2026-08-15 | role_id=171549 | program=Summer Analyst | division=Engineering Division"
"Goldman Sachs","2027 | Americas | Salt Lake City | The Core Quantitative Strats | Summer Analyst","Salt Lake City, UT, United States","North America","https://higher.gs.com/roles/171551","Official Goldman Sachs Higher API","Confirmed official posting","posted=2026-08-15 | role_id=171551 | program=Summer Analyst | division=Engineering Division"
"Goldman Sachs","2027 | Americas | West Palm Beach | FICC and Equities (Sales and Trading) Quantitative Strats | Summer Analyst","West Palm Beach, FL, United States","North America","https://higher.gs.com/roles/181628","Official Goldman Sachs Higher API","Confirmed official posting","posted=2026-08-15 | role_id=181628 | program=Summer Analyst | division=Engineering Division"
"Goldman Sachs","2027 | APEJ | Hong Kong | FICC and Equities (Sales and Trading) Quantitative Strats | Summer Analyst","Hong Kong, Hong Kong","Asia","https://higher.gs.com/roles/169905","Official Goldman Sachs Higher API","Confirmed official posting","posted=2026-06-30 | role_id=169905 | program=Summer Analyst | division=Engineering Division"
"Goldman Sachs","2027 | APEJ | Hong Kong | FICC and Equities (Sales and Trading) Quantitative Strats | Summer Associate","Hong Kong, Hong Kong","Asia","https://higher.gs.com/roles/169906","Official Goldman Sachs Higher API","Confirmed official posting","posted=2026-08-13 | role_id=169906 | program=Summer Associate | division=Engineering Division"
"Goldman Sachs","2027 | APEJ | Singapore | FICC and Equities (Sales and Trading) Quantitative Strats | Summer Analyst","Singapore","Asia","https://higher.gs.com/roles/170600","Official Goldman Sachs Higher API","Confirmed official posting","posted=2026-06-30 | role_id=170600 | program=Summer Analyst | division=Engineering Division"
"Goldman Sachs","2027 | APEJ | Singapore | FICC and Equities (Sales and Trading) Quantitative Strats | Summer Associate","Singapore","Asia","https://higher.gs.com/roles/170601","Official Goldman Sachs Higher API","Confirmed official posting","posted=2026-06-30 | role_id=170601 | program=Summer Associate | division=Engineering Division"
"Goldman Sachs","2027 | EMEA | London | Asset and Wealth Management Quantitative Strats | Summer Analyst","London, Greater London, England, United Kingdom","Europe","https://higher.gs.com/roles/175421","Official Goldman Sachs Higher API","Confirmed official posting","posted=2026-08-15 | role_id=175421 | program=Summer Analyst | division=Engineering Division"
"Goldman Sachs","2027 | EMEA | London | Asset and Wealth Management Quantitative Strats | Summer Associate","London, Greater London, England, United Kingdom","Europe","https://higher.gs.com/roles/175423","Official Goldman Sachs Higher API","Confirmed official posting","posted=2026-08-15 | role_id=175423 | program=Summer Associate | division=Engineering Division"
"Goldman Sachs","2027 | EMEA | London | FICC and Equities (Sales and Trading) Quantitative Strats | Internship","London, Greater London, England, United Kingdom","Europe","https://higher.gs.com/roles/175424","Official Goldman Sachs Higher API","Confirmed official posting","posted=2026-08-15 | role_id=175424 | program=Seasonal | division=Engineering Division"
"Goldman Sachs","2027 | EMEA | London | Investment Banking Quantitative Strats | Summer Analyst","London, Greater London, England, United Kingdom","Europe","https://higher.gs.com/roles/175428","Official Goldman Sachs Higher API","Confirmed official posting","posted=2026-08-15 | role_id=175428 | program=Summer Analyst | division=Engineering Division"
"Goldman Sachs","2027 | EMEA | London | The Core Quantitative Strats | Summer Analyst","London, Greater London, England, United Kingdom","Europe","https://higher.gs.com/roles/175426","Official Goldman Sachs Higher API","Confirmed official posting","posted=2026-08-15 | role_id=175426 | program=Summer Analyst | division=Engineering Division"
"Goldman Sachs","2027 | EMEA | London | The Core Quantitative Strats | Summer Associate","London, Greater London, England, United Kingdom","Europe","https://higher.gs.com/roles/175427","Official Goldman Sachs Higher API","Confirmed official posting","posted=2026-08-15 | role_id=175427 | program=Summer Associate | division=Engineering Division"
"Goldman Sachs","2027 | EMEA | London | Wealth Management, Quantitative Finance | Summer Analyst","London, Greater London, England, United Kingdom","Europe","https://higher.gs.com/roles/170860","Official Goldman Sachs Higher API","Confirmed official posting","posted=2026-08-15 | role_id=170860 | program=Summer Analyst | division=Asset & Wealth Management"
"Goldman Sachs","2027 | EMEA | Paris | FICC and Equities (Sales and Trading) Quantitative Strats | Seasonal/Off Cycle Internship","Paris, Ile-de-France, France","Europe","https://higher.gs.com/roles/175429","Official Goldman Sachs Higher API","Confirmed official posting","posted=2026-08-15 | role_id=175429 | program=Seasonal | division=Engineering Division"
"Goldman Sachs","2027 | EMEA | Paris | The Core Quantitative Strats | Seasonal/Off Cycle Internship","Paris, Ile-de-France, France","Europe","https://higher.gs.com/roles/175430","Official Goldman Sachs Higher API","Confirmed official posting","posted=2026-08-15 | role_id=175430 | program=Seasonal | division=Engineering Division"
"Goldman Sachs","2027 | EMEA | The Hague | Asset and Wealth Management Quantitative Strats | Seasonal/Off Cycle Internship","The Hague, Zuid-Holland, Netherlands","Europe","https://higher.gs.com/roles/170663","Official Goldman Sachs Higher API","Confirmed official posting","posted=2026-08-15 | role_id=170663 | program=Seasonal | division=Engineering Division"
"Goldman Sachs","2027 | EMEA | Warsaw | The Core Quantitative Strats | Summer Analyst","Warsaw, Mazowieckie, Poland","Europe","https://higher.gs.com/roles/175433","Official Goldman Sachs Higher API","Confirmed official posting","posted=2026-08-15 | role_id=175433 | program=Summer Analyst | division=Engineering Division"
"Group One Trading","Trading Analyst Intern","Chicago, IL","North America","https://group1.applicantpro.com/jobs/3859850","Official ApplicantPro posting","Confirmed official posting","Summer internship from June through August 2027; applicant must remain an active college student in Fall 2027."
"GSA Capital","Quantitative Researcher - Intern","London, New York","Global / Multiple Regions","https://www.gsacapital.com/careers/gh/?gh_jid=8570661002","Career page Greenhouse:gsacapital","Confirmed official posting","career_page=https://www.gsacapital.com/join-us | company_wrapper=https://www.gsacapital.com/job?gh_jid=8570661002 | internship timing not stated in title | We are interested in hearing from students at the penultimate year of their graduate or postgraduate studies who are looking to secure an internship in quantitative research and possess the relevant attributes. Research at GSA Capital means combining creativity, rigour and attention to detail in the design of systematic investment strategies. As a minimum, you must have an outstanding academic track record in a STEM, economics or empirical finance discipline from a leading academic institution and be able to demonstrate a passion and understanding for working within a quantitative environment. For candidates requiring visa sponsorship or additional immigration/right-to-work processing assistance, we encourage you to apply by end of Ma..."
"GSA Capital","Software Developer - Intern","London","Europe","https://www.gsacapital.com/careers/gh/?gh_jid=8570668002","Career page Greenhouse:gsacapital","Confirmed official posting","career_page=https://www.gsacapital.com/join-us | company_wrapper=https://www.gsacapital.com/job?gh_jid=8570668002 | internship timing not stated in title | We are interested in hearing from students in the penultimate year of their graduate or postgraduate studies who are looking to secure an internship within software development. At a minimum, you must have an outstanding foundation in computer science or a closely related discipline and be able to demonstrate a passion and understanding for writing high quality code. For candidates requiring visa sponsorship or additional immigration/right-to-work processing assistance, we encourage you to apply by end of March to allow sufficient time to complete the visa application and/or complete necessary checks before the internship start date."
"Hudson River Trading","Algorithm Development (Quant Research & Trading) Internship – Summer 2027","London, United Kingdom; New York, NY, United States; Singapore","Global / Multiple Regions","https://www.hudsonrivertrading.com/careers/job/?gh_jid=7964062","Career page Greenhouse:wehrtyou","Confirmed official posting","career_page=https://www.hudsonrivertrading.com/careers/ | company_wrapper=https://www.hudsonrivertrading.com/careers/job?gh_jid=7964062 | internship timing: Summer 2027 | We do not allow multiple applications. Please apply to the ONE role you are most interested in and we will consider you for all open positions when reviewing your application. Hudson River Trading (HRT) is seeking exceptional full-time students to join our Algorithm Development Summer Internship Program. Algorithm Developers at HRT focus on the research and implementation of automated trading strategies. As an intern, you will have the opportunity to rotate between our high- and mid-frequency trading teams, as well as our machine learning teams. In close collaboration with full-time mentors, you will apply sophisticated quantitative modeling techniques to understand and predict market behavior and write software to impr..."
"Hudson River Trading","Algorithm Development (Quant Research & Trading) PhD Internship – Summer 2027","London, United Kingdom; New York, NY, United States; Singapore","Global / Multiple Regions","https://www.hudsonrivertrading.com/careers/job/?gh_jid=8059837","Career page Greenhouse:wehrtyou","Confirmed official posting","career_page=https://www.hudsonrivertrading.com/careers/ | company_wrapper=https://www.hudsonrivertrading.com/careers/job?gh_jid=8059837 | internship timing: Summer 2027 | We do not allow multiple applications. Please apply to the ONE role you are most interested in and we will consider you for all open positions when reviewing your application. Hudson River Trading (HRT) is seeking exceptional full-time PhD students to join our Algorithm Development summer internship program. Algorithm Developers at HRT focus on the research and implementation of automated trading strategies. We trade on more than 200 markets around the world, across a variety of time horizons – offering ample opportunities to explore innovative, self-guided research and make a big impact on our business. Through this internship, you’ll have the opportunity to rotate across teams, learning and collaborating alongside res..."
"Hudson River Trading","Software Engineering Internship (C++ or Python) – Summer 2027","Austin, TX, United States; Chicago, Illinois, United States; London, United Kingdom; New York, NY, United States; Singapore","Global / Multiple Regions","https://www.hudsonrivertrading.com/careers/job/?gh_jid=8052083","Career page Greenhouse:wehrtyou","Confirmed official posting","career_page=https://www.hudsonrivertrading.com/careers/ | company_wrapper=https://www.hudsonrivertrading.com/careers/job?gh_jid=8052083 | internship timing: Summer 2027 | We do not allow multiple applications. Please apply to the ONE role you are most interested in and we will consider you for all open positions when reviewing your application. Hudson River Trading (HRT) is seeking highly motivated full-time students to join our Software Engineering Summer Internship Program. HRT brings together the sharpest minds across quantitative disciplines—math, computer science, physics, engineering, and more— within our world-class computing environment to rapidly scale solutions to the toughest problems in tech and trading. Our software engineers create and maintain technology and infrastructure that is integral to the success of our trading. Ideal candidates are smart programmers who love to co..."
"IMC Financial Markets","Hardware Engineer Intern - Summer 2027","Chicago, United States","North America","https://job-boards.eu.greenhouse.io/imc/jobs/4823945101","Greenhouse:imc","Confirmed official posting","internship timing: Summer 2027; graduation eligibility mentions: 2027, 2028; undergrad/BS/MS language found"
"IMC Financial Markets","Machine Learning Research Intern - Summer 2027 - Chicago","Chicago, United States","North America","https://job-boards.eu.greenhouse.io/imc/jobs/4907430101","Greenhouse:imc","Confirmed official posting","internship timing: Summer 2027; graduation eligibility mentions: 2027, 2028; undergrad/BS/MS language found"
"IMC Financial Markets","Quantitative Research Intern (BS/MS) - Summer 2027","Chicago, United States","North America","https://job-boards.eu.greenhouse.io/imc/jobs/4907399101","Greenhouse:imc","Confirmed official posting","internship timing: Summer 2027; graduation eligibility mentions: 2027, 2028; undergrad/BS/MS language found"
"IMC Financial Markets","Quantitative Trader Intern - Summer 2027","Chicago, United States","North America","https://job-boards.eu.greenhouse.io/imc/jobs/4823923101","Greenhouse:imc","Confirmed official posting","internship timing: Summer 2027; graduation eligibility mentions: 2027, 2028; undergrad/BS/MS language found"
"IMC Financial Markets","Software Engineer Intern - Summer 2027","Chicago, United States","North America","https://job-boards.eu.greenhouse.io/imc/jobs/4823924101","Greenhouse:imc","Confirmed official posting","internship timing: Summer 2027; graduation eligibility mentions: 2027, 2028; undergrad/BS/MS language found"
"IMC Trading","Hardware Engineer Intern","Amsterdam, Netherlands","Europe","https://job-boards.eu.greenhouse.io/imc/jobs/4927149101","Career page Greenhouse:imc","Confirmed official posting","career_page=https://job-boards.greenhouse.io/imc?error=true | company_wrapper=https://job-boards.greenhouse.io/job?gh_jid=4927149101 | internship timing not stated in title; graduation eligibility mentions: 2028 | Our internship programme in Amsterdam is your chance to experience life as an engineer at IMC. As a Hardware Engineer Intern, it’s about much more than just writing code: you’ll gain insight into IMC’s field-programmable gate array development process, get to know IMC’s unique business model and build valuable connections with our trading and technology teams. Throughout the internship, you will receive comprehensive support from dedicated internship trainers, and a one-on-one mentor to guide you in your work and professional development. You will benefit from a highly competitive compensation package, fully-furnished corporate accommodation, catered meals, and experience IMC’s..."
"IMC Trading","Machine Learning Research Intern - Summer 2027 - Amsterdam","Amsterdam, Netherlands","Europe","https://job-boards.eu.greenhouse.io/imc/jobs/4912874101","Career page Greenhouse:imc","Confirmed official posting","career_page=https://job-boards.greenhouse.io/imc?error=true | company_wrapper=https://job-boards.greenhouse.io/job?gh_jid=4912874101 | internship timing: Summer 2027; graduation eligibility mentions: 2028, 2027 | Our Machine Learning Internship is designed for curious, ambitious researchers who want to apply machine learning to complex, real-world problems. Over 10 weeks, you'll work alongside experienced researchers and mentors to develop models, analyze large-scale datasets, and contribute to research that informs IMC's trading strategies across global equities, futures, and options markets. You'll begin with a week of engaging, classroom-based learning in the proprietary trading landscape, then gain hands-on experience designing experiments, evaluating novel approaches, and tackling challenging problems in a collaborative, fast-paced environment where your work can have real-world imp..."
"IMC Trading","Machine Learning Research Intern - Summer 2027 - Sydney","Sydney,  Australia","Oceania","https://job-boards.eu.greenhouse.io/imc/jobs/4956547101","Career page Greenhouse:imc","Confirmed official posting","career_page=https://job-boards.greenhouse.io/imc?error=true | company_wrapper=https://job-boards.greenhouse.io/job?gh_jid=4956547101 | internship timing: Summer 2027 | ROLE OVERVIEW Our Machine Learning Internship is designed for curious, ambitious researchers who want to apply machine learning to complex, real-world problems. Over 10–12 weeks, you'll work alongside experienced researchers and mentors to develop models, analyze large-scale datasets, and contribute to research that informs IMC's trading strategies across global equities, futures, and options markets. You'll gain hands-on experience designing experiments, evaluating novel approaches, and tackling challenging problems in a collaborative, fast-paced environment where your work can have real-world impact. Throughout the program, you'll deepen your understanding of quantitative trading through a combination of classroom and on..."
"IMC Trading","Macro Analyst Intern","Amsterdam, Netherlands","Europe","https://job-boards.eu.greenhouse.io/imc/jobs/4941380101","Career page Greenhouse:imc","Confirmed official posting","career_page=https://job-boards.greenhouse.io/imc?error=true | company_wrapper=https://job-boards.greenhouse.io/job?gh_jid=4941380101 | internship timing not stated in title; graduation eligibility mentions: 2028 | MACRO ANALYST INTERN Our 9-week internship programme in Amsterdam is your chance to experience life as a Macro Analyst at IMC. As a Macro Analyst Intern, you will delve into the proprietary trading landscape during the first week of engaging and challenging classroom-based learning. You will have the opportunity hone your skills and apply what you’ve learned with a meaningful project and weekly trading challenges. Throughout the summer, you will receive comprehensive support from dedicated internship trainers, and mentors to guide you in your work and professional development. In our collaborative office environment, you will build a valuable network of IMC traders, researchers..."
"IMC Trading","Quantitative Research Intern 2027","Hong Kong, Hong Kong","Asia","https://job-boards.eu.greenhouse.io/imc/jobs/4941208101","Career page Greenhouse:imc","Confirmed official posting","career_page=https://job-boards.greenhouse.io/imc?error=true | company_wrapper=https://job-boards.greenhouse.io/job?gh_jid=4941208101 | internship timing not stated in title | IMC is a leading global trading firm that combines technology, advanced quantitative research, and cutting-edge machine learning techniques to trade a broad range of products globally. With a strong focus on innovation, we leverage quantitative models, high-performance computing, and a deep understanding of the markets to drive our trading decisions. As a Quantitative Research Intern, you’ll work at the intersection of data science, financial markets, and algorithmic trading, solving real-world challenges that drive our trading strategies. This internship program offers a unique opportunity to gain hands-on experience in quantitative research, supported by structured learning, real-world project work, and direct men..."
"IMC Trading","Quantitative Trader Intern","Amsterdam, Netherlands","Europe","https://job-boards.eu.greenhouse.io/imc/jobs/4936262101","Career page Greenhouse:imc","Confirmed official posting","career_page=https://job-boards.greenhouse.io/imc?error=true | company_wrapper=https://job-boards.greenhouse.io/job?gh_jid=4936262101 | internship timing not stated in title; graduation eligibility mentions: 2028 | Our summer internship programme in Amsterdam is your chance to experience life as a trader at IMC. As a Trader Intern, you will delve into the proprietary trading landscape during the first week of engaging and challenging classroom-based learning. You will have the opportunity hone your skills and apply what you’ve learned with a meaningful project and weekly trading challenges. Throughout the summer, you will receive comprehensive support from dedicated internship trainers, and mentors to guide you in your work and professional development. In our collaborative office environment, you will build a valuable network of IMC traders, researchers, analysts, and engineers. You will..."
"IMC Trading","Quantitative Trader Intern 2027","Hong Kong, Hong Kong","Asia","https://job-boards.eu.greenhouse.io/imc/jobs/4941205101","Career page Greenhouse:imc","Confirmed official posting","career_page=https://job-boards.greenhouse.io/imc?error=true | company_wrapper=https://job-boards.greenhouse.io/job?gh_jid=4941205101 | internship timing not stated in title | IMC is a fast, dynamic environment where you’re trusted to make decisions from day one. We trade a wide range of financial instruments in many different ways. This means we look for different types of traders, from the quantitative minds who enjoy the mathematical side of trading to those who want more of the fast-paced, hands-on style of trading and have a higher appetite for risk. Our quantitative traders all share one thing in common — they are at their best when solving complex problems. Their insights into global events, market shifts, and pricing ensure that we always trade in the right place, at the right time. Our 10-week trading internship is your chance to experience life as a trader at IMC. You’ll have al..."
"IMC Trading","Software Engineer Intern","Amsterdam, Netherlands","Europe","https://job-boards.eu.greenhouse.io/imc/jobs/4667854101","Career page Greenhouse:imc","Confirmed official posting","career_page=https://job-boards.greenhouse.io/imc?error=true | company_wrapper=https://job-boards.greenhouse.io/job?gh_jid=4667854101 | internship timing not stated in title; graduation eligibility mentions: 2028, 2027 | Our summer internship programme in Amsterdam is your chance to experience life as an engineer at IMC. As a Software Engineer Intern, you will go beyond writing code and designing technology: you’ll gain insight into algorithm complexity and data structures, get to know IMC’s unique business model, and build valuable connections with our trading and technology teams. Throughout the summer, you will work on a relevant project while receiving comprehensive support from dedicated internship trainers, and a one-on-one mentor to guide you in your work and professional development. You will benefit from a highly competitive compensation package, fully-furnished corporate accommo..."
"IMC Trading","Software Engineer Intern 2027","Hong Kong, Hong Kong","Asia","https://job-boards.eu.greenhouse.io/imc/jobs/4941206101","Career page Greenhouse:imc","Confirmed official posting","career_page=https://job-boards.greenhouse.io/imc?error=true | company_wrapper=https://job-boards.greenhouse.io/job?gh_jid=4941206101 | internship timing not stated in title | At IMC, Software Engineers don’t just write code and design technology. They are responsible for spotting new opportunities, developing new technologies, and solving problems. Every day, our software makes millions of trading decisions in some of the most competitive markets across the globe, and we win by making smarter and faster decisions than our competition. Our Software Engineers deliver results and make a difference. As a Software Engineer Intern at IMC, you will be supported by a mentor who will oversee your projects and professional development, while having access to pair programming and code reviews. During your internship, you will work on a real project, providing value to developers and traders. This y..."
"IMC Trading","Trader Intern","Amsterdam, Netherlands","Europe","https://job-boards.eu.greenhouse.io/imc/jobs/4939846101","Career page Greenhouse:imc","Confirmed official posting","career_page=https://job-boards.greenhouse.io/imc?error=true | company_wrapper=https://job-boards.greenhouse.io/job?gh_jid=4939846101 | internship timing not stated in title; graduation eligibility mentions: 2028 | Our summer internship programme in Amsterdam is your chance to experience life as a trader at IMC. As a Trader Intern, you will delve into the proprietary trading landscape during the first week of engaging and challenging classroom-based learning. You will have the opportunity hone your skills and apply what you’ve learned with a meaningful project and weekly trading challenges. Throughout the summer, you will receive comprehensive support from dedicated internship trainers, and mentors to guide you in your work and professional development. In our collaborative office environment, you will build a valuable network of IMC traders, researchers, analysts, and engineers. You will..."
"Invesco","Early Career Intern - Investments (Risk)","New York, New York","North America","https://invesco.wd1.myworkdayjobs.com/IVZ/job/New-York-New-York/Early-Career-Intern---Investments--Risk-_R-15052-1","Career page Workday:invesco/IVZ","Confirmed official posting","career_page=https://invesco.wd1.myworkdayjobs.com/en-US/IVZ/job/Division-Associate_R-5554 | Posted 8 Days Ago | R-15052"
"J.P. Morgan","Asset Management Summer Analyst Program","Varies by open location","Remote / Unspecified","https://careers.jpmorgan.com/US/en/students/programs/asset-management-summer-analyst","Official program page","Official broad program; check currently open locations","JPM page says interns research, analyze, and develop investment strategies and models; useful for quant asset-management track."
"J.P. Morgan","Markets Summer Analyst Program","Varies by open location","Remote / Unspecified","https://careers.jpmorgan.com/us/en/students/programs/markets-summer-analyst","Official program page","Official broad program; check currently open locations","JPM page describes work on market strategies, complex mathematical models, machine learning techniques, and trading simulations."
"Jane Street","Cybersecurity Engineer - Security Operations Center (SOC)","New York","North America","https://www.janestreet.com/join-jane-street/position/8632723002/","Official Jane Street jobs feed","Confirmed official posting","Internship; May-August; Cybersecurity"
"Jane Street","Data Engineer","New York","North America","https://www.janestreet.com/join-jane-street/position/8631973002/","Official Jane Street jobs feed","Confirmed official posting","Internship; May-August; Technology"
"Jane Street","Fundamental Research Analyst","New York","North America","https://www.janestreet.com/join-jane-street/position/8347286002/","Official Jane Street jobs feed","Confirmed official posting","Internship; May-August; Trading, Research, and Machine Learning"
"Jane Street","Hardware Engineer (FPGA/ASIC)","New York","North America","https://www.janestreet.com/join-jane-street/position/8624440002/","Official Jane Street jobs feed","Confirmed official posting","Internship; May-August; Technology"
"Jane Street","Hardware Engineer (FPGA/ASIC)","London","Europe","https://www.janestreet.com/join-jane-street/position/8651323002/","Official Jane Street jobs feed","Confirmed official posting","Internship; June-September; Technology"
"Jane Street","IT Operations Engineer","Hong Kong","Asia","https://www.janestreet.com/join-jane-street/position/8641377002/","Official Jane Street jobs feed","Confirmed official posting","Internship; May-August; Technology"
"Jane Street","IT Operations Engineer","New York","North America","https://www.janestreet.com/join-jane-street/position/8641280002/","Official Jane Street jobs feed","Confirmed official posting","Internship; May-August; Technology"
"Jane Street","IT Operations Engineer","London","Europe","https://www.janestreet.com/join-jane-street/position/8651274002/","Official Jane Street jobs feed","Confirmed official posting","Internship; June-September; Technology"
"Jane Street","IT Operations Engineer","Hong Kong","Asia","https://www.janestreet.com/join-jane-street/position/8377831002/","Official Jane Street jobs feed","Confirmed official posting","Internship; December-February; Technology"
"Jane Street","Linux Engineer","London","Europe","https://www.janestreet.com/join-jane-street/position/8626146002/","Official Jane Street jobs feed","Confirmed official posting","Internship; June-September; Technology"
"Jane Street","Linux Engineer","Hong Kong","Asia","https://www.janestreet.com/join-jane-street/position/8625946002/","Official Jane Street jobs feed","Confirmed official posting","Internship; May-August; Technology"
"Jane Street","Linux Engineer","New York","North America","https://www.janestreet.com/join-jane-street/position/8626260002/","Official Jane Street jobs feed","Confirmed official posting","Internship; May-August; Technology"
"Jane Street","Linux Engineer","Hong Kong","Asia","https://www.janestreet.com/join-jane-street/position/8377832002/","Official Jane Street jobs feed","Confirmed official posting","Internship; December-February; Technology"
"Jane Street","Machine Learning Engineer","New York","North America","https://www.janestreet.com/join-jane-street/position/8611307002/","Official Jane Street jobs feed","Confirmed official posting","Internship; May-August; Trading, Research, and Machine Learning"
"Jane Street","Machine Learning Engineer","London","Europe","https://www.janestreet.com/join-jane-street/position/8648474002/","Official Jane Street jobs feed","Confirmed official posting","Internship; June-September; Trading, Research, and Machine Learning"
"Jane Street","Machine Learning Researcher","London","Europe","https://www.janestreet.com/join-jane-street/position/8594416002/","Official Jane Street jobs feed","Confirmed official posting","Internship; June-September; Trading, Research, and Machine Learning"
"Jane Street","Machine Learning Researcher","New York","North America","https://www.janestreet.com/join-jane-street/position/8384490002/","Official Jane Street jobs feed","Confirmed official posting","Internship; May-August; Trading, Research, and Machine Learning"
"Jane Street","Mechanical Engineer","New York","North America","https://www.janestreet.com/join-jane-street/position/8675822002/","Official Jane Street jobs feed","Confirmed official posting","Internship; May-August; Technology"
"Jane Street","Network Engineer","New York","North America","https://www.janestreet.com/join-jane-street/position/8620793002/","Official Jane Street jobs feed","Confirmed official posting","Internship; May-August; Technology"
"Jane Street","Network Engineer","Singapore","Asia","https://www.janestreet.com/join-jane-street/position/8693539002/","Official Jane Street jobs feed","Confirmed official posting","Internship; May-August; Technology"
"Jane Street","Quantitative Researcher","London","Europe","https://www.janestreet.com/join-jane-street/position/8474416002/","Official Jane Street jobs feed","Confirmed official posting","Internship; June-September; Trading, Research, and Machine Learning"
"Jane Street","Quantitative Researcher","Hong Kong","Asia","https://www.janestreet.com/join-jane-street/position/8623868002/","Official Jane Street jobs feed","Confirmed official posting","Internship; May-August; Trading, Research, and Machine Learning"
"Jane Street","Quantitative Researcher","New York","North America","https://www.janestreet.com/join-jane-street/position/8498547002/","Official Jane Street jobs feed","Confirmed official posting","Internship; May-August; Trading, Research, and Machine Learning"
"Jane Street","Quantitative Trader","New York","North America","https://www.janestreet.com/join-jane-street/position/8617344002/","Official Jane Street jobs feed","Confirmed official posting","Internship; May-August; Trading, Research, and Machine Learning"
"Jane Street","Quantitative Trader","London","Europe","https://www.janestreet.com/join-jane-street/position/8474407002/","Official Jane Street jobs feed","Confirmed official posting","Internship; June-September; Trading, Research, and Machine Learning"
"Jane Street","Quantitative Trader","Hong Kong","Asia","https://www.janestreet.com/join-jane-street/position/8623733002/","Official Jane Street jobs feed","Confirmed official posting","Internship; May-August; Trading, Research, and Machine Learning"
"Jane Street","Sales and Trading","New York","North America","https://www.janestreet.com/join-jane-street/position/8347385002/","Official Jane Street jobs feed","Confirmed official posting","Internship; May-August; Institutional Sales and Trading"
"Jane Street","Sales and Trading","London","Europe","https://www.janestreet.com/join-jane-street/position/8537797002/","Official Jane Street jobs feed","Confirmed official posting","Internship; June-September; Institutional Sales and Trading"
"Jane Street","Sales and Trading","Hong Kong","Asia","https://www.janestreet.com/join-jane-street/position/8630687002/","Official Jane Street jobs feed","Confirmed official posting","Internship; May-August; Institutional Sales and Trading"
"Jane Street","Software Engineer","London","Europe","https://www.janestreet.com/join-jane-street/position/8589868002/","Official Jane Street jobs feed","Confirmed official posting","Internship; June-September; Technology"
"Jane Street","Software Engineer","New York","North America","https://www.janestreet.com/join-jane-street/position/8419303002/","Official Jane Street jobs feed","Confirmed official posting","Co-Op; January-April; Technology"
"Jane Street","Software Engineer","Hong Kong","Asia","https://www.janestreet.com/join-jane-street/position/8617298002/","Official Jane Street jobs feed","Confirmed official posting","Internship; May-August; Technology"
"Jane Street","Software Engineer","Singapore","Asia","https://www.janestreet.com/join-jane-street/position/8632392002/","Official Jane Street jobs feed","Confirmed official posting","Internship; May-August; Technology"
"Jane Street","Software Engineer","New York","North America","https://www.janestreet.com/join-jane-street/position/8599644002/","Official Jane Street jobs feed","Confirmed official posting","Internship; May-August; Technology"
"Jane Street","Software Engineer","Hong Kong","Asia","https://www.janestreet.com/join-jane-street/position/7582902002/","Official Jane Street jobs feed","Confirmed official posting","Internship; December-February; Technology"
"Jane Street","Strategy and Product","Hong Kong","Asia","https://www.janestreet.com/join-jane-street/position/8630713002/","Official Jane Street jobs feed","Confirmed official posting","Internship; May-August; Strategy and Product"
"Jane Street","Strategy and Product","New York","North America","https://www.janestreet.com/join-jane-street/position/8621552002/","Official Jane Street jobs feed","Confirmed official posting","Internship; May-August; Strategy and Product"
"Jane Street","Strategy and Product","London","Europe","https://www.janestreet.com/join-jane-street/position/8518854002/","Official Jane Street jobs feed","Confirmed official posting","Internship; June-September; Strategy and Product"
"Jane Street","Tools & Compilers Research and Development","London","Europe","https://www.janestreet.com/join-jane-street/position/5866838002/","Official Jane Street jobs feed","Confirmed official posting","Internship; Flexible; Technology"
"Jane Street","Tools and Compilers Research and Development","New York","North America","https://www.janestreet.com/join-jane-street/position/5869205002/","Official Jane Street jobs feed","Confirmed official posting","Internship; Flexible; Technology"
"Jane Street","Trading Desk Operations Engineer","Hong Kong","Asia","https://www.janestreet.com/join-jane-street/position/8620505002/","Official Jane Street jobs feed","Confirmed official posting","Internship; May-August; Trading, Research, and Machine Learning"
"Jane Street","Trading Desk Operations Engineer","London","Europe","https://www.janestreet.com/join-jane-street/position/8700980002/","Official Jane Street jobs feed","Confirmed official posting","Internship; June-September; Trading, Research, and Machine Learning"
"Jane Street","Trading Desk Operations Engineer","New York","North America","https://www.janestreet.com/join-jane-street/position/8621450002/","Official Jane Street jobs feed","Confirmed official posting","Internship; May-August; Trading, Research, and Machine Learning"
"Jane Street","Windows Engineer","New York","North America","https://www.janestreet.com/join-jane-street/position/8628843002/","Official Jane Street jobs feed","Confirmed official posting","Internship; May-August; Technology"
"Jump Trading","Campus AI Research Engineer - Deep Learning (Intern)","Chicago; New York","North America","https://www.jumptrading.com/hr/job?gh_jid=8052338","Greenhouse:jumptrading","Confirmed official posting","internship timing not stated in title; undergrad/BS/MS language found"
"Jump Trading","Campus AI Research Engineer – Research Automation (Intern)","Chicago; New York","North America","https://www.jumptrading.com/hr/job?gh_jid=8052351","Greenhouse:jumptrading","Confirmed official posting","internship timing not stated in title; undergrad/BS/MS language found"
"Jump Trading","Campus AI Research Engineer (Intern)","Chicago; New York","North America","https://www.jumptrading.com/hr/job?gh_jid=8052281","Greenhouse:jumptrading","Confirmed official posting","internship timing not stated in title; undergrad/BS/MS language found"
"Jump Trading","Campus ASIC Engineer (Intern)","Bristol","Europe","https://www.jumptrading.com/hr/job?gh_jid=7974837","Greenhouse:jumptrading","Confirmed official posting","internship timing not stated in title; undergrad/BS/MS language found"
"Jump Trading","Campus C++ Software Engineer (Intern)","Singapore","Asia","https://www.jumptrading.com/hr/job?gh_jid=8027946","Greenhouse:jumptrading","Confirmed official posting","internship timing not stated in title; undergrad/BS/MS language found"
"Jump Trading","Campus Data Engineer (Intern)","London","Europe","https://www.jumptrading.com/hr/job?gh_jid=7975008","Greenhouse:jumptrading","Confirmed official posting","internship timing not stated in title; undergrad/BS/MS language found"
"Jump Trading","Campus Data Engineer (Intern)","Chicago","North America","https://www.jumptrading.com/hr/job?gh_jid=8002998","Greenhouse:jumptrading","Confirmed official posting","internship timing not stated in title; undergrad/BS/MS language found"
"Jump Trading","Campus FPGA Engineer (Intern)","Chicago","North America","https://www.jumptrading.com/hr/job?gh_jid=8003013","Greenhouse:jumptrading","Confirmed official posting","internship timing not stated in title; undergrad/BS/MS language found"
"Jump Trading","Campus FPGA Engineer (Intern)","London","Europe","https://www.jumptrading.com/hr/job?gh_jid=7974391","Greenhouse:jumptrading","Confirmed official posting","internship timing not stated in title; undergrad/BS/MS language found"
"Jump Trading","Campus ML Research Engineer (Intern)","London","Europe","https://www.jumptrading.com/hr/job?gh_jid=7977145","Greenhouse:jumptrading","Confirmed official posting","internship timing not stated in title; undergrad/BS/MS language found"
"Jump Trading","Campus Python Software Engineer (Intern)","Singapore","Asia","https://www.jumptrading.com/hr/job?gh_jid=8027955","Greenhouse:jumptrading","Confirmed official posting","internship timing not stated in title; undergrad/BS/MS language found"
"Jump Trading","Campus Quantitative Research Intern (Off-Cycle - Winter/Spring 2027)","Hong Kong, Shanghai","Asia","https://www.jumptrading.com/hr/job?gh_jid=8027898","Greenhouse:jumptrading","Confirmed official posting","internship timing: Spring 2027; graduation eligibility mentions: 2027; undergrad/BS/MS language found"
"Jump Trading","Campus Quantitative Researcher (Intern)","Hong Kong, Shanghai","Asia","https://www.jumptrading.com/hr/job?gh_jid=8027900","Greenhouse:jumptrading","Confirmed official posting","internship timing not stated in title; undergrad/BS/MS language found"
"Jump Trading","Campus Quantitative Researcher (Intern)","Singapore","Asia","https://www.jumptrading.com/hr/job?gh_jid=8027939","Greenhouse:jumptrading","Confirmed official posting","internship timing not stated in title; undergrad/BS/MS language found"
"Jump Trading","Campus Quantitative Researcher (Intern)","London; Amsterdam","Europe","https://www.jumptrading.com/hr/job?gh_jid=8010307","Greenhouse:jumptrading","Confirmed official posting","internship timing not stated in title; undergrad/BS/MS language found"
"Jump Trading","Campus Quantitative Researcher (M1/M2 Intern)","London; Paris","Europe","https://www.jumptrading.com/hr/job?gh_jid=8059384","Greenhouse:jumptrading","Confirmed official posting","internship timing not stated in title; undergrad/BS/MS language found"
"Jump Trading","Campus Quantitative Researcher, UG/MS (Intern)","Chicago; New York","North America","https://www.jumptrading.com/hr/job?gh_jid=7982648","Greenhouse:jumptrading","Confirmed official posting","internship timing not stated in title; undergrad/BS/MS language found"
"Jump Trading","Campus Quantitative Trader (Intern)","Chicago; New York","North America","https://www.jumptrading.com/hr/job?gh_jid=7848371","Greenhouse:jumptrading","Confirmed official posting","internship timing not stated in title; undergrad/BS/MS language found"
"Jump Trading","Campus Quantitative Trader (Intern)","London; Amsterdam","Europe","https://www.jumptrading.com/hr/job?gh_jid=8050772","Greenhouse:jumptrading","Confirmed official posting","internship timing not stated in title; undergrad/BS/MS language found"
"Jump Trading","Campus Quantitative Trader (Intern)","Singapore","Asia","https://www.jumptrading.com/hr/job?gh_jid=8027941","Greenhouse:jumptrading","Confirmed official posting","internship timing not stated in title; undergrad/BS/MS language found"
"Jump Trading","Campus Quantitative Trader (Intern)","Hong Kong, Shanghai","Asia","https://www.jumptrading.com/hr/job?gh_jid=8027922","Greenhouse:jumptrading","Confirmed official posting","internship timing not stated in title; undergrad/BS/MS language found"
"Jump Trading","Campus Software Engineer (Intern)","London","Europe","https://www.jumptrading.com/hr/job?gh_jid=7975026","Greenhouse:jumptrading","Confirmed official posting","internship timing not stated in title; undergrad/BS/MS language found"
"Jump Trading","Campus Software Engineer (Intern)","Chicago","North America","https://www.jumptrading.com/hr/job?gh_jid=8002989","Greenhouse:jumptrading","Confirmed official posting","internship timing not stated in title; undergrad/BS/MS language found"
"Jump Trading","Campus Systems Engineer (Intern)","Chicago","North America","https://www.jumptrading.com/hr/job?gh_jid=8007788","Greenhouse:jumptrading","Confirmed official posting","internship timing not stated in title; undergrad/BS/MS language found"
"Jump Trading","Campus Systems Engineer (Intern)","London; Amsterdam","Europe","https://www.jumptrading.com/hr/job?gh_jid=8000323","Greenhouse:jumptrading","Confirmed official posting","internship timing not stated in title; undergrad/BS/MS language found"
"Jump Trading","Campus Systems Engineer (Intern)","Singapore","Asia","https://www.jumptrading.com/hr/job?gh_jid=8027952","Greenhouse:jumptrading","Confirmed official posting","internship timing not stated in title; undergrad/BS/MS language found"
"Jump Trading","Campus Trading Team Software Engineer  (Intern)","Hong Kong","Asia","https://www.jumptrading.com/hr/job?gh_jid=7565728","Greenhouse:jumptrading","Confirmed official posting","internship timing not stated in title; graduation eligibility mentions: 2026, 2027; undergrad/BS/MS language found"
"Jump Trading","Campus UI Software Engineer (Intern)","London","Europe","https://www.jumptrading.com/hr/job?gh_jid=7974943","Greenhouse:jumptrading","Confirmed official posting","internship timing not stated in title; undergrad/BS/MS language found"
"Jump Trading","Campus UI Software Engineer (Intern)","Chicago","North America","https://www.jumptrading.com/hr/job?gh_jid=8003019","Greenhouse:jumptrading","Confirmed official posting","internship timing not stated in title; undergrad/BS/MS language found"
"Maven Securities","Quant Trader Internship 2027 (6 months)","London","Europe","https://job-boards.greenhouse.io/mavensecuritiesholdingltd/jobs/8043552","Career page Greenhouse:mavensecuritiesholdingltd","Confirmed official posting","career_page=https://www.mavensecurities.com/jobs/ | company_wrapper=https://www.mavensecurities.com/jobs/job?gh_jid=8043552 | internship timing not stated in title | Maven Securities is a leading proprietary trading firm that leverages sophisticated technology and quantitative analysis to trade in global financial markets. We specialise in options and derivatives market making, where your skills can be directly applied to have a real impact. Please note, this Quant Trader Internship is 6 months, full-time. If you would like to be considered for our Chicago Trader Summer Internship, please apply here . Alternatively, if you would like to be considered for our London Trader Summer Internship, applications will open on 7th September. We can only accept one application per candidate per recruitment cycle, so please ensure you apply to the role you are most interested in. THE ROLE As a Quanti..."
"Maven Securities","Trader Summer Internship Chicago 2027","Chicago","North America","https://job-boards.greenhouse.io/mavensecuritiesholdingltd/jobs/8051937","Career page Greenhouse:mavensecuritiesholdingltd","Confirmed official posting","career_page=https://www.mavensecurities.com/jobs/ | company_wrapper=https://www.mavensecurities.com/jobs/job?gh_jid=8051937 | internship timing: Summer | Summer Trader Internship Chicago 2027 Maven Securities is a leading proprietary trading firm that leverages sophisticated technology and quantitative analysis to trade in global financial markets. We specialize in options and derivatives market making, where your skills can be directly applied to have a real impact. At Maven, we believe exceptional careers are built deliberately. Our summer internship is designed for a small number of high-potential students each year, combining structured training and practical exposure. We don’t hire large classes with the expectation that only a few will succeed, we invest in every individual who joins the program. Program details Location: Chicago Program start date: June 2027 Base salary: $110k pro..."
"Morgan Stanley","2027 Institutional Equity Division Quantitative Finance Summer Analyst / Associate Program","Hong Kong","Asia","https://morganstanley.tal.net/vx/lang-en-GB/mobile-0/brand-2/xf-5ae2f1abc6f7/candidate/so/pm/1/pl/1/opp/21270-2027-Institutional-Equity-Division-Quantitative-Finance-Summer-Analyst-Associate-Program-Hong-Kong/en-GB","Official Morgan Stanley campus posting","Confirmed official posting","Ten-week Summer 2027 program; application deadlines listed as August 16 and September 27, 2026."
"Old Mission Capital","Software Engineer – 2027 Internship Program (June Start)","Chicago, IL, United States","North America","https://www.oldmissioncapital.com/careers/?gh_jid=7796180003","Career page Greenhouse:oldmissioncapital","Confirmed official posting","career_page=https://www.oldmissioncapital.com/careers/ | company_wrapper=https://www.oldmissioncapital.com/careers/job?gh_jid=7796180003 | internship timing not stated in title; graduation eligibility mentions: 2027, 2028 | Old Mission is a global proprietary trading firm that leverages state-of-the-art technology and research to identify and execute profitable trading strategies across multiple asset classes around the world. Our offices in Chicago, New York, and London are all composed of naturally-curious individuals who thrive in a team environment and constantly strive for improvement. About the Position Our internship program is geared for current students who want to work alongside our talented software engineers creating impactful solutions to further the firm's market initiatives. We are a smaller firm, which means you'll get to know the people you're working with and they'll ge..."
"Old Mission Capital","Software Engineer – 2027 Internship Program (June Start)","Chicago, IL","North America","https://jobs.ashbyhq.com/old-mission-capital/d003aaa4-a1e9-46b5-b271-eaccc15db9d6","Ashby:old-mission-capital","Confirmed official posting","internship timing not stated in title; graduation eligibility mentions: 2027, 2028; undergrad/BS/MS language found"
"Optiver","2027 Shanghai FPGA Developer Summer Internship","Shanghai, China","Asia","https://www.optiver.com/join-us/jobs/8644364002/?gh_jid=8644364002","Greenhouse:optiverus","Confirmed official posting","internship timing: Summer; graduation eligibility mentions: 2028, 2027; undergrad/BS/MS language found"
"Optiver","2027 Shanghai Machine Learning Engineer Summer Internship","Shanghai, China","Asia","https://www.optiver.com/join-us/jobs/8633966002/?gh_jid=8633966002","Greenhouse:optiverus","Confirmed official posting","internship timing: Summer; graduation eligibility mentions: 2028; undergrad/BS/MS language found"
"Optiver","2027 Shanghai Software Developer Summer Internship","Shanghai, China","Asia","https://www.optiver.com/join-us/jobs/8623927002/?gh_jid=8623927002","Greenhouse:optiverus","Confirmed official posting","internship timing: Summer; graduation eligibility mentions: 2028, 2027; undergrad/BS/MS language found"
"Optiver","FPGA Engineer Intern (Summer 2027 - Austin)","Austin, Texas, United States","North America","https://www.optiver.com/join-us/jobs/8641352002/?gh_jid=8641352002","Greenhouse:optiverus","Confirmed official posting","internship timing: Summer 2027; graduation eligibility mentions: 2027, 2028; undergrad/BS/MS language found"
"Optiver","FPGA Engineer Intern (Summer 2027 - Chicago)","Chicago, Illinois, United States","North America","https://www.optiver.com/join-us/jobs/8402114002/?gh_jid=8402114002","Greenhouse:optiverus","Confirmed official posting","internship timing: Summer 2027; graduation eligibility mentions: 2027, 2028; undergrad/BS/MS language found"
"Optiver","FPGA Internship (2027 Start)","Amsterdam, North Holland, Netherlands","Europe","https://www.optiver.com/join-us/jobs/8713775002/?gh_jid=8713775002","Greenhouse:optiverus","Confirmed official posting","internship timing not stated in title; graduation eligibility mentions: 2028; undergrad/BS/MS language found"
"Optiver","Institutional Trader Intern (2027 Start - Chicago)","Chicago, Illinois, United States","North America","https://job-boards.greenhouse.io/optiverprivate/jobs/8402208002","Career page Greenhouse:optiverprivate","Confirmed official posting","career_page=https://job-boards.greenhouse.io/optiverprivate | company_wrapper=https://job-boards.greenhouse.io/job?gh_jid=8402208002 | internship timing not stated in title; graduation eligibility mentions: 2027, 2028 | As an Institutional Trader Intern at Optiver, you’ll spend your summer embedded in the fast-paced environment of our trading floor, learning from industry experts. Through a combination of structured education sessions and hands-on experience in live market conditions, you’ll gain deep insight into how markets move and how our Institutional Traders make impact. You’ll test your ideas, sharpen your decision-making, and collaborate with peers and mentors to solve real market challenges. By the end of the 10-week internship, you’ll be equipped with the foundational skills and knowledge required to succeed as an Institutional Trader at a top global trading firm. What you’ll d..."
"Optiver","Quantitative Intern (Summer 2027)","Austin, Texas, United States","North America","https://www.optiver.com/join-us/jobs/8682750002/?gh_jid=8682750002","Greenhouse:optiverus","Confirmed official posting","internship timing: Summer 2027; graduation eligibility mentions: 2027, 2029; undergrad/BS/MS language found"
"Optiver","Quantitative Intern (Summer 2027)","Chicago, Illinois, United States","North America","https://www.optiver.com/join-us/jobs/8402215002/?gh_jid=8402215002","Greenhouse:optiverus","Confirmed official posting","internship timing: Summer 2027; graduation eligibility mentions: 2027, 2029; undergrad/BS/MS language found"
"Optiver","Quantitative Research Internship (2027 Start)","Amsterdam, North Holland, Netherlands","Europe","https://www.optiver.com/join-us/jobs/8488699002/?gh_jid=8488699002","Greenhouse:optiverus","Confirmed official posting","internship timing not stated in title; graduation eligibility mentions: 2028; undergrad/BS/MS language found"
"Optiver","Quantitative Research Internship, Bachelor or Master (Summer 2027 - Shanghai)","Shanghai, China","Asia","https://www.optiver.com/join-us/jobs/8644376002/?gh_jid=8644376002","Greenhouse:optiverus","Confirmed official posting","internship timing: Summer 2027; graduation eligibility mentions: 2028, 2027; undergrad/BS/MS language found"
"Optiver","Quantitative Trading Internship (2027 Start)","Amsterdam, North Holland, Netherlands","Europe","https://www.optiver.com/join-us/jobs/8488701002/?gh_jid=8488701002","Greenhouse:optiverus","Confirmed official posting","internship timing not stated in title; graduation eligibility mentions: 2028; undergrad/BS/MS language found"
"Optiver","Quantitative Trading Internship (Singapore) - 2027","Singapore","Asia","https://www.optiver.com/join-us/jobs/8642260002/?gh_jid=8642260002","Greenhouse:optiverus","Confirmed official posting","internship timing not stated in title; graduation eligibility mentions: 2026, 2028; undergrad/BS/MS language found"
"Optiver","Quantitative Trading Internship (Summer 2027 - Shanghai)","Shanghai, China","Asia","https://www.optiver.com/join-us/jobs/8623923002/?gh_jid=8623923002","Greenhouse:optiverus","Confirmed official posting","internship timing: Summer 2027; graduation eligibility mentions: 2028, 2027; undergrad/BS/MS language found"
"Optiver","Quantitative Trading Internship (Taiwan) - 2027","Taipei, Taiwan","Asia","https://www.optiver.com/join-us/jobs/8011956002/?gh_jid=8011956002","Greenhouse:optiverus","Confirmed official posting","internship timing not stated in title; graduation eligibility mentions: 2026; undergrad/BS/MS language found"
"Optiver","Software Engineer Intern (Summer 2027 - Austin)","Austin, Texas, United States","North America","https://www.optiver.com/join-us/jobs/8401052002/?gh_jid=8401052002","Greenhouse:optiverus","Confirmed official posting","internship timing: Summer 2027; graduation eligibility mentions: 2027, 2028; undergrad/BS/MS language found"
"Optiver","Software Engineer Intern (Summer 2027 - Chicago)","Chicago, Illinois, United States","North America","https://www.optiver.com/join-us/jobs/8604760002/?gh_jid=8604760002","Greenhouse:optiverus","Confirmed official posting","internship timing: Summer 2027; graduation eligibility mentions: 2027, 2028; undergrad/BS/MS language found"
"Optiver","Software Engineer Internship (2027 Start)","London, England, United Kingdom","Europe","https://www.optiver.com/join-us/jobs/8713435002/?gh_jid=8713435002","Greenhouse:optiverus","Confirmed official posting","internship timing not stated in title; graduation eligibility mentions: 2028, 2027; undergrad/BS/MS language found"
"Optiver","Software Engineer Internship (2027 Start)","Amsterdam, North Holland, Netherlands","Europe","https://www.optiver.com/join-us/jobs/8713409002/?gh_jid=8713409002","Greenhouse:optiverus","Confirmed official posting","internship timing not stated in title; graduation eligibility mentions: 2028; undergrad/BS/MS language found"
"Optiver","Trading Automation and Operations Intern (Summer 2027)","Chicago, Illinois, United States","North America","https://www.optiver.com/join-us/jobs/8489582002/?gh_jid=8489582002","Greenhouse:optiverus","Confirmed official posting","internship timing: Summer 2027; graduation eligibility mentions: 2027, 2028; undergrad/BS/MS language found"
"PDT Partners","Summer 2027 Software Engineering Intern","New York, NY","North America","https://job-boards.greenhouse.io/pdtpartners/jobs/8077685","Career page Greenhouse:pdtpartners","Confirmed official posting","career_page=https://job-boards.greenhouse.io/pdtpartners?error=true | company_wrapper=https://job-boards.greenhouse.io/job?gh_jid=8077685 | internship timing: Summer 2027; graduation eligibility mentions: 2027 | Eligibility: Current Bachelor's, Master's, or PhD students pursuing degrees in rigorous, highly technical fields (e.g., Computer Science, Computer Engineering) who are eligible for full-time roles starting in 2028 or 2029. Program Length: 10 Weeks (Early June – Mid August) Application Process: Please apply directly through this posting. Applications are reviewed and candidates will progress on a rolling basis. You can anticipate receiving feedback on your application within 3 weeks. PDT Partners – a quantitative investment manager - is seeking talented engineering students for Software Engineering focused internships. We are looking for interns who can add to a company that value..."
"PDT Partners","Summer 2027 Systems Engineering Intern","New York, NY","North America","https://job-boards.greenhouse.io/pdtpartners/jobs/8083292","Career page Greenhouse:pdtpartners","Confirmed official posting","career_page=https://job-boards.greenhouse.io/pdtpartners?error=true | company_wrapper=https://job-boards.greenhouse.io/job?gh_jid=8083292 | internship timing: Summer 2027; graduation eligibility mentions: 2027 | Eligibility: Current Bachelor's, Master's, or PhD students pursuing degrees in rigorous, highly technical fields (e.g., Computer Science, Computer Engineering) who are eligible for full-time roles starting in 2028. Program Length: 10 Weeks (Early June – Mid August) Application Process: Please apply directly through this posting. Applications are reviewed, and candidates will progress to the first-round technical assessment on a rolling basis. You can anticipate receiving feedback on your application within 3 weeks. PDT Partners – a quantitative investment manager - is seeking talented students for internships focused on Infrastructure Engineering (Systems, Network, DevOps, Cloud,..."
"Peak6","Trading Bootcamp Micro-Internship - Summer 2027","Chicago, IL","North America","https://peak6group.wd1.myworkdayjobs.com/PEAK6/job/Chicago-IL/Trading-Bootcamp-Micro-Internship---Summer-2027_JR105057-1","Career page Workday:peak6group/PEAK6","Confirmed official posting","career_page=https://peak6group.wd1.myworkdayjobs.com/PEAK6 | Posted 15 Days Ago | JR105057"
"Peak6","Trading Internship for Women+ Summer 2027","Chicago, IL","North America","https://peak6group.wd1.myworkdayjobs.com/PEAK6/job/Chicago-IL/Trading-Internship-for-Women--Summer-2027_JR105061","Career page Workday:peak6group/PEAK6","Confirmed official posting","career_page=https://peak6group.wd1.myworkdayjobs.com/PEAK6 | Posted 15 Days Ago | JR105061"
"PIMCO","2027 Summer Intern - Client Solutions & Analytics Analyst, US","Newport Beach, CA USA","North America","https://pimco.wd1.myworkdayjobs.com/pimco-careers/job/Newport-Beach-CA-USA/XMLNAME-2027-Summer-Intern---Client-Solutions---Analytics-Analyst--US_R106605","Career page Workday:pimco/pimco-careers","Confirmed official posting","career_page=https://pimco.wd1.myworkdayjobs.com/pimco-careers | Posted 8 Days Ago | R106605"
"PIMCO","2027 Summer Intern - Global Wealth Management, Strategic Accounts Analyst, US","2 Locations","Remote / Unspecified","https://pimco.wd1.myworkdayjobs.com/pimco-careers/job/New-York-NY-USA/XMLNAME-2027-Summer-Intern---Global-Wealth-Management--Strategic-Accounts-Analyst--US--_R106770","Career page Workday:pimco/pimco-careers","Confirmed official posting","career_page=https://pimco.wd1.myworkdayjobs.com/pimco-careers | Posted 5 Days Ago | R106770"
"PIMCO","2027 Summer Intern - Product Strategy Analyst, US","Newport Beach, CA USA","North America","https://pimco.wd1.myworkdayjobs.com/pimco-careers/job/Newport-Beach-CA-USA/XMLNAME-2027-Summer-Intern---Product-Strategy-Analyst--US_R106626","Career page Workday:pimco/pimco-careers","Confirmed official posting","career_page=https://pimco.wd1.myworkdayjobs.com/pimco-careers | Posted 8 Days Ago | R106626"
"PIMCO","2027 Summer Intern - Technology Analyst, Software Engineering","Austin, TX USA","North America","https://pimco.wd1.myworkdayjobs.com/pimco-careers/job/Austin-TX-USA/XMLNAME-2027-Summer-Intern---Technology-Analyst--Software-Engineering_R106745","Career page Workday:pimco/pimco-careers","Confirmed official posting","career_page=https://pimco.wd1.myworkdayjobs.com/pimco-careers | Posted 8 Days Ago | R106745"
"PIMCO","2027 Summer Intern – Trading Analyst, US","Newport Beach, CA USA","North America","https://pimco.wd1.myworkdayjobs.com/pimco-careers/job/Newport-Beach-CA-USA/XMLNAME-2027-Summer-Intern---Trading-Analyst--US_R106763","Career page Workday:pimco/pimco-careers","Confirmed official posting","career_page=https://pimco.wd1.myworkdayjobs.com/pimco-careers | Posted 6 Days Ago | R106763"
"Point72","Cubist Quantitative Researcher Intern","Singapore","Asia","https://boards.greenhouse.io/point72/jobs/7297598002?gh_jid=7297598002","Career page Greenhouse:point72","Confirmed official posting","career_page=https://careers.point72.com/ | company_wrapper=https://careers.point72.com/job?gh_jid=7297598002 | internship timing not stated in title | ABOUT CUBIST Cubist Systematic Strategies, an affiliate of Point72, deploys systematic, computer-driven trading strategies across multiple liquid asset classes, including equities, futures and foreign exchange. The core of our effort is rigorous research into a wide range of market anomalies, fueled by our unparalleled access to a wide range of publicly available data sources. ROLE Quantitative alpha research requires mastery of multiple domains. The best research requires original research ideas, good intuition, strong data analysis skills, and good research planning. Our research directly drives our investment decisions. This role is highly selective. We have a long history of training extraordinarily talented academic researchers to suc..."
"Point72","Cubist Quantitative Researcher Intern","Hong Kong","Asia","https://boards.greenhouse.io/point72/jobs/7297611002?gh_jid=7297611002","Career page Greenhouse:point72","Confirmed official posting","career_page=https://careers.point72.com/ | company_wrapper=https://careers.point72.com/job?gh_jid=7297611002 | internship timing not stated in title | ABOUT CUBIST Cubist Systematic Strategies, an affiliate of Point72, deploys systematic, computer-driven trading strategies across multiple liquid asset classes, including equities, futures and foreign exchange. The core of our effort is rigorous research into a wide range of market anomalies, fueled by our unparalleled access to a wide range of publicly available data sources. ROLE Quantitative alpha research requires mastery of multiple domains. The best research requires original research ideas, good intuition, strong data analysis skills, and good research planning. Our research directly drives our investment decisions. This role is highly selective. We have a long history of training extraordinarily talented academic researchers to suc..."
"Point72","Machine Learning Researcher - Intern","New York","North America","https://boards.greenhouse.io/point72/jobs/7302611002?gh_jid=7302611002","Career page Greenhouse:point72","Confirmed official posting","career_page=https://careers.point72.com/ | company_wrapper=https://careers.point72.com/job?gh_jid=7302611002 | internship timing not stated in title | JOB DESCRIPTION Researchers are responsible for applying, adapting, and extending existing results in the broad field of machine learning, while also conducting novel research as required. We are interested in all aspects of ML including: predictive modelling, clustering, time series analysis, natural language processing, and computer vision. Successful researchers manage all aspects of the research process including methodology selection, data collection and analysis, implementation and testing, prototyping, and performance evaluation. Some successful researchers have joined us from similar backgrounds at other firms. Others have joined from related fields or directly from academia and have thrived with hands on guidance from our large te..."
"Point72","Quantitative Developer Intern","New York","North America","https://boards.greenhouse.io/point72/jobs/8721562002?gh_jid=8721562002","Career page Greenhouse:point72","Confirmed official posting","career_page=https://careers.point72.com/ | company_wrapper=https://careers.point72.com/job?gh_jid=8721562002 | internship timing not stated in title; graduation eligibility mentions: 2027 | About the Team A highly collaborative, fast-growing team, Point72 Internal Alpha Capture (IAC) is developing scalable quantitative equity trading signals that leverage rigorous research, state-of-the-art machine learning methods, a broad range of public and proprietary data sources, and unparalleled computing power. We are looking for exceptional students to join us as quantitative developer interns for Winter 2027 (January to April). Our interns will work closely with our team, receive comprehensive, in-depth training, and help develop novel signals that may have a real impact. WHAT YOU'LL DO Build and enhance reliable, low-latency Java components such as messaging handlers and market data parsers wi..."
"Point72","Quantitative Research Intern","New York, Seattle","North America","https://boards.greenhouse.io/point72/jobs/7297667002?gh_jid=7297667002","Career page Greenhouse:point72","Confirmed official posting","career_page=https://careers.point72.com/ | company_wrapper=https://careers.point72.com/job?gh_jid=7297667002 | internship timing not stated in title | JOB DESCRIPTION This is an opportunity for students and researchers of advanced data modeling and statistical learning methods to apply these techniques to market prediction and systematic trading. JOB RESPONSIBILITIES Pre-process (validate, clean, normalize, reduce dimension) very large data sets for model estimation and event studies Identify features and relationships useful for the predictive modeling of market dynamics DESIRABLE CANDIDATES MS, or PhD candidates in finance, computer science, mathematics, physics, or other quantitative discipline Programming in any of the following: C++, Java, C#, MATLAB, R, Python, or Perl Strong analytical and quantitative skills Demonstrated interest in financial markets and systematic trading Clear,..."
"Point72","Quantitative Research Intern (NLP)","New York","North America","https://boards.greenhouse.io/point72/jobs/8018862002?gh_jid=8018862002","Career page Greenhouse:point72","Confirmed official posting","career_page=https://careers.point72.com/ | company_wrapper=https://careers.point72.com/job?gh_jid=8018862002 | internship timing not stated in title | ROLE/RESPONSIBILTIES: We are seeking a quant research intern to join an NLP quant team within Point72. We believe the significant advances in NLP methods show promise for finance. We develop and launch end-to-end signals, from data processing to performance testing. The ideal candidate will have strong machine learning, data science and software engineering skills, some experience with modern NLP, and a curiosity about finance and trading. Responsibilities may include: Using NLP to construct features from varied datasets Formulating research hypotheses to derive alpha Building and testing the performance of trading signals based on NLP and financial features Launching identified signals into production REQUIREMENTS: Bachelor’s, Master’s or..."
"Point72","Quantitative Researcher - Intern","London, Paris, Hong Kong, Tokyo","Global / Multiple Regions","https://boards.greenhouse.io/point72/jobs/7297657002?gh_jid=7297657002","Career page Greenhouse:point72","Confirmed official posting","career_page=https://careers.point72.com/ | company_wrapper=https://careers.point72.com/job?gh_jid=7297657002 | internship timing not stated in title | Job Description This is an opportunity for students and researchers of advanced data modeling and statistical learning methods to apply these techniques to market prediction and systematic trading. Job Responsibilities Pre-process (validate, clean, normalize, reduce dimension) very large data sets for model estimation and event studies Identify features and relationships useful for the predictive modeling of market dynamics Desirable Candidates Undergraduate, MS, or PhD candidates in finance, computer science, mathematics, physics, or other quantitative discipline Programming in any of the following: C++, Java, C#, MATLAB, R, Python, or Perl Strong analytical and quantitative skills Demonstrated interest in financial markets and systematic..."
"Point72","Quantitative Software Developer Intern","New York, London, or Paris","Global / Multiple Regions","https://boards.greenhouse.io/point72/jobs/7297666002?gh_jid=7297666002","Career page Greenhouse:point72","Confirmed official posting","career_page=https://careers.point72.com/ | company_wrapper=https://careers.point72.com/job?gh_jid=7297666002 | internship timing not stated in title | Job Description We are seeking a small number of highly talented interns to assist in the development, optimization, and monitoring of our production trading platform and research infrastructure. Interns will work on small, highly collaborative teams. Desirable Candidates Undergraduate or graduate candidates in computer science or engineering Significant experience in Python, C++, C, or Java Serious interest in systems programming (e.g. Linux kernel development, compilers, embedded systems, networking, file systems, debuggers) In-depth understanding of how userland programs run on Linux and interact with the kernel Some basic knowledge of Git, databases (e.g. MySQL), and web development frameworks is a plus Clear, concise, and proactive co..."
"Point72","Summer 2027 Quantitative Research Internship","New York","North America","https://boards.greenhouse.io/point72/jobs/7297642002?gh_jid=7297642002","Career page Greenhouse:point72","Confirmed official posting","career_page=https://careers.point72.com/ | company_wrapper=https://careers.point72.com/job?gh_jid=7297642002 | internship timing: Summer 2027 | Please send CVs to KEPL-talent@cubistsystematic.com with “202 7 QR Summer Internship Application” in the subject line. When your application is received, we will consider you for all similar positions at Cubist. About Our Firm: Cubist Systematic Strategies, an affiliate of Point72, deploys systematic, computer-driven trading strategies across multiple liquid asset classes, including equities, futures and foreign exchange. The core of our effort is rigorous research into a wide range of market anomalies, fueled by our unparalleled access to a wide range of publicly available data sources. About Our Team: KEPL is a fast-growing team at Cubist Systematic Strategies. We specialize in trading medium-frequency statistical arbitrage strategies with high..."
"Quantbot Technologies","Data Trading Analyst Summer Internship - 2027 [Hong Kong]","Hong Kong","Asia","https://www.quantbot.com/careers/4344638009?gh_jid=4344638009","Greenhouse:quantbot-technologies","Confirmed official posting","internship timing: Summer; undergrad/BS/MS language found"
"Quantbot Technologies","Data Trading Analyst Summer Internship - 2027 [London]","London","Europe","https://www.quantbot.com/careers/4299858009?gh_jid=4299858009","Greenhouse:quantbot-technologies","Confirmed official posting","internship timing: Summer; undergrad/BS/MS language found"
"Quantbot Technologies","Data Trading Analyst Summer Internship - 2027 [New York]","New York","North America","https://www.quantbot.com/careers/4299767009?gh_jid=4299767009","Greenhouse:quantbot-technologies","Confirmed official posting","internship timing: Summer; undergrad/BS/MS language found"
"Quantbot Technologies","Machine Learning Research Engineer Internship - 2027 [New York]","New York","North America","https://www.quantbot.com/careers/4340833009?gh_jid=4340833009","Greenhouse:quantbot-technologies","Confirmed official posting","internship timing not stated in title; undergrad/BS/MS language found"
"Quantbot Technologies","Quantitative Developer Internship - 2027 [New York]","New York","North America","https://www.quantbot.com/careers/4341038009?gh_jid=4341038009","Greenhouse:quantbot-technologies","Confirmed official posting","internship timing not stated in title; undergrad/BS/MS language found"
"Quantbot Technologies","Quantitative Researcher Internship - 2027 [Hong Kong]","Hong Kong","Asia","https://www.quantbot.com/careers/4348629009?gh_jid=4348629009","Greenhouse:quantbot-technologies","Confirmed official posting","internship timing not stated in title; undergrad/BS/MS language found"
"Quantbot Technologies","Quantitative Researcher Internship - 2027 [London]","London","Europe","https://www.quantbot.com/careers/4299863009?gh_jid=4299863009","Greenhouse:quantbot-technologies","Confirmed official posting","internship timing not stated in title; undergrad/BS/MS language found"
"Quantbot Technologies","Quantitative Researcher Internship - 2027 [New York]","New York","North America","https://www.quantbot.com/careers/4299496009?gh_jid=4299496009","Greenhouse:quantbot-technologies","Confirmed official posting","internship timing not stated in title; undergrad/BS/MS language found"
"Qube Research & Technologies","2027 Internship/Graduate - Data Engineer","Hong Kong","Asia","https://job-boards.greenhouse.io/quberesearchandtechnologies/jobs/8749947002","Greenhouse:quberesearchandtechnologies","Confirmed official posting","internship timing not stated in title; undergrad/BS/MS language found"
"Qube Research & Technologies","2027 Internship/Graduate - FPGA Engineer","Hong Kong","Asia","https://job-boards.greenhouse.io/quberesearchandtechnologies/jobs/8742098002","Greenhouse:quberesearchandtechnologies","Confirmed official posting","internship timing not stated in title; undergrad/BS/MS language found"
"Qube Research & Technologies","2027 Internship/Graduate - Infrastructure / Cloud Engineer","Hong Kong/Singapore/Shanghai","Asia","https://job-boards.greenhouse.io/quberesearchandtechnologies/jobs/8749918002","Greenhouse:quberesearchandtechnologies","Confirmed official posting","internship timing not stated in title; undergrad/BS/MS language found"
"Qube Research & Technologies","2027 Internship/Graduate - Quantitative Developer / Software Engineer","Hong Kong/Singapore/Shanghai","Asia","https://job-boards.greenhouse.io/quberesearchandtechnologies/jobs/8617401002","Greenhouse:quberesearchandtechnologies","Confirmed official posting","internship timing not stated in title; undergrad/BS/MS language found"
"Qube Research & Technologies","2027 Internship/Graduate - Quantitative Research/Trading","Hong Kong, Singapore, Shanghai, Beijing","Asia","https://job-boards.greenhouse.io/quberesearchandtechnologies/jobs/8581570002","Greenhouse:quberesearchandtechnologies","Confirmed official posting","internship timing not stated in title; undergrad/BS/MS language found"
"Qube Research & Technologies","2027 Internship/Graduate - Security Engineer","Hong Kong","Asia","https://job-boards.greenhouse.io/quberesearchandtechnologies/jobs/8749942002","Greenhouse:quberesearchandtechnologies","Confirmed official posting","internship timing not stated in title; undergrad/BS/MS language found"
"Radix Trading","Quantitative Technologist (C++ Intern)","Chicago","North America","https://job-boards.greenhouse.io/radixuniversity/jobs/8500265002","Career page Greenhouse:radixuniversity","Confirmed official posting","career_page=https://job-boards.greenhouse.io/radixuniversity | company_wrapper=https://job-boards.greenhouse.io/job?gh_jid=8500265002 | internship timing not stated in title | Please only apply to one of our Job Postings. At the bottom of the application questions below you'll have the option to indicate if there are any other roles here at Radix that you might be interested in. Please do not submit multiple applications for different positions. As a C++ Quantitative Technologist Intern, you'll gain experience working on live trading systems, research infrastructure, and alpha generation through technology innovation. We leverage cutting-edge software and hardware (mostly with modern C++) to push production level code daily and evolve fully-automated strategies, alpha generation processes, live trading systems, and machine learning research and simulation infrastructure used to analyze p..."
"RRS Group","2027 Software Engineer Intern - Placement Year","Remote","Remote / Unspecified","https://jobs.smartrecruiters.com/RRSGroup/744000142513209","Career page SmartRecruiters:RRSGroup","Confirmed official posting","career_page=https://www.myrrsgroup.org/careers/ | released=2026-08-09T14:55:15.629Z | internship timing not stated in title"
"Schonfeld","Quantitative Research / Developer - Intern","Hong Kong, Hong Kong","Asia","https://job-boards.greenhouse.io/schonfeld/jobs/7185553","Career page Greenhouse:schonfeld","Confirmed official posting","career_page=https://job-boards.greenhouse.io/schonfeld?error=true | company_wrapper=https://job-boards.greenhouse.io/job?gh_jid=7185553 | internship timing not stated in title | The Role We are looking for a hands-on STRAT / forward-deployed engineer to embed with our multi strategy business. The candidate will sit on the trading floor, shipping full-stack tools that power research, risk, and execution across strategies such as index rebalance, delta-1 and long/short equities. The role will be based in our Hong Kong office. What you’ll do Automate PM/analyst processes— alpha signals, portfolio construction, real-time risk, P&L, scenario and stress analytics. Help build out our proprietary research, portfolio construction and risk management platform. Build end-to-end products: data ingestion, micro-service back-ends, and lightweight front-ends for visualization and workflow. Own SDLC: re..."
"Squarepoint Capital","Intern Quant Researcher","London, Paris, New York, Singapore, Hong Kong","Global / Multiple Regions","https://www.squarepoint-capital.com/open-opportunities?id=243853&gh_jid=243853","Greenhouse:squarepointcapital","Confirmed official posting","internship timing not stated in title"
"Squarepoint Capital","Intern Software Developer - London - 2027","London","Europe","https://www.squarepoint-capital.com/open-opportunities?id=7231006&gh_jid=7231006","Greenhouse:squarepointcapital","Confirmed official posting","internship timing not stated in title; undergrad/BS/MS language found"
"Squarepoint Capital","Intern Software Developer - Montreal - 2027","Montreal","North America","https://www.squarepoint-capital.com/open-opportunities?id=7905463&gh_jid=7905463","Greenhouse:squarepointcapital","Confirmed official posting","internship timing not stated in title; undergrad/BS/MS language found"
"Squarepoint Capital","Intern Software Developer - Singapore - 2027","Singapore ","Asia","https://www.squarepoint-capital.com/open-opportunities?id=6201998&gh_jid=6201998","Greenhouse:squarepointcapital","Confirmed official posting","internship timing not stated in title; undergrad/BS/MS language found"
"Stevens Capital Management","Developer Internship","Radnor, PA","North America","https://job-boards.greenhouse.io/scm/jobs/721888","Career page Greenhouse:scm","Confirmed official posting","career_page=https://www.scm-lp.com/careers/ | company_wrapper=https://www.scm-lp.com/careers/job?gh_jid=721888 | internship timing not stated in title | SCM is committed to a workplace that values and promotes diversity, inclusion and equal employment opportunity by ensuring that all employees are valued, heard, engaged and involved at work and have full opportunities to collaborate, contribute and grow professionally. We're seeking highly motivated students who possess strong technical skills and the ability to work in a fast-paced collaborative environment. Primary Responsibilities: Develop new software and enhance existing systems. Create tools to process, store and analyze quote, trade and financial data. Work closely with our traders, quantitative research analysts, implementation programmers and other groups to provide software solutions. Requirements: Pursuing an undergraduate or ..."
"Stevens Capital Management","Quantitative Research Analyst Internship","Radnor, PA","North America","https://job-boards.greenhouse.io/scm/jobs/721895","Career page Greenhouse:scm","Confirmed official posting","career_page=https://www.scm-lp.com/careers/ | company_wrapper=https://www.scm-lp.com/careers/job?gh_jid=721895 | internship timing not stated in title | SCM is committed to a workplace that values and promotes diversity, inclusion and equal employment opportunity by ensuring that all employees are valued, heard, engaged and involved at work and have full opportunities to collaborate, contribute and grow professionally. We're seeking exceptionally motivated students with a strong interest in the financial markets to contribute to our empirical research process. The range of research ideas to investigate is open-ended and will depend on a candidate's background and strengths. Opportunities, including full-time summer internships and part-time work throughout the school year, are available for qualified students at each of the undergraduate, masters and PhD levels. Primary Responsibilities:..."
"Susquehanna International Group","Credit Analyst Internship: Summer 2027","Bala Cynwyd (Philadelphia Area), Pennsylvania","North America","https://careers.sig.com/jobs/10794?lang=en-us","Official SIG jobs API","Confirmed official posting","posted=2026-04-10T14:09:00+0000 | June 2027 Start | internship timing: Summer 2027; graduation eligibility mentions: 2028 | Overview As a Summer Analyst on Susquehanna's Credit Research team, you will be partnered with our senior analysts and traders to assist in identifying investment opportunities in the credit and bond markets. You will learn to perform in-depth company analysis and provide opinions on how a company’s credit profile might change with new information. Through collaboration with our Credit, Equity, and Macro Analysts, and Fixed Income, ETF, and Derivatives Traders, you will gain experience in the financial markets by tracking company news and events and assisting with valuation work. Our ten-week summer internship program introduces you to our unique approach to research through practical experience on a credit-focused team and through education in a classroom setting. ..."
"Susquehanna International Group","Electricity + Natural Gas Analyst Internship: Summer 2027","Bala Cynwyd (Philadelphia Area), Pennsylvania","North America","https://careers.sig.com/jobs/10945?lang=en-us","Official SIG jobs API","Confirmed official posting","posted=2026-06-04T19:53:00+0000 | June 2027 Start | internship timing: Summer 2027 | Overview Susquehanna’s energy and power trading is informed by a strong fundamental understanding of weather prediction as well as supply and demand characteristics. As an Electricity Strategist Intern on Susquehanna's Energy Research team, you will be partnered with our senior strategists and traders to identify information and datasets to improve Susquehanna’s modeling and understanding the United States power grid. What we're looking for Intention to graduate with a bachelor’s or master’s degree within one year of the internship program in Electrical Engineering or a similar major Creative problem solving and intellectual curiosity about electricity markets and fundamentals Strong attention to detail; ability to complete data entry and mapping Knowledge of technologies related to specific technical do..."
"Susquehanna International Group","Equity Analyst Internship: Summer 2027","Hong Kong, Hong Kong","Asia","https://careers.sig.com/jobs/11361?lang=en-us","Official SIG jobs API","Confirmed official posting","posted=2026-08-25T10:02:00+0000 | June 2027 Start | internship timing: Summer 2027; graduation eligibility mentions: 2028 | Overview Susquehanna is looking for highly motivated full-time students for our 10-week Equity Research summer internship program based at our US Headquarters. This program offers students currently enrolled at universities in Hong Kong or Singapore the opportunity to intern in the US with the intention of long-term placement in our Hong Kong office. As a Summer Analyst on Susquehanna's Equity Research team, you will be partnered with our senior analysts and traders to assist in identifying investment opportunities in the equity and options markets. You will learn to perform in-depth company analysis around future catalyst events and provide real-time opinions on breaking news throughout the trading day. You will gain experience in the financial markets by tracking ..."
"Susquehanna International Group","Equity Analyst Internship: Summer 2027","Chicago, Illinois","North America","https://careers.sig.com/jobs/11216?lang=en-us","Official SIG jobs API","Confirmed official posting","posted=2026-07-23T14:41:00+0000 | June 2027 Start | internship timing: Summer 2027; graduation eligibility mentions: 2028 | Overview As a Summer Analyst on Susquehanna's Equity Research team, you will be partnered with our senior analysts and traders to assist in identifying investment opportunities in the equity and options markets. You will learn to perform in-depth company analysis around future catalyst events and provide real-time opinions on breaking news throughout the trading day. You will gain experience in the financial markets by tracking company news and events, assisting with valuation work, and completing event-driven projects. Our ten-week summer internship program introduces you to our unique approach to research through practical experience on a sector-focused team and education in a classroom setting. What we're looking for Intention to graduate with a bachelor’s or mas..."
"Susquehanna International Group","Equity Analyst Internship: Summer 2027","Bala Cynwyd (Philadelphia Area), Pennsylvania","North America","https://careers.sig.com/jobs/10723?lang=en-us","Official SIG jobs API","Confirmed official posting","posted=2026-03-26T00:31:00+0000 | June 2027 Start | internship timing: Summer 2027; graduation eligibility mentions: 2028 | Overview As a Summer Analyst on Susquehanna's Equity Research team, you will be partnered with our senior analysts and traders to assist in identifying investment opportunities in the equity and options markets. You will learn to perform in-depth company analysis around future catalyst events and provide real-time opinions on breaking news throughout the trading day. You will gain experience in the financial markets by tracking company news and events, assisting with valuation work, and completing event-driven projects. Our ten-week summer internship program introduces you to our unique approach to research through practical experience on a sector-focused team and education in a classroom setting. What we're looking for Intention to graduate with a bachelor’s or mas..."
"Susquehanna International Group","Equity Analyst Internship: Summer 2027","New York, New York","North America","https://careers.sig.com/jobs/10573?lang=en-us","Official SIG jobs API","Confirmed official posting","posted=2026-03-23T17:53:00+0000 | June 2027 Start | internship timing: Summer 2027; graduation eligibility mentions: 2028 | Overview As a Summer Analyst on Susquehanna's Equity Research team, you will be partnered with our senior analysts and traders to assist in identifying investment opportunities in the equity and options markets. You will learn to perform in-depth company analysis around future catalyst events and provide real-time opinions on breaking news throughout the trading day. You will gain experience in the financial markets by tracking company news and events, assisting with valuation work, and completing event-driven projects. Our ten-week summer internship program introduces you to our unique approach to research through practical experience on a sector-focused team and education in a classroom setting. What we're looking for Intention to graduate with a bachelor’s or mas..."
"Susquehanna International Group","Equity Research Analyst Internship: Summer 2027","Dublin, Ireland","Europe","https://careers.sig.com/jobs/10876?lang=en-us","Official SIG jobs API","Confirmed official posting","posted=2026-07-17T13:18:00+0000 | June 2027 Start | internship timing: Summer 2027; graduation eligibility mentions: 2027, 2028 | Overview When breaking news changes the game, what trade do you recommend in the next 10 seconds? We rely on our Equity Research analysts to be on the front lines of market information to translate it into trading ideas. As an Equity Research intern, you will be responsible for finding opportunities that other market participants may not be capitalizing on, either by discovering new information or considering existing knowledge from a different perspective. You will be embedded in our buy-side strategy-focused trading desk monitoring your own basket of stocks ranging across various sectors such as Macro, Index, ETF, Equity and more. Whether it’s interpreting an intraday headline, conveying opinions around the dynamics of a sector, or prepping in advance for a ..."
"Susquehanna International Group","Equity Research Internship: Summer 2027","London, United Kingdom","Europe","https://careers.sig.com/jobs/11085?lang=en-us","Official SIG jobs API","Confirmed official posting","posted=2026-07-17T14:10:00+0000 | June 2027 Start | internship timing: Summer 2027; graduation eligibility mentions: 2027, 2028 | Overview When breaking news changes the game, what trade do you recommend in the next 10 seconds? We rely on our Equity Research analysts to be on the front lines of market information to translate it into trading ideas. As an Equity Research intern, you will be responsible for finding opportunities that other market participants may not be capitalizing on, either by discovering new information or considering existing knowledge from a different perspective. You will be embedded in our buy-side strategy-focused trading desk monitoring your own basket of stocks ranging across various sectors such as Macro, Index, ETF, Equity and more. Whether it’s interpreting an intraday headline, conveying opinions around the dynamics of a sector, or prepping in advance for a ..."
"Susquehanna International Group","Growth Equity Portfolio Value Creation Analyst Internship: Summer 2027","Bala Cynwyd (Philadelphia Area), Pennsylvania","North America","https://careers.sig.com/jobs/10716?lang=en-us","Official SIG jobs API","Confirmed official posting","posted=2026-03-31T20:15:00+0000 | June 2027 Start | internship timing: Summer 2027 | Overview As a Growth Equity Portfolio Value Creation (PVC) Summer Analyst, you will work with our value creation team, portfolio companies, and the Susquehanna investment team to accelerate growth and increase efficiency. The role offers an opportunity to work with high-growth technology, franchise, and services companies (with $5-100M+ in revenue) on a wide range of strategic topics. You will quickly gain valuable experience interacting directly with portfolio company leadership on go-to-market, pricing, AI, and other strategic projects. Exceptional summer analysts will be considered for full-time opportunities at SGE, contingent on graduation. In this role you will: Own and lead specific value-added projects with portfolio company executives alongside members of the value creation team Support with bra..."
"Susquehanna International Group","Machine Learning Internship - PhD: 2027","Bala Cynwyd (Philadelphia Area), Pennsylvania","North America","https://careers.sig.com/jobs/10785?lang=en-us","Official SIG jobs API","Confirmed official posting","posted=2026-04-09T16:45:00+0000 | June 2027 Start | internship timing not stated in title | Overview Our Machine Learning PhD Internship is a 10-week immersive experience designed for PhD candidates who are passionate about solving high-impact problems at the intersection of data, algorithms, and markets. As a Machine Learning Intern at Susquehanna, you’ll work on high-impact projects that closely reflect the challenges and workflows of our full-time research team. You’ll apply your technical expertise in machine learning and data science to real-world financial problems, while developing a deep understanding of how machine learning integrates into Susquehanna’s research and trading systems. You will leverage vast and diverse datasets and apply cutting-edge machine learning at scale to drive data-informed decisions in predictive modeling to strategic execution. What You Can Expect Conduc..."
"Susquehanna International Group","Macro Analyst Internship: Summer 2027","Hong Kong, Hong Kong","Asia","https://careers.sig.com/jobs/11362?lang=en-us","Official SIG jobs API","Confirmed official posting","posted=2026-08-25T10:09:00+0000 | June 2027 Start | internship timing: Summer 2027; graduation eligibility mentions: 2028 | Overview Susquehanna is looking for highly motivated full-time students for our 10-week Macro Research summer internship program based at our US Headquarters. This program offers students currently enrolled at universities in Hong Kong or Singapore the opportunity to intern in the US with the intention of long-term placement in our Hong Kong office. As a Summer Analyst on Susquehanna's Macro Research team, you will be partnered with our senior analysts and traders to assist in identifying investment opportunities in the equity, index, and options markets. You will learn to perform in-depth company analysis around future catalyst events and provide real-time opinions on breaking news throughout the trading day. You will gain experience in the financial markets by tra..."
"Susquehanna International Group","Macro Analyst Internship: Summer 2027","Bala Cynwyd (Philadelphia Area), Pennsylvania","North America","https://careers.sig.com/jobs/10724?lang=en-us","Official SIG jobs API","Confirmed official posting","posted=2026-03-23T17:54:00+0000 | June 2027 Start | internship timing: Summer 2027; graduation eligibility mentions: 2028 | Overview As a Summer Analyst on Susquehanna's Macro Research team, you will be partnered with our senior analysts and traders to assist in identifying investment opportunities in the equity, index, and options markets. You will learn to perform in-depth company analysis around future catalyst events and provide real-time opinions on breaking news throughout the trading day. You will gain experience in the financial markets by tracking company news and events, assisting with valuation work, and completing event-driven projects. Our ten-week summer internship program introduces you to our unique approach to research through practical experience on a global macro-focused team and education in a classroom setting. What we're looking for Intention to graduate with a bach..."
"Susquehanna International Group","Macro Analyst Internship: Summer 2027","New York, New York","North America","https://careers.sig.com/jobs/10725?lang=en-us","Official SIG jobs API","Confirmed official posting","posted=2026-03-23T17:54:00+0000 | June 2027 Start | internship timing: Summer 2027; graduation eligibility mentions: 2028 | Overview As a Summer Analyst on Susquehanna's Macro Research team, you will be partnered with our senior analysts and traders to assist in identifying investment opportunities in the equity, index, and options markets. You will learn to perform in-depth company analysis around future catalyst events and provide real-time opinions on breaking news throughout the trading day. You will gain experience in the financial markets by tracking company news and events, assisting with valuation work, and completing event-driven projects. Our ten-week summer internship program introduces you to our unique approach to research through practical experience on a global macro-focused team and education in a classroom setting. What we're looking for Intention to graduate with a bach..."
"Susquehanna International Group","Quantitative Research Internship - Master's: Summer 2027","Hong Kong, Hong Kong","Asia","https://careers.sig.com/jobs/11121?lang=en-us","Official SIG jobs API","Confirmed official posting","posted=2026-06-30T04:18:00+0000 | June 2027 Start | internship timing: Summer 2027 | Overview As a Quantitative Research Intern at Susquehanna, you will work on projects that model the work of our full-time employees. You will also go through a comprehensive education program and interact with mentors who are at the top of their field, allowing you to build foundational knowledge in quantitative finance. You will have the opportunity to build alphas on an actual trading strategy. Successful intern candidates will participate in a U.S. based internship with full-time placement in our Hong Kong office upon graduation. Visa sponsorship is available for this position. What you can expect Modelling: Apply probability theory, statistical analysis, and machine learning techniques to predict market behavior and generate alphas Execution: Create strategies to execute on modelling ideas under simu..."
"Susquehanna International Group","Quantitative Research Internship - PhD","Sydney, Australia","Oceania","https://careers.sig.com/jobs/10429?lang=en-us","Official SIG jobs API","Confirmed official posting","posted=2026-01-05T00:01:00+0000 | Flexible Start | internship timing not stated in title | Overview As a Quantitative Research Intern at Susquehanna, you will work on projects that model the work of our full-time employees. You will learn with mentors who are at the top of their field, allowing you to build foundational knowledge in quantitative finance. What you’ll do Over the 10-week program, you’ll apply probability, statistics and mathematical creativity to several impactful trading projects Collaborate with researchers, traders, and technologists to help transform our quantitative modeling into trading opportunities and strategies What we're looking for Students in the penultimate year of their PhD program studying in a quantitative field such as mathematics, physics, statistics, electrical engineering, computer science, operations research, or economics Exceptional mathematical pro..."
"Susquehanna International Group","Quantitative Research Internship - PhD: Summer 2027","Hong Kong, Hong Kong","Asia","https://careers.sig.com/jobs/11083?lang=en-us","Official SIG jobs API","Confirmed official posting","posted=2026-06-29T23:40:00+0000 | June 2027 Start | internship timing: Summer 2027 | Overview As a Quantitative Research Intern at Susquehanna, you will work on projects that model the work of our full-time employees. You will also go through a comprehensive education program and interact with mentors who are at the top of their field, allowing you to build foundational knowledge in quantitative finance. You will have the opportunity to build alphas on an actual trading strategy. Successful intern candidates will participate in a U.S. based internship with full-time placement in our Hong Kong office upon graduation. Visa sponsorship is available for this position. What you can expect Modelling: Apply probability theory, statistical analysis, and machine learning techniques to predict market behavior and generate alphas Execution: Create strategies to execute on modelling ideas under simu..."
"Susquehanna International Group","Quantitative Research Internship - PhD: Summer 2027","New York, New York","North America","https://careers.sig.com/jobs/10818?lang=en-us","Official SIG jobs API","Confirmed official posting","posted=2026-06-29T18:55:00+0000 | June 2027 Start | internship timing: Summer 2027 | Overview As a Quantitative Research Intern at Susquehanna, you will work on projects that model the work of our full-time employees. You will also go through a comprehensive education program and interact with mentors who are at the top of their field, allowing you to build foundational knowledge in quantitative finance. You will have the opportunity to build alphas on an actual trading strategy. What you can expect Modelling: Apply probability theory, statistical analysis, and machine learning techniques to predict market behavior and generate alphas Execution: Create strategies to execute on modelling ideas under simulated competition Evaluation: Backtest ideas using historical market data and revise strategies Breadth: Explore all aspects of quant work and different areas of Susquehanna’s business Edu..."
"Susquehanna International Group","Quantitative Research Internship - PhD: Summer 2027","Bala Cynwyd (Philadelphia Area), Pennsylvania","North America","https://careers.sig.com/jobs/10817?lang=en-us","Official SIG jobs API","Confirmed official posting","posted=2026-04-21T14:32:00+0000 | June 2027 Start | internship timing: Summer 2027 | Overview As a Quantitative Research Intern at Susquehanna, you will work on projects that model the work of our full-time employees. You will also go through a comprehensive education program and interact with mentors who are at the top of their field, allowing you to build foundational knowledge in quantitative finance. You will have the opportunity to build alphas on an actual trading strategy. What you can expect Modelling: Apply probability theory, statistical analysis, and machine learning techniques to predict market behavior and generate alphas Execution: Create strategies to execute on modelling ideas under simulated competition Evaluation: Backtest ideas using historical market data and revise strategies Breadth: Explore all aspects of quant work and different areas of Susquehanna’s business Edu..."
"Susquehanna International Group","Quantitative Research Internship – Master's: Summer 2027","New York, New York","North America","https://careers.sig.com/jobs/10820?lang=en-us","Official SIG jobs API","Confirmed official posting","posted=2026-06-29T18:55:00+0000 | June 2027 Start | internship timing: Summer 2027 | Overview As a Quantitative Research Intern at Susquehanna, you will work on projects that model the work of our full-time employees. You will also go through a comprehensive education program and interact with mentors who are at the top of their field, allowing you to build foundational knowledge in quantitative finance. You will have the opportunity to build alphas on an actual trading strategy. What you can expect Modelling. Apply probability theory, statistical analysis, and machine learning techniques to predict market behavior and generate alphas Execution. Create strategies to execute on modelling ideas under simulated competition Evaluation. Backtest ideas using historical market data and revise strategies Breadth. Explore all aspects of quant work and different areas of Susquehanna’s business Edu..."
"Susquehanna International Group","Quantitative Research Internship – Master's: Summer 2027","Bala Cynwyd (Philadelphia Area), Pennsylvania","North America","https://careers.sig.com/jobs/10819?lang=en-us","Official SIG jobs API","Confirmed official posting","posted=2026-04-21T18:07:00+0000 | June 2027 Start | internship timing: Summer 2027 | Overview As a Quantitative Research Intern at Susquehanna, you will work on projects that model the work of our full-time employees. You will also go through a comprehensive education program and interact with mentors who are at the top of their field, allowing you to build foundational knowledge in quantitative finance. You will have the opportunity to build alphas on an actual trading strategy. What you can expect Modelling. Apply probability theory, statistical analysis, and machine learning techniques to predict market behavior and generate alphas Execution. Create strategies to execute on modelling ideas under simulated competition Evaluation. Backtest ideas using historical market data and revise strategies Breadth. Explore all aspects of quant work and different areas of Susquehanna’s business Edu..."
"Susquehanna International Group","Quantitative Research Internship: Summer 2027","London, United Kingdom","Europe","https://careers.sig.com/jobs/11007?lang=en-us","Official SIG jobs API","Confirmed official posting","posted=2026-07-15T10:38:00+0000 | June 2027 Start | internship timing: Summer 2027; graduation eligibility mentions: 2027, 2028 | Overview At Susquehanna, quantitative researchers drive innovation from the centre of our trading floor. Leveraging expertise in probability, statistics, numerical analysis, stochastic optimisation, and machine learning, they play a pivotal role in developing and refining our trading strategies. We are looking for PhD and research master’s students in their penultimate year of study to join our 10-week quantitative research summer internship. Run by a team of dedicated senior traders and quantitative researchers, our education programme is widely recognised as being the best in the industry. Don’t worry if you don’t come from a finance background – we will teach you everything you need to succeed. A core strength of our internship is that our education is comp..."
"Susquehanna International Group","Quantitative Research Internship: Summer 2027","Dublin, Ireland","Europe","https://careers.sig.com/jobs/10843?lang=en-us","Official SIG jobs API","Confirmed official posting","posted=2026-07-15T10:29:00+0000 | June 2027 Start | internship timing: Summer 2027; graduation eligibility mentions: 2027, 2028 | Overview At Susquehanna, quantitative researchers drive innovation from the centre of our trading floor. Leveraging expertise in probability, statistics, numerical analysis, stochastic optimisation, and machine learning, they play a pivotal role in developing and refining our trading strategies. We are looking for PhD and research master’s students in their penultimate year of study to join our 10-week quantitative research summer internship. Run by a team of dedicated senior traders and quantitative researchers, our education programme is widely recognised as being the best in the industry. Don’t worry if you don’t come from a finance background – we will teach you everything you need to succeed. A core strength of our internship is that our education is comp..."
"Susquehanna International Group","Quantitative Strategy Developer Internship: Summer 2027","Hong Kong, Hong Kong","Asia","https://careers.sig.com/jobs/11170?lang=en-us","Official SIG jobs API","Confirmed official posting","posted=2026-07-06T05:57:00+0000 | June 2027 Start | internship timing: Summer 2027; graduation eligibility mentions: 2027, 2028 | Overview Susquehanna is looking for highly motivated full-time students for our 10-week quantitative strategy development summer internship program based at our US Headquarters. This program offers students currently enrolled at universities in Hong Kong or Singapore the opportunity to intern in the US with the intention of long-term placement in our Hong Kong office. This is a computationally intensive role that will allow you to use your strong technical skills to solve problems at the intersection of trading, quant and technology. Throughout the summer, you will receive education about how markets work by going through a deep dive into financial markets and Susquehanna’s approach to trading. You will also work on challenging projects for our trading strateg..."
"Susquehanna International Group","Quantitative Strategy Developer Internship: Summer 2027","Bala Cynwyd (Philadelphia Area), Pennsylvania","North America","https://careers.sig.com/jobs/10838?lang=en-us","Official SIG jobs API","Confirmed official posting","posted=2026-04-23T17:38:00+0000 | June 2027 Start | internship timing: Summer 2027; graduation eligibility mentions: 2027, 2028 | Overview Susquehanna is looking for highly motivated full-time students for our 10-week quantitative strategy development summer internship program. This is a computationally intensive role that will allow you to use your strong technical skills to solve problems at the intersection of trading, quant and technology. Throughout the summer, you will receive education about how markets work by going through a deep dive into financial markets and Susquehanna’s approach to trading. You will also work on challenging projects for our trading strategy development teams in spaces such as signal creation and detection, quantitative strategy analysis, and low latency C++ strategy development. Additionally, you’ll have the opportunity to work on projects side by side with..."
"Susquehanna International Group","Quantitative Strategy Developer Internship: Summer 2027 (Dublin)","Dublin, Ireland","Europe","https://careers.sig.com/jobs/11332?lang=en-us","Official SIG jobs API","Confirmed official posting","posted=2026-08-21T14:12:00+0000 | June 2027 Start | internship timing: Summer 2027; graduation eligibility mentions: 2028 | Overview Susquehanna is looking for highly motivated full-time students for our 10-week quantitative strategy development summer internship program based at our EU Headquarters in Dublin, Ireland. This is a computationally intensive role that will allow you to use your strong technical skills to solve problems at the intersection of trading, quant and technology. Throughout the summer, you will receive education about how markets work by going through a deep dive into financial markets and Susquehanna's approach to trading. You will also work on challenging projects for our trading strategy development teams in spaces such as signal creation and detection, quantitative strategy analysis, and low latency C++ strategy development. Additionally, you'll have the opportu..."
"Susquehanna International Group","Quantitative Strategy Developer Internship: Summer 2027 (London)","London, United Kingdom","Europe","https://careers.sig.com/jobs/11333?lang=en-us","Official SIG jobs API","Confirmed official posting","posted=2026-08-21T14:12:00+0000 | June 2027 Start | internship timing: Summer 2027; graduation eligibility mentions: 2028 | Overview Susquehanna is looking for highly motivated full-time students for our 10-week quantitative strategy development summer internship program based between our EU Headquarters in Dublin, Ireland, and our London office. This is a computationally intensive role that will allow you to use your strong technical skills to solve problems at the intersection of trading, quant and technology. Throughout the summer, you will receive education about how markets work by going through a deep dive into financial markets and Susquehanna's approach to trading. You will also work on challenging projects for our trading strategy development teams in spaces such as signal creation and detection, quantitative strategy analysis, and low latency C++ strategy development. Additiona..."
"Susquehanna International Group","Quantitative Systematic Trading Internship - Master's: Summer 2027","Hong Kong, Hong Kong","Asia","https://careers.sig.com/jobs/11122?lang=en-us","Official SIG jobs API","Confirmed official posting","posted=2026-06-30T04:17:00+0000 | June 2027 Start | internship timing: Summer 2027 | Overview As a Quantitative Systematic Trading Intern at Susquehanna, you will work on projects that model the work of our full-time employees. You will also go through a comprehensive education program and interact with mentors who are at the top of their field, allowing you to build foundational knowledge in quantitative finance. You will have the opportunity to build alphas on an actual trading strategy. Successful intern candidates will participate in a U.S. based internship with full-time placement in our Hong Kong office upon graduation. Visa sponsorship is available for this position What you can expect Modelling. Apply probability theory, statistical analysis, and machine learning techniques to predict market behavior and generate alphas Execution. Create strategies to execute on modelling ideas u..."
"Susquehanna International Group","Quantitative Systematic Trading Internship - PhD: Summer 2027","New York, New York","North America","https://careers.sig.com/jobs/10822?lang=en-us","Official SIG jobs API","Confirmed official posting","posted=2026-06-29T18:55:00+0000 | June 2027 Start | internship timing: Summer 2027 | Overview As a Quantitative Systematic Trading Intern at Susquehanna, you will work on projects that model the work of our full-time employees. You will also go through a comprehensive education program and interact with mentors who are at the top of their field, allowing you to build foundational knowledge in quantitative finance. You will have the opportunity to build alphas on an actual trading strategy. What you can expect Modelling. Apply probability theory, statistical analysis, and machine learning techniques to predict market behavior and generate alphas Execution. Create strategies to execute on modelling ideas under simulated competition Evaluation. Backtest ideas using historical market data and revise strategies Breadth. Explore all aspects of quant work and different areas of Susquehanna’s bu..."
"Susquehanna International Group","Quantitative Systematic Trading Internship - PhD: Summer 2027","Hong Kong, Hong Kong","Asia","https://careers.sig.com/jobs/11084?lang=en-us","Official SIG jobs API","Confirmed official posting","posted=2026-06-24T23:25:00+0000 | June 2027 Start | internship timing: Summer 2027 | Overview As a Quantitative Systematic Trading Intern at Susquehanna, you will work on projects that model the work of our full-time employees. You will also go through a comprehensive education program and interact with mentors who are at the top of their field, allowing you to build foundational knowledge in quantitative finance. You will have the opportunity to build alphas on an actual trading strategy. Successful intern candidates will participate in a U.S. based internship with full-time placement in our Hong Kong office upon graduation. Visa sponsorship is available for this position What you can expect Modelling. Apply probability theory, statistical analysis, and machine learning techniques to predict market behavior and generate alphas Execution. Create strategies to execute on modelling ideas u..."
"Susquehanna International Group","Quantitative Systematic Trading Internship - PhD: Summer 2027","Bala Cynwyd (Philadelphia Area), Pennsylvania","North America","https://careers.sig.com/jobs/10821?lang=en-us","Official SIG jobs API","Confirmed official posting","posted=2026-04-21T18:11:00+0000 | June 2027 Start | internship timing: Summer 2027 | Overview As a Quantitative Systematic Trading Intern at Susquehanna, you will work on projects that model the work of our full-time employees. You will also go through a comprehensive education program and interact with mentors who are at the top of their field, allowing you to build foundational knowledge in quantitative finance. You will have the opportunity to build alphas on an actual trading strategy. What you can expect Modelling. Apply probability theory, statistical analysis, and machine learning techniques to predict market behavior and generate alphas Execution. Create strategies to execute on modelling ideas under simulated competition Evaluation. Backtest ideas using historical market data and revise strategies Breadth. Explore all aspects of quant work and different areas of Susquehanna’s bu..."
"Susquehanna International Group","Quantitative Systematic Trading Internship – Master's: Summer 2027","New York, New York","North America","https://careers.sig.com/jobs/10824?lang=en-us","Official SIG jobs API","Confirmed official posting","posted=2026-06-29T18:55:00+0000 | June 2027 Start | internship timing: Summer 2027 | Overview As a Quantitative Systematic Trading Intern at Susquehanna, you will work on projects that model the work of our full-time employees. You will also go through a comprehensive education program and interact with mentors who are at the top of their field, allowing you to build foundational knowledge in quantitative finance. You will have the opportunity to build alphas on an actual trading strategy. What you can expect Modelling. Apply probability theory, statistical analysis, and machine learning techniques to predict market behavior and generate alphas Execution. Create strategies to execute on modelling ideas under simulated competition Evaluation. Backtest ideas using historical market data and revise strategies Breadth. Explore all aspects of quant work and different areas of Susquehanna’s bu..."
"Susquehanna International Group","Quantitative Systematic Trading Internship – Master's: Summer 2027","Bala Cynwyd (Philadelphia Area), Pennsylvania","North America","https://careers.sig.com/jobs/10823?lang=en-us","Official SIG jobs API","Confirmed official posting","posted=2026-04-21T18:11:00+0000 | June 2027 Start | internship timing: Summer 2027 | Overview As a quantitative Systematic Trading Intern at Susquehanna, you will work on projects that model the work of our full-time employees. You will also go through a comprehensive education program and interact with mentors who are at the top of their field, allowing you to build foundational knowledge in quantitative finance. You will have the opportunity to build alphas on an actual trading strategy. What you can expect Modelling. Apply probability theory, statistical analysis, and machine learning techniques to predict market behavior and generate alphas Execution. Create strategies to execute on modelling ideas under simulated competition Evaluation. Backtest ideas using historical market data and revise strategies Breadth. Explore all aspects of quant work and different areas of Susquehanna’s bu..."
"Susquehanna International Group","Quantitative Systematic Trading Internship – PhD","Sydney, Australia","Oceania","https://careers.sig.com/jobs/10435?lang=en-us","Official SIG jobs API","Confirmed official posting","posted=2026-01-05T00:19:00+0000 | Flexible Start | internship timing not stated in title | Overview As a Quantitative Systematic Trading Intern at Susquehanna, you will work on projects that model the work of our full-time employees. You will also go through a comprehensive education program and interact with mentors who are at the top of their field, allowing you to build foundational knowledge in quantitative finance. What you’ll do Over the 10-week program, you’ll apply probability, statistics and mathematical creativity to several impactful trading projects. Collaborate with researchers, traders, and technologists to help transform our quantitative modeling into trading opportunities and strategies. Join an industry leading training program and be mentored by industry experts on topics including option theory and option modeling. Read about Robert’s ‘Day in the life’ as a Quantitativ..."
"Susquehanna International Group","Quantitative Systematic Trading Internship: Summer 2027","London, United Kingdom","Europe","https://careers.sig.com/jobs/11006?lang=en-us","Official SIG jobs API","Confirmed official posting","posted=2026-07-15T10:39:00+0000 | June 2027 Start | internship timing: Summer 2027; graduation eligibility mentions: 2027, 2028 | Overview Quantitative systematic traders represent a true hybrid of our core disciplines: trading, technology, and quantitative research. Drawing on their technical proficiency, research experience, and understanding of trading, quantitative systematic traders’ work involves identifying trading signals, developing strategies, and collaborating extensively with members of the trading, quantitative research, and technology teams. Our quantitative systematic trading summer internship runs for 10 weeks. Managed by a team of dedicated senior traders and quantitative researchers, our education programme is widely recognised as being the best in the industry. Don’t worry if you don’t come from a finance background – we will teach you everything you need to succeed. A..."
"Susquehanna International Group","Quantitative Systematic Trading Internship: Summer 2027","Dublin, Ireland","Europe","https://careers.sig.com/jobs/10841?lang=en-us","Official SIG jobs API","Confirmed official posting","posted=2026-07-15T10:29:00+0000 | June 2027 Start | internship timing: Summer 2027; graduation eligibility mentions: 2027, 2028 | Overview Q uantitative systematic traders represent a true hybrid of our core disciplines: trading, technology, and quantitative research. Drawing on their technical proficiency , research experience, and understanding of trading, quantitative systematic traders’ work involves identifying trading signals, developing strategies, and collaborating extensively with members of the trading, quantitative research, and technology teams. Our quantitative systematic trading summer internship runs for 10 weeks. Managed by a team of dedicated senior traders and quantitative researchers, our education programme is widely recognised as being the best in the industry. Don’t worry if you don’t come from a finance background – we will teach you everything you need to succeed...."
"Susquehanna International Group","Quantitative Trader Internship: Summer 2027","Chicago, Illinois","North America","https://careers.sig.com/jobs/10849?lang=en-us","Official SIG jobs API","Confirmed official posting","posted=2026-06-30T16:30:00+0000 | June 2027 Start | internship timing: Summer 2027; graduation eligibility mentions: 2028 | Overview Susquehanna’s trading internship provides a distinctive opportunity to learn about quantitative trading. Splitting their day between working on a trading desk and education in a classroom setting, interns receive the best preparation possible for careers in quant trading. During their time on the trading floor, interns will be fully embedded within a trading desk, working side by side with an experienced trader who will serve as a mentor. While in education, interns will receive industry-leading training in options theory and decision science from traders fully dedicated to trader development. Students with a STEM background can leverage their quantitative skills and learn how Susquehanna uses game theory, decision science, and cutting-edge technology to ma..."
"Susquehanna International Group","Quantitative Trader Internship: Summer 2027","Bala Cynwyd (Philadelphia Area), Pennsylvania","North America","https://careers.sig.com/jobs/10717?lang=en-us","Official SIG jobs API","Confirmed official posting","posted=2026-04-17T20:33:00+0000 | June 2027 Start | internship timing: Summer 2027; graduation eligibility mentions: 2028 | Overview Susquehanna’s trading internship provides a distinctive opportunity to learn about quantitative trading. Splitting their day between working on a trading desk and education in a classroom setting, interns receive the best preparation possible for careers in quant trading. During their time on the trading floor, interns will be fully embedded within a trading desk, working side by side with an experienced trader who will serve as a mentor. While in education, interns will receive industry-leading training in options theory and decision science from traders fully dedicated to trader development. Students with a STEM background can leverage their quantitative skills and learn how Susquehanna uses game theory, decision science, and cutting-edge technology to ma..."
"Susquehanna International Group","Quantitative Trading Internship: Summer 2027","London, United Kingdom","Europe","https://careers.sig.com/jobs/11005?lang=en-us","Official SIG jobs API","Confirmed official posting","posted=2026-07-15T10:40:00+0000 | June 2027 Start | internship timing: Summer 2027; graduation eligibility mentions: 2027, 2028 | Overview Susquehanna’s 10-week quantitative trading internship offers a rare insight into working at one of the world’s leading quantitative trading firms. Designed for intellectually curious and driven individuals with strong quantitative skillsets, our internship combines rigorous classroom-based education with real-world trading experience. Run by a team of dedicated senior traders, our education programme is widely recognised as being the best in the industry. Our classroom-based education covers topics such as ETF and options trading, game theory, and programming. Don’t worry if you don’t have a finance background – we will teach you everything you need to succeed. A core strength of our internship is that we combine our education with hands-on project wo..."
"Susquehanna International Group","Quantitative Trading Internship: Summer 2027","Dublin, Ireland","Europe","https://careers.sig.com/jobs/10839?lang=en-us","Official SIG jobs API","Confirmed official posting","posted=2026-07-15T10:27:00+0000 | June 2027 Start | internship timing: Summer 2027; graduation eligibility mentions: 2027, 2028 | Overview Susquehanna’s 10-week quantitative trading internship offers a rare insight into working at one of the world’s leading quantitative trading firms. Designed for intellectually curious and driven individuals with strong quantitative skillsets, our internship combines rigorous classroom-based education with real-world trading experience . Run by a team of dedicated senior traders, our education programme is widely recognised as being the best in the industry. Our classroom-based education covers topics such as ETF and options trading, game theory, and programming. Don’t worry if you don’t have a finance background – we will teach you everything you need to succeed . A core strength of our internship is that we combine our education with hands-on project ..."
"Susquehanna International Group","Trading Operations Analyst Internship: Summer 2027","Hong Kong, Hong Kong","Asia","https://careers.sig.com/jobs/11244?lang=en-us","Official SIG jobs API","Confirmed official posting","posted=2026-07-30T03:33:00+0000 | June 2027 Start | internship timing: Summer 2027; graduation eligibility mentions: 2028 | Overview Susquehanna is looking for highly motivated full-time students for our 10-week Trading Operations summer internship program based at our US Headquarters. This program offers students currently enrolled at universities in Hong Kong or Singapore the opportunity to intern in the US with the intention of long-term placement in our Hong Kong office. Trading Operations sits at the intersection of trading, technology, and external counterparties - providing you with the opportunity to build meaningful relationships and contribute to impactful projects that drive our success. Throughout your internship, you’ll work closely with our core team and rotate across different trading desks such as Options, ETF, Treasury and Equity Finance, gaining hands-on experience. Eac..."
"Susquehanna International Group","Trading System Engineering Internship: Summer 2027","Hong Kong, Hong Kong","Asia","https://careers.sig.com/jobs/11169?lang=en-us","Official SIG jobs API","Confirmed official posting","posted=2026-07-06T05:56:00+0000 | June 2027 Start | internship timing: Summer 2027; graduation eligibility mentions: 2027, 2028 | Overview Susquehanna is looking for highly motivated full-time students for our 10-week trading system engineering summer internship program based at our US Headquarters. This program offers students currently enrolled at universities in Hong Kong or Singapore the opportunity to intern in the US with the intention of long-term placement in our Hong Kong office. This is a computationally intensive role that will allow you to use your strong technical skills to solve problems at the intersection of trading, data, and technology. Throughout the summer, you will receive education about how markets work by going through a deep dive into financial markets and Susquehanna’s approach to trading. You will also work on challenging projects for our trading strategy devel..."
"Susquehanna International Group","Trading System Engineering Internship: Summer 2027","Bala Cynwyd (Philadelphia Area), Pennsylvania","North America","https://careers.sig.com/jobs/10837?lang=en-us","Official SIG jobs API","Confirmed official posting","posted=2026-04-23T17:38:00+0000 | June 2027 Start | internship timing: Summer 2027; graduation eligibility mentions: 2028 | Overview Susquehanna is looking for highly motivated full-time students for our 10-week trading system engineering summer internship program. This is a computationally intensive role that will allow you to use your strong technical skills to solve problems at the intersection of trading, data, and technology. Throughout the summer, you will receive education about how markets work by going through a deep dive into financial markets and Susquehanna’s approach to trading. You will also work on challenging projects for our trading strategy development teams in low latency C++ trading system development. Additionally, you’ll have the opportunity to work on projects side by side with senior developers who understand the nuances of building complex trading strategies. If ..."
"Susquehanna International Group","Trading Systems Engineering Internship: Summer 2027 (Dublin)","Dublin, Ireland","Europe","https://careers.sig.com/jobs/11335?lang=en-us","Official SIG jobs API","Confirmed official posting","posted=2026-08-21T14:13:00+0000 | June 2027 Start | internship timing: Summer 2027; graduation eligibility mentions: 2028 | Overview Susquehanna is looking for highly motivated full-time students for our 10-week trading system engineering summer internship program based at our EU Headquarters in Dublin, Ireland. This is a computationally intensive role that will allow you to use your strong technical skills to solve problems at the intersection of trading, data, and technology. Throughout the summer, you will receive education about how markets work by going through a deep dive into financial markets and Susquehanna's approach to trading. You will also work on challenging projects for our trading strategy development teams in low latency C++ trading system development. Additionally, you'll have the opportunity to work on projects side by side with senior developers who understand the nua..."
"Susquehanna International Group","Trading Systems Engineering Internship: Summer 2027 (London)","London, United Kingdom","Europe","https://careers.sig.com/jobs/11334?lang=en-us","Official SIG jobs API","Confirmed official posting","posted=2026-08-21T14:13:00+0000 | June 2027 Start | internship timing: Summer 2027; graduation eligibility mentions: 2028 | Overview Susquehanna is looking for highly motivated full-time students for our 10-week trading system engineering summer internship program based between our EU Headquarters in Dublin, Ireland, and our London office. This is a computationally intensive role that will allow you to use your strong technical skills to solve problems at the intersection of trading, data, and technology. Throughout the summer, you will receive education about how markets work by going through a deep dive into financial markets and Susquehanna's approach to trading. You will also work on challenging projects for our trading strategy development teams in low latency C++ trading system development. Additionally, you'll have the opportunity to work on projects side by side with senior devel..."
"Tower Research Capital","Intern - AI/ML","gurgaon","Remote / Unspecified","https://www.tower-research.com/open-positions/?gh_jid=8143756","Career page Greenhouse:towerresearchcapital","Confirmed official posting","career_page=https://tower-research.com/open-positions/ | company_wrapper=https://tower-research.com/open-positions/job?gh_jid=8143756 | internship timing not stated in title | Tower is home to some of the world’s best systematic trading and engineering talent. We empower portfolio managers to build their teams and strategies independently while providing the economies of scale that come from a large, global organization. Engineers thrive at Tower while developing electronic trading infrastructure at a world class level. Our engineers solve challenging problems in the realms of low-latency programming, FPGA technology, hardware acceleration and machine learning. Our ongoing investment in top engineering talent and technology ensures our platform remains unmatched in terms of functionality, scalability and performance. At Tower, every employee plays a role in our success. Our Business Supp..."
"Tower Research Capital","Junior Execution Trader Intern","Gift City","Remote / Unspecified","https://www.tower-research.com/open-positions/?gh_jid=8091833","Career page Greenhouse:towerresearchcapital","Confirmed official posting","career_page=https://tower-research.com/open-positions/ | company_wrapper=https://tower-research.com/open-positions/job?gh_jid=8091833 | internship timing not stated in title | Tower is home to some of the world’s best systematic trading and engineering talent. We empower portfolio managers to build their teams and strategies independently while providing the economies of scale that come from a large, global organization. Engineers thrive at Tower while developing electronic trading infrastructure at a world class level. Our engineers solve challenging problems in the realms of low-latency programming, FPGA technology, hardware acceleration and machine learning. Our ongoing investment in top engineering talent and technology ensures our platform remains unmatched in terms of functionality, scalability and performance. At Tower, every employee plays a role in our success. Our Business Supp..."
"Tower Research Capital","Quantitative Developer Intern","Singapore","Asia","https://www.tower-research.com/open-positions/?gh_jid=8138524","Career page Greenhouse:towerresearchcapital","Confirmed official posting","career_page=https://tower-research.com/open-positions/ | company_wrapper=https://tower-research.com/open-positions/job?gh_jid=8138524 | internship timing not stated in title | Tower Research Capital is a leading quantitative trading firm founded in 1998. Tower has built its business on a high-performance platform and independent trading teams. We have a 25+ year track record of innovation and a reputation for discovering unique market opportunities. Tower is home to some of the world’s best systematic trading and engineering talent. We empower portfolio managers to build their teams and strategies independently while providing the economies of scale that come from a large, global organization. Engineers thrive at Tower while developing electronic trading infrastructure at a world class level. Our engineers solve challenging problems in the realms of low-latency programming, FPGA technolo..."
"Tower Research Capital","Quantitative Developer Intern - Summer 2027","New York, Chicago","North America","https://www.tower-research.com/open-positions/?gh_jid=8044334","Career page Greenhouse:towerresearchcapital","Confirmed official posting","career_page=https://tower-research.com/open-positions/ | company_wrapper=https://tower-research.com/open-positions/job?gh_jid=8044334 | internship timing: Summer 2027 | Tower Research Capital is a leading quantitative trading firm founded in 1998. Tower has built its business on a high-performance platform and independent trading teams. We have a 25+ year track record of innovation and a reputation for discovering unique market opportunities. Tower is home to some of the world’s best systematic trading and engineering talent. We empower portfolio managers to build their teams and strategies independently while providing the economies of scale that come from a large, global organization. Engineers thrive at Tower while developing electronic trading infrastructure at a world class level. Our engineers solve challenging problems in the realms of low-latency programming, FPGA technology, har..."
"Tower Research Capital","Quantitative Research Internship - 6 Months, Central Execution Research","London","Europe","https://www.tower-research.com/open-positions/?gh_jid=8113986","Career page Greenhouse:towerresearchcapital","Confirmed official posting","career_page=https://tower-research.com/open-positions/ | company_wrapper=https://tower-research.com/open-positions/job?gh_jid=8113986 | internship timing not stated in title | Tower Research Capital is a leading quantitative trading firm founded in 1998. Tower has built its business on a high-performance platform and independent trading teams. We have a 25+ year track record of innovation and a reputation for discovering unique market opportunities. Tower is home to some of the world’s best systematic trading and engineering talent. We empower portfolio managers to build their teams and strategies independently while providing the economies of scale that come from a large, global organization. Engineers thrive at Tower while developing electronic trading infrastructure at a world-class level. Our engineers solve challenging problems in the realms of low-latency programming, FPGA technolo..."
"Tower Research Capital","Quantitative Trader Intern, PhD","New York","North America","https://www.tower-research.com/open-positions/?gh_jid=8024138","Career page Greenhouse:towerresearchcapital","Confirmed official posting","career_page=https://tower-research.com/open-positions/ | company_wrapper=https://tower-research.com/open-positions/job?gh_jid=8024138 | internship timing not stated in title | Tower Research Capital is a leading quantitative trading firm founded in 1998. Tower has built its business on a high-performance platform and independent trading teams. We have a 25+ year track record of innovation and a reputation for discovering unique market opportunities. Tower is home to some of the world’s best systematic trading and engineering talent. We empower portfolio managers to build their teams and strategies independently while providing the economies of scale that come from a large, global organization. Engineers thrive at Tower while developing electronic trading infrastructure at a world class level. Our engineers solve challenging problems in the realms of low-latency programming, FPGA technolo..."
"Tower Research Capital","Quantitative Trader/Researcher Intern - Summer 2027","New York, Chicago","North America","https://www.tower-research.com/open-positions/?gh_jid=8024128","Career page Greenhouse:towerresearchcapital","Confirmed official posting","career_page=https://tower-research.com/open-positions/ | company_wrapper=https://tower-research.com/open-positions/job?gh_jid=8024128 | internship timing: Summer 2027 | Tower Research Capital is a leading quantitative trading firm founded in 1998. Tower has built its business on a high-performance platform and independent trading teams. We have a 25+ year track record of innovation and a reputation for discovering unique market opportunities. Tower is home to some of the world’s best systematic trading and engineering talent. We empower portfolio managers to build their teams and strategies independently while providing the economies of scale that come from a large, global organization. Engineers thrive at Tower while developing electronic trading infrastructure at a world class level. Our engineers solve challenging problems in the realms of low-latency programming, FPGA technology, har..."
"Tower Research Capital","Risk Intern - 6 Month Internship Opportunity","Singapore","Asia","https://www.tower-research.com/open-positions/?gh_jid=7789933","Career page Greenhouse:towerresearchcapital","Confirmed official posting","career_page=https://tower-research.com/open-positions/ | company_wrapper=https://tower-research.com/open-positions/job?gh_jid=7789933 | internship timing not stated in title | Tower Research Capital is a leading quantitative trading firm founded in 1998. Tower has built its business on a high-performance platform and independent trading teams. We have a 25+ year track record of innovation and a reputation for discovering unique market opportunities. Tower is home to some of the world’s best systematic trading and engineering talent. We empower portfolio managers to build their teams and strategies independently while providing the economies of scale that come from a large, global organization. Engineers thrive at Tower while developing electronic trading infrastructure at a world class level. Our engineers solve challenging problems in the realms of low-latency programming, FPGA technolo..."
"TransMarket Group","Algorithmic Trader Intern","Chicago, Illinois, United States","North America","https://job-boards.greenhouse.io/transmarketgroup/jobs/5151581007?gh_jid=5151581007","Career page Greenhouse:transmarketgroup","Confirmed official posting","career_page=https://www.transmarketgroup.com/careers | company_wrapper=https://www.transmarketgroup.com/job?gh_jid=5151581007 | internship timing not stated in title; graduation eligibility mentions: 2027, 2028 | Who We Are Founded in 1980 as Aardvark Financial, TransMarket Group (TMG) is a privately held global markets proprietary trading firm in Chicago. We use next-generation technology to capture opportunities around the world and manage risk in financial markets. Our mission is to bless others through the services we provide and through the generous stewardship of the wealth we create. TMG is a well-established and profitable business as a respected member of the global financial system for over 40 years, but also is like a startup because the potential of our group is at least one order of magnitude greater than what we are currently producing. We have an entrepreneurial culture an..."
"TransMarket Group","DevOps/SRE Intern","Chicago, Illinois, United States","North America","https://job-boards.greenhouse.io/transmarketgroup/jobs/5151577007?gh_jid=5151577007","Career page Greenhouse:transmarketgroup","Confirmed official posting","career_page=https://www.transmarketgroup.com/careers | company_wrapper=https://www.transmarketgroup.com/job?gh_jid=5151577007 | internship timing not stated in title | Who We Are Founded in 1980 as Aardvark Financial, TransMarket Group (TMG) is a privately held global markets proprietary trading firm in Chicago. We use next-generation technology to capture opportunities around the world and manage risk in financial markets. Our mission is to bless others through the services we provide and through the generous stewardship of the wealth we create. TMG is a well-established and profitable business as a respected member of the global financial system for over 40 years, but also is like a startup because the potential of our group is at least one order of magnitude greater than what we are currently producing. We have an entrepreneurial culture and collaboratively develop our business with p..."
"TransMarket Group","Quantitative Trader Intern","Chicago, Illinois, United States","North America","https://job-boards.greenhouse.io/transmarketgroup/jobs/5151569007?gh_jid=5151569007","Career page Greenhouse:transmarketgroup","Confirmed official posting","career_page=https://www.transmarketgroup.com/careers | company_wrapper=https://www.transmarketgroup.com/job?gh_jid=5151569007 | internship timing not stated in title; graduation eligibility mentions: 2027, 2028 | Who We Are Founded in 1980 as Aardvark Financial, TransMarket Group (TMG) is a privately held global markets proprietary trading firm in Chicago. We use next-generation technology to capture opportunities around the world and manage risk in financial markets. Our mission is to bless others through the services we provide and through the generous stewardship of the wealth we create. TMG is a well-established and profitable business as a respected member of the global financial system for over 40 years, but also is like a startup because the potential of our group is at least one order of magnitude greater than what we are currently producing. We have an entrepreneurial culture an..."
"TransMarket Group","Software Engineering Intern","Chicago, Illinois, United States","North America","https://job-boards.greenhouse.io/transmarketgroup/jobs/5212335007?gh_jid=5212335007","Career page Greenhouse:transmarketgroup","Confirmed official posting","career_page=https://www.transmarketgroup.com/careers | company_wrapper=https://www.transmarketgroup.com/job?gh_jid=5212335007 | internship timing not stated in title | Who We Are Founded in 1980 as Aardvark Financial, TransMarket Group (TMG) is a privately held global markets proprietary trading firm in Chicago. We use next-generation technology to capture opportunities around the world and manage risk in financial markets. Our mission is to bless others through the services we provide and through the generous stewardship of the wealth we create. TMG is a well-established and profitable business as a respected member of the global financial system for over 40 years, but also is like a startup because the potential of our group is at least one order of magnitude greater than what we are currently producing. We have an entrepreneurial culture and collaboratively develop our business with p..."
"Trillium","IT Support Intern - Summer 2027","NYC","North America","https://www.trlm.com/apply/5207070007?gh_jid=5207070007","Career page Greenhouse:trillium","Confirmed official posting","career_page=https://www.trlm.com/careers-trader/ | company_wrapper=https://www.trlm.com/careers-trader/job?gh_jid=5207070007 | internship timing: Summer 2027 | Trillium is a leading proprietary trading firm active in US Equities, US Options, Canadian Equities, and OTC Equities. With trading technology built, tested, and optimized in-house, our engineers and technologists collaborate with our traders to deliver tools and functionality designed to support their needs. Our passion for the markets and our drive to succeed have propelled our track record of growth and profitability for over 20 years. At Trillium, we are a team of problem solvers and independent thinkers dedicated to seizing market opportunities. We are headquartered in New York City, with additional trading floors in Chicago and Miami. To learn more about Trillium, visit www.trlm.com The Role Trillium is seeking a motivated, ..."
"Trillium","Summer 2027 Equity Trader Internship","Miami","North America","https://www.trlm.com/apply/5076067007?gh_jid=5076067007","Career page Greenhouse:trillium","Confirmed official posting","career_page=https://www.trlm.com/careers-trader/ | company_wrapper=https://www.trlm.com/careers-trader/job?gh_jid=5076067007 | internship timing: Summer 2027; graduation eligibility mentions: 2028 | Trillium is a leading proprietary trading firm active in US Equities, US Options, Canadian Equities, and OTC Equities. With trading technology built, tested, and optimized in-house, our engineers and technologists collaborate with our traders to deliver tools and functionality designed to support their needs. Our passion for the markets and our drive to succeed have propelled our track record of growth and profitability for over 20 years. At Trillium, we are a team of problem solvers and independent thinkers dedicated to seizing market opportunities. We are headquartered in New York City, with additional trading floors in Chicago and Miami. To learn more about Trillium, visit www.trlm.com *Th..."
"Trillium","Summer 2027 Equity Trader Internship","Chicago","North America","https://www.trlm.com/apply/5076017007?gh_jid=5076017007","Career page Greenhouse:trillium","Confirmed official posting","career_page=https://www.trlm.com/careers-trader/ | company_wrapper=https://www.trlm.com/careers-trader/job?gh_jid=5076017007 | internship timing: Summer 2027; graduation eligibility mentions: 2028 | Trillium is a leading proprietary trading firm active in US Equities, US Options, Canadian Equities, and OTC Equities. With trading technology built, tested, and optimized in-house, our engineers and technologists collaborate with our traders to deliver tools and functionality designed to support their needs. Our passion for the markets and our drive to succeed have propelled our track record of growth and profitability for over 20 years. At Trillium, we are a team of problem solvers and independent thinkers dedicated to seizing market opportunities. We are headquartered in New York City, with additional trading floors in Chicago and Miami. To learn more about Trillium, visit www.trlm.com *Th..."
"Trillium","Summer 2027 Equity Trader Internship","NYC","North America","https://www.trlm.com/apply/5076003007?gh_jid=5076003007","Career page Greenhouse:trillium","Confirmed official posting","career_page=https://www.trlm.com/careers-trader/ | company_wrapper=https://www.trlm.com/careers-trader/job?gh_jid=5076003007 | internship timing: Summer 2027; graduation eligibility mentions: 2028 | Trillium is a leading proprietary trading firm active in US Equities, US Options, Canadian Equities, and OTC Equities. With trading technology built, tested, and optimized in-house, our engineers and technologists collaborate with our traders to deliver tools and functionality designed to support their needs. Our passion for the markets and our drive to succeed have propelled our track record of growth and profitability for over 20 years. At Trillium, we are a team of problem solvers and independent thinkers dedicated to seizing market opportunities. We are headquartered in New York City, with additional trading floors in Chicago and Miami. To learn more about Trillium, visit www.trlm.com *Th..."
"Two Sigma","AI Research Scientist - Intern [2027 Summer]","United States - NY New York","North America","https://careers.twosigma.com/careers/JobDetail/New-York-New-York-United-States-AI-Research-Scientist-Intern-2027-Summer/14096","Official Two Sigma careers portal","Confirmed official posting","career_page=https://careers.twosigma.com/careers/OpenRoles/ | function=Quantitative Research | experience=Internship | internship timing: 2027 Summer | official detail page checked | AI Research Scientist - Intern [2027 Summer] - New York - Two Sigma Careers Open navigation Expanded hamburger menu for Two Sigma's site navigation Close navigation Search for Clear search About Us Businesses Investment Management Securities Real Estate Sightway Capital Insights Topics Data Science Engineering Markets & Economy News &#038; Culture Careers Internships Engineering Quantitative Research &#038; Data Science Open Roles Contact Us Investor Hub Skip to content Careers Portal Career Portal Open Roles Events Login AI Research Scientist - Intern [2027 Summer] Location NY New York United"
"Two Sigma","Quantitative Researcher - Intern [2027 Summer]","United States - NY New York","North America","https://careers.twosigma.com/careers/JobDetail/New-York-New-York-United-States-Quantitative-Researcher-Intern-2027-Summer/13945","Official Two Sigma careers portal","Confirmed official posting","career_page=https://careers.twosigma.com/careers/OpenRoles/ | function=Quantitative Research | experience=Internship | internship timing: 2027 Summer | official detail page checked | Quantitative Researcher - Intern [2027 Summer] - New York - Two Sigma Careers Open navigation Expanded hamburger menu for Two Sigma's site navigation Close navigation Search for Clear search About Us Businesses Investment Management Securities Real Estate Sightway Capital Insights Topics Data Science Engineering Markets & Economy News &#038; Culture Careers Internships Engineering Quantitative Research &#038; Data Science Open Roles Contact Us Investor Hub Skip to content Careers Portal Career Portal Open Roles Events Login Quantitative Researcher - Intern [2027 Summer] Location NY New York Un"
"Vanguard","College to Corporate IT Internship - Data Science (NC)","Charlotte, NC","Remote / Unspecified","https://vanguard.wd5.myworkdayjobs.com/vanguard_external/job/Charlotte-NC/College-to-Corporate-IT-Internship---Data-Science--NC-_181765","Career page Workday:vanguard/vanguard_external","Confirmed official posting","career_page=https://vanguard.wd5.myworkdayjobs.com/vanguard_external | Posted 6 Days Ago | 181765"
"Vanguard","College to Corporate IT Internship - Data Science (PA)","Malvern, PA","North America","https://vanguard.wd5.myworkdayjobs.com/vanguard_external/job/Malvern-PA/College-to-Corporate-IT-Internship---Data-Science--PA-_181766","Career page Workday:vanguard/vanguard_external","Confirmed official posting","career_page=https://vanguard.wd5.myworkdayjobs.com/vanguard_external | Posted 6 Days Ago | 181766"
"Vanguard","College to Corporate IT Internship - Risk & Security - Analyst  (NC)","Charlotte, NC","Remote / Unspecified","https://vanguard.wd5.myworkdayjobs.com/vanguard_external/job/Charlotte-NC/College-to-Corporate-IT-Internship---Risk---Security---Analyst---NC-_181764","Career page Workday:vanguard/vanguard_external","Confirmed official posting","career_page=https://vanguard.wd5.myworkdayjobs.com/vanguard_external | Posted 6 Days Ago | 181764"
"Vanguard","College to Corporate IT Internship - Risk & Security - Analyst  (PA)","Malvern, PA","North America","https://vanguard.wd5.myworkdayjobs.com/vanguard_external/job/Malvern-PA/College-to-Corporate-IT-Internship---Risk---Security---Analyst---PA-_181762","Career page Workday:vanguard/vanguard_external","Confirmed official posting","career_page=https://vanguard.wd5.myworkdayjobs.com/vanguard_external | Posted 6 Days Ago | 181762"
"Vanguard","College to Corporate IT Internship - Risk & Security - Engineer  (NC)","Charlotte, NC","Remote / Unspecified","https://vanguard.wd5.myworkdayjobs.com/vanguard_external/job/Charlotte-NC/College-to-Corporate-IT-Internship---Risk---Security---Engineer---NC-_177688-1","Career page Workday:vanguard/vanguard_external","Confirmed official posting","career_page=https://vanguard.wd5.myworkdayjobs.com/vanguard_external | Posted 9 Days Ago | 177688"
"Vanguard","College to Corporate IT Internship - Risk & Security - Engineer  (PA)","Malvern, PA","North America","https://vanguard.wd5.myworkdayjobs.com/vanguard_external/job/Malvern-PA/College-to-Corporate-IT-Internship---Risk---Security---Engineer---PA-_177687-1","Career page Workday:vanguard/vanguard_external","Confirmed official posting","career_page=https://vanguard.wd5.myworkdayjobs.com/vanguard_external | Posted 9 Days Ago | 177687"
"Vanguard","College to Corporate IT Internship - Technology Operations (PA)","Malvern, PA","North America","https://vanguard.wd5.myworkdayjobs.com/vanguard_external/job/Malvern-PA/College-to-Corporate-IT-Internship---Technology-Operations--PA-_181788","Career page Workday:vanguard/vanguard_external","Confirmed official posting","career_page=https://vanguard.wd5.myworkdayjobs.com/vanguard_external | Posted 5 Days Ago | 181788"
"Vatic Investments","AI Research Internship (UAE)","Abu Dhabi","Middle East","https://job-boards.greenhouse.io/vaticlabs/jobs/7268318","Career page Greenhouse:vaticlabs","Confirmed official posting","career_page=https://www.vaticlabs.ai/careers/ | company_wrapper=https://www.vaticlabs.ai/careers/job?gh_jid=7268318 | internship timing not stated in title | Vatic Labs is a quantitative trading firm in New York and Abu Dhabi. Our traders, AI researchers, and technologists collaborate to develop autonomous trading agents and cutting edge technology. As an AI Research Intern at Vatic Labs, you will contribute to the research and development of fully autonomous trading agents with some of the brightest researchers, traders, and technologists in the world. As a part of your internship at Vatic Labs, you will explore vast amounts of market data, research different AI approaches, apply cutting edge machine learning algorithms and statistical approaches to this data to discover and capitalize on trading opportunities. We are seeking researchers who have demonstrated the ability to generate imp..."
"Verition Fund Management","2027 Technology Internship (US)","Chicago, Illinois, United States; Greenwich, Connecticut, United States; Houston, Texas, United States; Miami, Florida, United States; New York, NY, USA; Norwalk, CT","North America","https://www.verition.com/open-positions?gh_jid=5214784007","Career page Greenhouse:veritiongroupllc","Confirmed official posting","career_page=https://www.verition.com/open-positions | company_wrapper=https://www.verition.com/job?gh_jid=5214784007 | internship timing not stated in title | Verition Fund Management LLC (“Verition”) is a multi-strategy, multi-manager hedge fund founded in 2008. Verition focuses on global investment strategies including Credit, Fixed Income & Macro, Convertible & Volatility Arbitrage, Event-Driven, Equity Long/Short & Capital Markets, and Quantitative Strategies. About the Program Our 10-week Summer Internship Program pairs you with a technology team where you'll take on real, high-impact work, while getting a structured, firm-wide view of how a global multi-strategy hedge fund operates. You'll work alongside portfolio managers, analysts, and experienced professionals, partner with your fellow interns on cross-functional projects, and present your work directly to senior leaders by the ..."
"Virtu Financial","2027 Internship - FPGA Engineer","Dublin, Ireland","Europe","https://job-boards.greenhouse.io/virtu/jobs/8638124002","Career page Greenhouse:virtu","Confirmed official posting","career_page=https://www.virtu.com/careers/ | company_wrapper=https://www.virtu.com/careers/job?gh_jid=8638124002 | internship timing not stated in title; graduation eligibility mentions: 2028 | Virtu is a leading financial firm that leverages cutting edge technology to deliver liquidity to the global markets and innovative, transparent trading solutions to our clients. As a market maker, Virtu provides deep liquidity that helps to create more efficient markets around the world. Our market structure expertise, broad diversification, and execution technology enables us to provide competitive bids and offers in over 19,000 securities, at over 235 venues, in 36 countries worldwide. Virtu's internship programme offers students an extraordinary opportunity to learn about the firm and the world’s financial markets. We have built a thoughtful and challenging curriculum with projects that introdu..."
"Virtu Financial","2027 Internship - Frontend Engineer (UI)","New York","North America","https://job-boards.greenhouse.io/virtu/jobs/8657500002","Career page Greenhouse:virtu","Confirmed official posting","career_page=https://www.virtu.com/careers/ | company_wrapper=https://www.virtu.com/careers/job?gh_jid=8657500002 | internship timing not stated in title | Virtu is an industry-leading financial technology firm that operates both proprietary trading and client-facing businesses in the global financial marketplace. Our cutting edge, proprietary technology is core to everything we do. We trade in over 35 countries, across 235 financial exchanges and over 25% of retail order flow in the US. is serviced by Virtu. Our team is a dedicated group of traders, quants and developers that are inspired by the unique and exciting challenges we solve every day. Our culture combines the creativity of a fast paced start up, with the stability of a disciplined financial services firm. We are a flat organization and encourage our people to innovate and lean on their teammates for support and collaboration. ..."
"Virtu Financial","2027 Internship - Quantitative Researcher (Master or PhD)","Dublin, Ireland","Europe","https://job-boards.greenhouse.io/virtu/jobs/8631180002","Career page Greenhouse:virtu","Confirmed official posting","career_page=https://www.virtu.com/careers/ | company_wrapper=https://www.virtu.com/careers/job?gh_jid=8631180002 | internship timing not stated in title | Virtu is an industry-leading financial technology firm that operates both proprietary trading and client-facing businesses in the global financial marketplace. Our cutting edge, proprietary technology is core to everything we do. We trade in over 35 countries, across 235 financial exchanges and over 25% of retail order flow in the US. is serviced by Virtu. Our team is a dedicated group of traders, quants and developers that are inspired by the unique and exciting challenges we solve every day. Our culture combines the creativity of a fast paced start up, with the stability of a disciplined financial services firm. We are a flat organization and encourage our people to innovate and lean on their teammates for support and collaboration. ..."
"Virtu Financial","2027 Internship - Quantitative Researcher (PhD)","New York","North America","https://job-boards.greenhouse.io/virtu/jobs/8624424002","Career page Greenhouse:virtu","Confirmed official posting","career_page=https://www.virtu.com/careers/ | company_wrapper=https://www.virtu.com/careers/job?gh_jid=8624424002 | internship timing not stated in title | Virtu is an industry-leading financial technology firm that operates both proprietary trading and client-facing businesses in the global financial marketplace. Our cutting edge, proprietary technology is core to everything we do. We trade in over 35 countries, across 235 financial exchanges and over 25% of retail order flow in the US. is serviced by Virtu. Our team is a dedicated group of traders, quants and developers that are inspired by the unique and exciting challenges we solve every day. Our culture combines the creativity of a fast paced start up, with the stability of a disciplined financial services firm. We are a flat organization and encourage our people to innovate and lean on their teammates for support and collaboration. ..."
"Virtu Financial","2027 Internship - Quantitative Researcher (Undergrad)","New York","North America","https://job-boards.greenhouse.io/virtu/jobs/8142539002","Career page Greenhouse:virtu","Confirmed official posting","career_page=https://www.virtu.com/careers/ | company_wrapper=https://www.virtu.com/careers/job?gh_jid=8142539002 | internship timing not stated in title | Virtu is an industry-leading financial technology firm that operates both proprietary trading and client-facing businesses in the global financial marketplace. Our cutting edge, proprietary technology is core to everything we do. We trade in over 35 countries, across 235 financial exchanges and over 25% of retail order flow in the US. is serviced by Virtu. Our team is a dedicated group of traders, quants and developers that are inspired by the unique and exciting challenges we solve every day. Our culture combines the creativity of a fast paced start up, with the stability of a disciplined financial services firm. We are a flat organization and encourage our people to innovate and lean on their teammates for support and collaboration. ..."
"Virtu Financial","2027 Internship - Quantitative Strategist","Singapore","Asia","https://job-boards.greenhouse.io/virtu/jobs/7617953002","Career page Greenhouse:virtu","Confirmed official posting","career_page=https://www.virtu.com/careers/ | company_wrapper=https://www.virtu.com/careers/job?gh_jid=7617953002 | internship timing not stated in title | Virtu is an industry-leading financial technology firm that operates both proprietary trading and client-facing businesses in the global financial marketplace. Our cutting edge, proprietary technology is core to everything we do. We trade in over 35 countries, across 235 financial exchanges and over 25% of retail order flow in the US. is serviced by Virtu. Our team is a dedicated group of traders, quants and developers that are inspired by the unique and exciting challenges we solve every day. Our culture combines the creativity of a fast paced start up, with the stability of a disciplined financial services firm. We are a flat organization and encourage our people to innovate and lean on their teammates for support and collaboration. ..."
"Virtu Financial","2027 Internship - Quantitative Trading","Singapore","Asia","https://job-boards.greenhouse.io/virtu/jobs/5208637002","Career page Greenhouse:virtu","Confirmed official posting","career_page=https://www.virtu.com/careers/ | company_wrapper=https://www.virtu.com/careers/job?gh_jid=5208637002 | internship timing not stated in title | Virtu is an industry-leading financial technology firm that operates both proprietary trading and client-facing businesses in the global financial marketplace. Our cutting edge, proprietary technology is core to everything we do. We trade in over 35 countries, across 235 financial exchanges and over 25% of retail order flow in the US. is serviced by Virtu Our team is a dedicated group of traders, quants and developers that are inspired by the unique and exciting challenges we solve every day. Our culture combines the creativity of a fast paced start up, with the stability of a disciplined financial services firm. We are a flat organization and encourage our people to innovate and lean on their teammates for support and collaboration. W..."
"Virtu Financial","2027 Internship - Quantitative Trading","Austin, TX; Chicago; New York","North America","https://job-boards.greenhouse.io/virtu/jobs/8624408002","Career page Greenhouse:virtu","Confirmed official posting","career_page=https://www.virtu.com/careers/ | company_wrapper=https://www.virtu.com/careers/job?gh_jid=8624408002 | internship timing not stated in title | Virtu is an industry-leading financial technology firm that operates both proprietary trading and client-facing businesses in the global financial marketplace. Our cutting edge, proprietary technology is core to everything we do. We trade in over 35 countries, across 235 financial exchanges and over 25% of retail order flow in the US. is serviced by Virtu. Our team is a dedicated group of traders, quants and developers that are inspired by the unique and exciting challenges we solve every day. Our culture combines the creativity of a fast paced start up, with the stability of a disciplined financial services firm. We are a flat organization and encourage our people to innovate and lean on their teammates for support and collaboration. ..."
"Virtu Financial","2027 Internship - Quantitative Trading","Dublin, Ireland","Europe","https://job-boards.greenhouse.io/virtu/jobs/8547254002","Career page Greenhouse:virtu","Confirmed official posting","career_page=https://www.virtu.com/careers/ | company_wrapper=https://www.virtu.com/careers/job?gh_jid=8547254002 | internship timing not stated in title; graduation eligibility mentions: 2028 | Virtu is an industry-leading financial technology firm that operates both proprietary trading and client-facing businesses in the global financial marketplace. Our cutting edge, proprietary technology is core to everything we do. We trade in over 35 countries, across 235 financial exchanges and over 25% of retail order flow in the US is serviced by Virtu. Our team is a dedicated group of traders, quants and developers that are inspired by the unique and exciting challenges we solve every day. Our culture combines the creativity of a fast paced start up with the stability of a disciplined financial services firm. We are a flat organisation and encourage our people to innovate and lean on their team..."
"Virtu Financial","2027 Internship - Software Engineer","Austin, TX; New York","North America","https://job-boards.greenhouse.io/virtu/jobs/8624410002","Career page Greenhouse:virtu","Confirmed official posting","career_page=https://www.virtu.com/careers/ | company_wrapper=https://www.virtu.com/careers/job?gh_jid=8624410002 | internship timing not stated in title | Virtu is an industry-leading financial technology firm that operates both proprietary trading and client-facing businesses in the global financial marketplace. Our cutting edge, proprietary technology is core to everything we do. We trade in over 35 countries, across 235 financial exchanges and over 25% of retail order flow in the US. is serviced by Virtu. Our team is a dedicated group of traders, quants and developers that are inspired by the unique and exciting challenges we solve every day. Our culture combines the creativity of a fast paced start up, with the stability of a disciplined financial services firm. We are a flat organization and encourage our people to innovate and lean on their teammates for support and collaboration. ..."
"Virtu Financial","2027 Internship - Software Engineer","Dublin, Ireland","Europe","https://job-boards.greenhouse.io/virtu/jobs/8551566002","Career page Greenhouse:virtu","Confirmed official posting","career_page=https://www.virtu.com/careers/ | company_wrapper=https://www.virtu.com/careers/job?gh_jid=8551566002 | internship timing not stated in title; graduation eligibility mentions: 2028 | Virtu is an industry-leading financial technology firm that operates both proprietary trading and client-facing businesses in the global financial marketplace. Our cutting edge, proprietary technology is core to everything we do. We trade in over 35 countries, across 235 financial exchanges and over 25% of retail order flow in the US is serviced by Virtu. Our team is a dedicated group of traders, quants and developers that are inspired by the unique and exciting challenges we solve every day. Our culture combines the creativity of a fast paced start up with the stability of a disciplined financial services firm. We are a flat organisation and encourage our people to innovate and lean on their team..."
"Virtu Financial","2027 Internship – Core Operations Engineer","Singapore","Asia","https://job-boards.greenhouse.io/virtu/jobs/6329460002","Career page Greenhouse:virtu","Confirmed official posting","career_page=https://www.virtu.com/careers/ | company_wrapper=https://www.virtu.com/careers/job?gh_jid=6329460002 | internship timing not stated in title | Virtu is an industry-leading financial technology firm that operates both proprietary trading and client-facing businesses in the global financial marketplace. Our cutting edge, proprietary technology is core to everything we do. We trade in over 35 countries, across 235 financial exchanges and over 25% of retail order flow in the US. is serviced by Virtu. Our team is a dedicated group of traders, quants and developers that are inspired by the unique and exciting challenges we solve every day. Our culture combines the creativity of a fast paced start up, with the stability of a disciplined financial services firm. We are a flat organization and encourage our people to innovate and lean on their teammates for support and collaboration. ..."
"Virtu Financial","2027 Internship – Software Engineer","Singapore","Asia","https://job-boards.greenhouse.io/virtu/jobs/5513756002","Career page Greenhouse:virtu","Confirmed official posting","career_page=https://www.virtu.com/careers/ | company_wrapper=https://www.virtu.com/careers/job?gh_jid=5513756002 | internship timing not stated in title | Virtu is an industry-leading financial technology firm that operates both proprietary trading and client-facing businesses in the global financial marketplace. Our cutting edge, proprietary technology is core to everything we do. We trade in over 35 countries, across 235 financial exchanges and over 25% of retail order flow in the US. is serviced by Virtu. Our team is a dedicated group of traders, quants and developers that are inspired by the unique and exciting challenges we solve every day. Our culture combines the creativity of a fast paced start up, with the stability of a disciplined financial services firm. We are a flat organization and encourage our people to innovate and lean on their teammates for support and collaboration. ..."
"Virtu Financial","2027 Internship- Hardware Engineer (FPGA)","Austin, TX","North America","https://job-boards.greenhouse.io/virtu/jobs/8657286002","Career page Greenhouse:virtu","Confirmed official posting","career_page=https://www.virtu.com/careers/ | company_wrapper=https://www.virtu.com/careers/job?gh_jid=8657286002 | internship timing not stated in title | Virtu is an industry-leading financial technology firm that operates both proprietary trading and client-facing businesses in the global financial marketplace. Our cutting edge, proprietary technology is core to everything we do. We trade in over 35 countries, across 235 financial exchanges and over 25% of retail order flow in the US. is serviced by Virtu. Our team is a dedicated group of traders, quants and developers that are inspired by the unique and exciting challenges we solve every day. Our culture combines the creativity of a fast paced start up, with the stability of a disciplined financial services firm. We are a flat organization and encourage our people to innovate and lean on their teammates for support and collaboration. ..."
"Voleon Group","Software Engineer Intern - (Summer 2027)","Berkeley, CA","North America","https://jobs.ashbyhq.com/voleon/57f1b666-2f4b-4bad-aac0-fa42a1c8fdf6","Career page Ashby:voleon","Confirmed official posting","career_page=https://jobs.ashbyhq.com/voleon | internship timing: Summer 2027; graduation eligibility mentions: 2028 | The Voleon Group is a quantitative hedge fund headquartered in Berkeley, CA. We apply statistical machine learning to get an edge in highly competitive, fast-moving financial markets. We employ world-class engineering and research talent to solve financial prediction problems. We are seeking passionate software engineers who can tackle hard problems in a high-stakes environment. You should be a highly motivated individual who can push a project through to completion, as well as demonstrate excellence in designing clean, robust software. At Voleon, software engineers design and build complex, high-performance systems such as: - Real-time trading systems - Large-scale distributed data processing - Research infrastructure to develop the next generation of machine learning mo..."
"Voloridge","Quantitative Developer Intern 2027","Jupiter, FL","North America","https://job-boards.greenhouse.io/voloridgeinvestmentmanagement/jobs/4224862009","Career page Greenhouse:voloridgeinvestmentmanagement","Confirmed official posting","career_page=https://job-boards.greenhouse.io/voloridgeinvestmentmanagement | company_wrapper=https://job-boards.greenhouse.io/job?gh_jid=4224862009 | internship timing not stated in title | Voloridge Investment Management was founded by David Vogel in 2009 and is based in Jupiter, FL. We incorporate advanced data science and mathematics into our systematic, market neutral investment strategies to exploit alpha opportunities we consider unique in financial markets. Our firm is comprised of award-winning predictive modelers, experienced data analysts, advanced technologists, and a group of dynamic business professionals. This role requires the independent application of advanced knowledge in computer science or equivalent field of study. The selected candidate will be expected to exercise discretion and independent judgment, contributing to the design, development, and analysis of large da..."
"Voloridge","Quantitative Research Intern 2027","Jupiter, FL","North America","https://job-boards.greenhouse.io/voloridgeinvestmentmanagement/jobs/4226247009","Career page Greenhouse:voloridgeinvestmentmanagement","Confirmed official posting","career_page=https://job-boards.greenhouse.io/voloridgeinvestmentmanagement | company_wrapper=https://job-boards.greenhouse.io/job?gh_jid=4226247009 | internship timing not stated in title | Voloridge Investment Management was founded by David Vogel in 2009 and is based in Jupiter, FL. We incorporate advanced data science and mathematics into our systematic, market neutral investment strategies to exploit alpha opportunities we consider unique in financial markets. Our firm is comprised of award-winning predictive modelers, experienced data analysts, advanced technologists, and a group of dynamic business professionals. This role requires the independent application of advanced knowledge in math, statistics, physics or equivalent field of study. The selected candidate will be expected to exercise discretion and independent judgment, contributing to the design, development, and analysis of..."
"Walleye Capital","Quantic - PhD Quantitative Researcher Intern (Summer 2027)","Boston, MA","North America","https://job-boards.greenhouse.io/walleyecapital-external-students/jobs/4679184006","Career page Greenhouse:walleyecapital-external-students","Confirmed official posting","career_page=https://job-boards.greenhouse.io/walleyecapital-external-students | company_wrapper=https://job-boards.greenhouse.io/job?gh_jid=4679184006 | internship timing: Summer 2027; graduation eligibility mentions: 2027, 2028 | Position : Quantic - PhD Quantitative Researcher Intern (Summer 2027) Location : Boston, MA Firm Overview: Walleye Capital is a ~$17 billion+ multi-strategy investment firm headquartered in New York City, with over 350 employees across five main offices. Founded in 2005 as an options market maker, we have organically grown into a global investment firm specializing in Quant, Fundamental Equities, and Volatility strategies. Our Team Overview: Walleye Capital is seeking highly quantitative and creative PhD Quantitative Researcher Interns to work in the rapidly growing Quantic team based out of Boston. Quantic is Walleye’s principal quantitative investment busines..."
"Walleye Capital","Quantic – Quantitative Developer Intern (Summer 2027)","Boston, MA","North America","https://job-boards.greenhouse.io/walleyecapital-external-students/jobs/4679168006","Career page Greenhouse:walleyecapital-external-students","Confirmed official posting","career_page=https://job-boards.greenhouse.io/walleyecapital-external-students | company_wrapper=https://job-boards.greenhouse.io/job?gh_jid=4679168006 | internship timing: Summer 2027; graduation eligibility mentions: 2027, 2028 | Position : Quantic – Quantitative Developer Intern (Summer 2027) Location : Boston, MA Please apply to only one opportunity between the Quantitative Developer, Quantitative Researcher and PhD Quantitative Researcher positions with Quantic. If the team finds you could be a potential fit for the other, we will contact you. Firm Overview: Walleye Capital is a ~$16 billion+ multi-strategy investment firm headquartered in New York City, with over 350 employees across five main offices. Founded in 2005 as an options market maker, we have organically grown into a global investment firm specializing in Quant, Fundamental Equities, and Volatility strategies. Our Team Ov..."
"Wincent","Quantitative Research Internship - Quant Research/Trading - Starting Summer 2027","Bratislava","Europe","https://jobs.ashbyhq.com/wincent/984bf12c-8d80-431f-9789-04a9739cfc99","Ashby:wincent","Confirmed official posting","internship timing: Summer 2027; undergrad/BS/MS language found"
"Wolverine Trading","Wolverine Trading Internship 2027 –2028: How to Apply | Extern","","Remote / Unspecified","https://www.extern.com/post/wolverine-trading-internship-guide","Web-discovered lead","Aggregator/web lead; verify on official site","Land a Wolverine Trading internship in 2027–2028: SWE and quant trading tracks, $63/hr pay, fully paid Chicago housing, rolling …"
"WorldQuant","Data Science Intern","Beijing OR Shanghai","Asia","https://job-boards.greenhouse.io/worldquant/jobs/4069460006","Career page Greenhouse:worldquant","Confirmed official posting","career_page=https://job-boards.greenhouse.io/worldquant | company_wrapper=https://job-boards.greenhouse.io/job?gh_jid=4069460006 | internship timing not stated in title | WorldQuant develops and deploys systematic financial strategies across a broad range of asset classes and global markets. We seek to produce high-quality predictive signals (alphas) through our proprietary research platform to employ financial strategies focused on market inefficiencies. Our teams work collaboratively to drive the production of alphas and financial strategies – the foundation of a balanced, global investment platform. WorldQuant is built on a culture that pairs academic sensibility with accountability for results. Employees are encouraged to think openly about problems, balancing intellectualism and practicality. Excellent ideas come from anyone, anywhere. Employees are encouraged to challenge conventio..."
"WorldQuant","Quant Developer Intern","Singapore","Asia","https://job-boards.greenhouse.io/worldquant/jobs/4572988006","Greenhouse:worldquant","Confirmed official posting","internship timing not stated in title; undergrad/BS/MS language found"
"WorldQuant","Quantitative Research Intern","Beijing OR Shanghai","Asia","https://job-boards.greenhouse.io/worldquant/jobs/4084570006","Career page Greenhouse:worldquant","Confirmed official posting","career_page=https://job-boards.greenhouse.io/worldquant | company_wrapper=https://job-boards.greenhouse.io/job?gh_jid=4084570006 | internship timing not stated in title; graduation eligibility mentions: 2027, 2028 | WorldQuant develops and deploys systematic financial strategies across a broad range of asset classes and global markets. We seek to produce high-quality predictive signals (alphas) through our proprietary research platform to employ financial strategies focused on market inefficiencies. Our teams work collaboratively to drive the production of alphas and financial strategies – the foundation of a balanced, global investment platform. WorldQuant is built on a culture that pairs academic sensibility with accountability for results. Employees are encouraged to think openly about problems, balancing intellectualism and practicality. Excellent ideas come from anyone, anywhere. Em..."
"WorldQuant","Quantitative Research Intern (LLMs & AI Agents)","Hanoi or Ho Chi Minh City","Asia","https://job-boards.greenhouse.io/worldquant/jobs/4434997006","Career page Greenhouse:worldquant","Confirmed official posting","career_page=https://job-boards.greenhouse.io/worldquant | company_wrapper=https://job-boards.greenhouse.io/job?gh_jid=4434997006 | internship timing not stated in title | WorldQuant develops and deploys systematic financial strategies across a broad range of asset classes and global markets. We seek to produce high-quality predictive signals (alphas) through our proprietary research platform to employ financial strategies focused on market inefficiencies. Our teams work collaboratively to drive the production of alphas and financial strategies – the foundation of a balanced, global investment platform. WorldQuant is built on a culture that pairs academic sensibility with accountability for results. Employees are encouraged to think openly about problems, balancing intellectualism and practicality. Excellent ideas come from anyone, anywhere. Employees are encouraged to challenge conventio..."
"WorldQuant","Software Engineer Intern","Hanoi","Asia","https://job-boards.greenhouse.io/worldquant/jobs/4652485006","Career page Greenhouse:worldquant","Confirmed official posting","career_page=https://job-boards.greenhouse.io/worldquant | company_wrapper=https://job-boards.greenhouse.io/job?gh_jid=4652485006 | internship timing not stated in title | WorldQuant develops and deploys systematic financial strategies across a broad range of asset classes and global markets. We seek to produce high-quality predictive signals (alphas) through our proprietary research platform to employ financial strategies focused on market inefficiencies. Our teams work collaboratively to drive the production of alphas and financial strategies – the foundation of a balanced, global investment platform. WorldQuant is built on a culture that pairs academic sensibility with accountability for results. Employees are encouraged to think openly about problems, balancing intellectualism and practicality. Excellent ideas come from anyone, anywhere. Employees are encouraged to challenge conventio..."
"WorldQuant","Software Engineer Intern","Budapest","Europe","https://job-boards.greenhouse.io/worldquant/jobs/4655484006","Career page Greenhouse:worldquant","Confirmed official posting","career_page=https://job-boards.greenhouse.io/worldquant | company_wrapper=https://job-boards.greenhouse.io/job?gh_jid=4655484006 | internship timing not stated in title | WorldQuant develops and deploys systematic financial strategies across a broad range of asset classes and global markets. We seek to produce high-quality predictive signals (alphas) through our proprietary research platform to employ financial strategies focused on market inefficiencies. Our teams work collaboratively to drive the production of alphas and financial strategies – the foundation of a balanced, global investment platform. WorldQuant is built on a culture that pairs academic sensibility with accountability for results. Employees are encouraged to think openly about problems, balancing intellectualism and practicality. Excellent ideas come from anyone, anywhere. Employees are encouraged to challenge conventio..."
"Xantium","Quantitative Developer Intern","London, England, New York, New York","Global / Multiple Regions","https://job-boards.greenhouse.io/xantium/jobs/4360768009","Career page Greenhouse:xantium","Confirmed official posting","career_page=https://job-boards.greenhouse.io/xantium?gh_src=Trackr | company_wrapper=https://job-boards.greenhouse.io/job?gh_jid=4360768009 | internship timing not stated in title | Xantium is seeking Quantitative Developer Interns for our New York and London offices for Summer 2027. Candidates must be in their penultimate year, studying Computer Science. Quantitative Developer Interns will work closely with our team of Quantitative Developers and Researchers on projects powering our quantitative trading. Examples of recent projects by our full-time Quantitative Developers: Providing fast market data to a trading system Building an integrated research and execution framework for fast predictors Creating simulation and research frameworks in a cloud environment Providing a robust research framework for a new asset class Our tech stack is a blend of Python and C++ that runs both on-prem an..."
"Xantium","Quantitative Researcher Internship","London, England, New York, New York","Global / Multiple Regions","https://job-boards.greenhouse.io/xantium/jobs/4371217009","Career page Greenhouse:xantium","Confirmed official posting","career_page=https://job-boards.greenhouse.io/xantium?gh_src=Trackr | company_wrapper=https://job-boards.greenhouse.io/job?gh_jid=4371217009 | internship timing not stated in title | Xantium is seeking Quantitative Researcher Interns for our New York and London offices for Summer 2027. Ideal candidates will be in their penultimate year of their PhD studies in a highly quantitative field. We may consider individuals pursuing bachelor's and master’s degrees, provided they can demonstrate strong competitive math backgrounds and strong academic records. Examples of responsibilities of full-time Quantitative Researchers include: Analyzing and evaluating financial and alternative datasets Researching existing and developing new techniques in machine learning Researching, developing and implementing quantitative trading signals/models Developing and maintaining modeling infrastructure Supporting..."
"XTX Markets","AI Research Internship - XTY Labs","New York","North America","https://job-boards.greenhouse.io/xtxmarketstechnologies/jobs/6274458003","Career page Greenhouse:xtxmarketstechnologies","Confirmed official posting","career_page=https://www.xtxmarkets.com/careers/ | company_wrapper=https://www.xtxmarkets.com/careers/job?gh_jid=6274458003 | internship timing not stated in title | The Firm XTX Markets is a leading algorithmic trading firm which uses state-of-the-art machine learning technology to produce price forecasts for over 50,000 financial instruments across equities, fixed income, currencies, commodities and crypto. It uses those forecasts to trade on exchanges and alternative trading venues, and to offer differentiated liquidity directly to clients worldwide. The firm trades over $250bn a day across 35 countries and has over 250 employees based in London, New York, Singapore, Paris, Bristol, Mumbai, Yerevan and Kajaani. We leverage the talent of the people who work here, modern computational techniques and state-of-the-art research infrastructure to analyse large data sets across markets quickl..."