"Company","Title","Location","URL","Source","Status","Notes"
"Akuna","Hardware Engineer Intern, Summer 2027","Chicago, IL ","https://www.akunacapital.com/careers/job/8018880/?gh_jid=8018880","Greenhouse:akunacapital","Confirmed official posting","internship timing: Summer 2027; graduation eligibility mentions: 2029; undergrad/BS/MS language found"
"Akuna","Platform Engineer Intern, Summer 2027","Chicago, IL","https://www.akunacapital.com/careers/job/8018856/?gh_jid=8018856","Greenhouse:akunacapital","Confirmed official posting","internship timing: Summer 2027; graduation eligibility mentions: 2028; undergrad/BS/MS language found"
"Akuna","Quantitative Development & Strategy Intern, Summer 2027","Chicago, IL","https://www.akunacapital.com/careers/job/8021481/?gh_jid=8021481","Greenhouse:akunacapital","Confirmed official posting","internship timing: Summer 2027; graduation eligibility mentions: 2028; undergrad/BS/MS language found"
"Akuna","Quantitative Research Intern, Summer 2027","Chicago, IL ","https://www.akunacapital.com/careers/job/8036614/?gh_jid=8036614","Greenhouse:akunacapital","Confirmed official posting","internship timing: Summer 2027; graduation eligibility mentions: 2028; undergrad/BS/MS language found"
"Akuna","Software Engineer Intern - C# .NET Desktop, Summer 2027","Chicago, IL","https://www.akunacapital.com/careers/job/8018886/?gh_jid=8018886","Greenhouse:akunacapital","Confirmed official posting","internship timing: Summer 2027; graduation eligibility mentions: 2028; undergrad/BS/MS language found"
"Akuna","Software Engineer Intern - C++, Summer 2027","Chicago, IL","https://www.akunacapital.com/careers/job/8018847/?gh_jid=8018847","Greenhouse:akunacapital","Confirmed official posting","internship timing: Summer 2027; graduation eligibility mentions: 2028; undergrad/BS/MS language found"
"Akuna","Software Engineer Intern - Full Stack Web, Summer 2027","Chicago, IL","https://www.akunacapital.com/careers/job/8018893/?gh_jid=8018893","Greenhouse:akunacapital","Confirmed official posting","internship timing: Summer 2027; graduation eligibility mentions: 2028; undergrad/BS/MS language found"
"Akuna","Software Engineer Intern - Python, Summer 2027","Chicago, IL","https://www.akunacapital.com/careers/job/8018853/?gh_jid=8018853","Greenhouse:akunacapital","Confirmed official posting","internship timing: Summer 2027; graduation eligibility mentions: 2028; undergrad/BS/MS language found"
"Allstate","Pricing Actuarial Analyst Intern","USA - IL (Remote)","https://allstate.wd5.myworkdayjobs.com/allstate_careers/job/USA---IL-Remote/Pricing-Actuarial-Analyst-Intern_R33433","Career page Workday:allstate/allstate_careers","Confirmed official posting","career_page=https://allstate.wd5.myworkdayjobs.com/allstate_careers | Posted Yesterday | R33433"
"AlphaGrep","Quantitative Developer Intern","Mumbai","https://job-boards.greenhouse.io/alphagrepsecurities/jobs/8176611002","Career page Greenhouse:alphagrepsecurities","Confirmed official posting","career_page=https://job-boards.greenhouse.io/alphagrepsecurities | company_wrapper=https://job-boards.greenhouse.io/job?gh_jid=8176611002 | internship timing not stated in title | AlphaGrep is a quantitative trading and investment management firm founded in 2010. We are one of the largest firms by trading volume on Indian exchanges and have significant market share on several large global exchanges as well. We use a disciplined and systematic quantitative approach to identify factors that consistently generate alpha. These factors are then coupled with our proprietary ultra-low latency trading systems and robust risk management to develop trading strategies across asset classes (equities, commodities, currencies, fixed income) that trade on global exchanges. AlphaGrep Securities seeks a Quantitative Research Intern, who will be part of trading group which executes algorithmic strategies ..."
"AQR Capital Management","2027 Portfolio Implementation Summer Analyst","Greenwich, CT","https://careers.aqr.com/jobs?gh_jid=7895562&gh_jid=7895562","Career page Greenhouse:aqr","Confirmed official posting","career_page=https://careers.aqr.com/ | company_wrapper=https://careers.aqr.com/job?gh_jid=7895562 | internship timing: Summer; graduation eligibility mentions: 2027, 2028 | AQR Capital Management AQR is a global investment firm built at the intersection of financial theory and practical application. We strive to deliver concrete, long-term results by looking past market noise to identify and isolate the factors that matter most, and by developing ideas that stand up to rigorous testing. By putting theory into practice, we have become a leader in alternative strategies and an innovator in traditional portfolio management since 1998. At AQR, our employees share a common spirit of academic excellence, intellectual honesty, and an unwavering commitment to seeking the truth. We’re determined to know what makes financial markets tick – and we’ll ask every question and challenge every assumptio..."
"AQR Capital Management","2027 Portfolio Solutions Group Summer Analyst","Greenwich, CT","https://careers.aqr.com/jobs?gh_jid=8041362&gh_jid=8041362","Career page Greenhouse:aqr","Confirmed official posting","career_page=https://careers.aqr.com/ | company_wrapper=https://careers.aqr.com/job?gh_jid=8041362 | internship timing: Summer; graduation eligibility mentions: 2027, 2028 | About AQR Capital Management AQR is a global investment management firm built at the intersection of financial theory and practical application. We strive to deliver superior, long-term results for our clients by looking past market noise to identify and isolate what matters most, and by developing ideas that stand up to rigorous testing. Our focus on practical insights and analysis has made us leaders in alternative and traditional strategies since 1998. At AQR, our employees share a common spirit of academic excellence, intellectual honesty and an unwavering commitment to seeking the truth. We’re determined to know what makes financial markets tick – and we’ll ask every question and challenge every assumption. We re..."
"AQR Capital Management","2027 Research and Portfolio Management Engineering Summer Analyst","Greenwich, CT","https://careers.aqr.com/jobs?gh_jid=7957728&gh_jid=7957728","Career page Greenhouse:aqr","Confirmed official posting","career_page=https://careers.aqr.com/ | company_wrapper=https://careers.aqr.com/job?gh_jid=7957728 | internship timing: Summer | About AQR Capital Management AQR is a global investment firm built at the intersection of financial theory and practical application. We strive to deliver concrete, long-term results by looking past market noise to identify and isolate the factors that matter most, and by developing ideas that stand up to rigorous testing. By putting theory into practice, we have become a leader in alternative strategies and an innovator in traditional portfolio management since 1998. At AQR, our employees share a common spirit of academic excellence, intellectual honesty and an unwavering commitment to seeking the truth. We’re determined to know what makes financial markets tick – and we’ll ask every question and challenge every assumption. We recognize and respect the power of..."
"AQR Capital Management","2027 Research Product Specialist Summer Analyst","Greenwich, CT","https://careers.aqr.com/jobs?gh_jid=7926704&gh_jid=7926704","Career page Greenhouse:aqr","Confirmed official posting","career_page=https://careers.aqr.com/ | company_wrapper=https://careers.aqr.com/job?gh_jid=7926704 | internship timing: Summer; graduation eligibility mentions: 2027, 2028 | About AQR Capital Management AQR is a global investment firm built at the intersection of financial theory and practical application. We strive to deliver concrete, long-term results by looking past market noise to identify and isolate the factors that matter most, and by developing ideas that stand up to rigorous testing. By putting theory into practice, we have become a leader in alternative strategies and an innovator in traditional portfolio management since 1998. At AQR, our employees share a common spirit of academic excellence, intellectual honesty and an unwavering commitment to seeking the truth. We’re determined to know what makes financial markets tick – and we’ll ask every question and challenge every assu..."
"AQR Capital Management","2027 Research Summer Analyst","Greenwich, CT","https://careers.aqr.com/jobs?gh_jid=7895583&gh_jid=7895583","Career page Greenhouse:aqr","Confirmed official posting","career_page=https://careers.aqr.com/ | company_wrapper=https://careers.aqr.com/job?gh_jid=7895583 | internship timing: Summer; graduation eligibility mentions: 2027, 2028 | AQR Capital Management AQR is a global investment firm built at the intersection of financial theory and practical application. We strive to deliver concrete, long-term results by looking past market noise to identify and isolate the factors that matter most, and by developing ideas that stand up to rigorous testing. By putting theory into practice, we have become a leader in alternative strategies and an innovator in traditional portfolio management since 1998. At AQR, our employees share a common spirit of academic excellence, intellectual honesty and an unwavering commitment to seeking the truth. We’re determined to know what makes financial markets tick – and we’ll ask every question and challenge every assumption..."
"AQR Capital Management","2027 Risk Summer Analyst","Greenwich, CT","https://careers.aqr.com/jobs?gh_jid=7926692&gh_jid=7926692","Career page Greenhouse:aqr","Confirmed official posting","career_page=https://careers.aqr.com/ | company_wrapper=https://careers.aqr.com/job?gh_jid=7926692 | internship timing: Summer; graduation eligibility mentions: 2027, 2028 | AQR Capital Management AQR is a global investment firm built at the intersection of financial theory and practical application. We strive to deliver concrete, long-term results by looking past market noise to identify and isolate the factors that matter most, and by developing ideas that stand up to rigorous testing. By putting theory into practice, we have become a leader in alternative strategies and an innovator in traditional portfolio management since 1998. At AQR, our employees share a common spirit of academic excellence, intellectual honesty and an unwavering commitment to seeking the truth. We’re determined to know what makes financial markets tick – and we’ll ask every question and challenge every assumption..."
"AQR Capital Management","2027 Trading Summer Analyst","Greenwich, CT","https://careers.aqr.com/jobs?gh_jid=8077110&gh_jid=8077110","Career page Greenhouse:aqr","Confirmed official posting","career_page=https://careers.aqr.com/ | company_wrapper=https://careers.aqr.com/job?gh_jid=8077110 | internship timing: Summer; graduation eligibility mentions: 2027, 2028 | AQR Capital Management AQR is a global investment firm built at the intersection of financial theory and practical application. We strive to deliver concrete, long-term results by looking past market noise to identify and isolate the factors that matter most, and by developing ideas that stand up to rigorous testing. By putting theory into practice, we have become a leader in alternative strategies and an innovator in traditional portfolio management since 1998. At AQR, our employees share a common spirit of academic excellence, intellectual honesty, and an unwavering commitment to seeking the truth. We’re determined to know what makes financial markets tick – and we’ll ask every question and challenge every assumptio..."
"Aquatic Capital","Quantitative Researcher, Intern (Summer 2027)","Chicago; London","https://job-boards.greenhouse.io/aquaticcapitalmanagement/jobs/8489186002","Career page Greenhouse:aquaticcapitalmanagement","Confirmed official posting","career_page=https://job-boards.greenhouse.io/aquaticcapitalmanagement | company_wrapper=https://job-boards.greenhouse.io/job?gh_jid=8489186002 | internship timing: Summer 2027; graduation eligibility mentions: 2027, 2028 | Aquatic was founded with a shared passion for tackling some of the most complex challenges in one of the world’s most competitive arenas—global financial markets. From the very beginning, we have been driven by a deep commitment to applying cutting-edge scientific research and technological innovation to deliver unparalleled performance. Our journey is one of continuous growth and exploration, marked by a spirit of curiosity and relentless drive for excellence. As a Quantitative Research Intern, you will collaborate closely with a team to develop and implement quantitative trading signals, models, and strategies. Our role offers the opportunity to design, implement, an..."
"Aquatic Capital","Software Engineer, Intern (Summer 2027)","Chicago","https://job-boards.greenhouse.io/aquaticcapitalmanagement/jobs/8489233002","Career page Greenhouse:aquaticcapitalmanagement","Confirmed official posting","career_page=https://job-boards.greenhouse.io/aquaticcapitalmanagement | company_wrapper=https://job-boards.greenhouse.io/job?gh_jid=8489233002 | internship timing: Summer 2027; graduation eligibility mentions: 2027, 2028 | Aquatic was founded with a shared passion for tackling some of the most complex challenges in one of the world’s most competitive arenas—global financial markets. From the very beginning, we have been driven by a deep commitment to applying cutting-edge scientific research and technological innovation to deliver unparalleled performance. Our journey is one of continuous growth and exploration, marked by a spirit of curiosity and relentless drive for excellence. As a Software Engineering Intern at Aquatic, you will join a fast-moving team building high-performance, distributed systems that power our research and trading infrastructure. You’ll work closely with experienc..."
"Arrowstreet","Quantitative Developer Intern, Summer 2027","Boston","https://arrowstreetcapital.wd5.myworkdayjobs.com/Campus_Careers/job/Boston/Quantitative-Developer-Intern--Summer-2027_R1506","Career page Workday:arrowstreetcapital/Campus_Careers","Confirmed official posting","career_page=https://arrowstreetcapital.wd5.myworkdayjobs.com/Campus_Careers | Posted 25 Days Ago | R1506"
"Arrowstreet","Quantitative Researcher Intern, Summer 2027","Boston","https://arrowstreetcapital.wd5.myworkdayjobs.com/Campus_Careers/job/Boston/Quantitative-Researcher-Intern--Summer-2027_R1505","Career page Workday:arrowstreetcapital/Campus_Careers","Confirmed official posting","career_page=https://arrowstreetcapital.wd5.myworkdayjobs.com/Campus_Careers | Posted 19 Days Ago | R1505"
"AXQ Capital","Quantitative Research Intern","New York","https://job-boards.greenhouse.io/axq/jobs/5575450004","Career page Greenhouse:axq","Confirmed official posting","career_page=https://job-boards.greenhouse.io/axq | company_wrapper=https://job-boards.greenhouse.io/job?gh_jid=5575450004 | internship timing not stated in title | About Us AXQ Capital is a global quantitative investment firm with offices in New York, Beijing, Shanghai, and Hong Kong . We pursue consistent alpha through rigorous scientific research and sustained investment in technology and data infrastructure. Our strategies are deployed across global markets, spanning multiple geographies, asset classes, and trading horizons. Job Duties Work under the guidance of experienced quantitative portfolio managers and researchers to develop and refine quantitative trading strategies Apply tools from probability, statistics, and machine learning to explore market patterns and edge Support cutting-edge research projects and alpha-generation initiatives Collect, clean, and analyze data; help main..."
"Barclays","2027 Technology Developer Summer Internship Programme India","","https://barclays.wd3.myworkdayjobs.com/External_Career_Site_Barclays/job/XMLNAME-2027-Technology-Developer-Summer-Internship-Programme-India_JR-0000124913","Career page Workday:barclays/External_Career_Site_Barclays","Confirmed official posting","career_page=https://search.jobs.barclays/search-jobs/early/22545/1/1 | Posted Today | JR-0000124913"
"Barclays","2027 Technology Developer Summer Internship Programme Singapore","Singapore, Marina Bay Financial Tower 2","https://barclays.wd3.myworkdayjobs.com/External_Career_Site_Barclays/job/Singapore-Marina-Bay-Financial-Tower-2/XMLNAME-2027-Technology-Developer-Summer-Internship-Programme-Singapore_JR-0000121763","Career page Workday:barclays/External_Career_Site_Barclays","Confirmed official posting","career_page=https://search.jobs.barclays/search-jobs/early/22545/1/1 | Posted 28 Days Ago | JR-0000121763"
"Barclays","Banking Analyst Summer Internship Program 2027 Toronto","Toronto, Bay Wellington Tower L47","https://barclays.wd3.myworkdayjobs.com/External_Career_Site_Barclays/job/Toronto-Bay-Wellington-Tower-L47/Banking-Analyst-Summer-Internship-Program-2027-Toronto_JR-0000083842","Career page Workday:barclays/External_Career_Site_Barclays","Confirmed official posting","career_page=https://search.jobs.barclays/search-jobs/early/22545/1/1 | Posted Yesterday | JR-0000083842"
"Barclays","Electronic Trading Associate Summer Internship Programme 2027 Hong Kong","Hong Kong, Cheung Kong Center","https://barclays.wd3.myworkdayjobs.com/External_Career_Site_Barclays/job/Hong-Kong-Cheung-Kong-Center/Electronic-Trading-Associate-Summer-Internship-Programme-2027-Hong-Kong_JR-0000117566","Career page Workday:barclays/External_Career_Site_Barclays","Confirmed official posting","career_page=https://search.jobs.barclays/search-jobs/early/22545/1/1 | Posted 30+ Days Ago | JR-0000117566"
"Barclays","International Corporate Banking Summer Internship Programme 2027 Hong Kong","Hong Kong, Cheung Kong Center","https://barclays.wd3.myworkdayjobs.com/External_Career_Site_Barclays/job/Hong-Kong-Cheung-Kong-Center/International-Corporate-Banking-Summer-Internship-Programme-2027-Hong-Kong_JR-0000117564","Career page Workday:barclays/External_Career_Site_Barclays","Confirmed official posting","career_page=https://search.jobs.barclays/search-jobs/early/22545/1/1 | Posted 30+ Days Ago | JR-0000117564"
"Barclays","Investment Banking Summer Internship Programme 2027 Hong Kong","Hong Kong, Cheung Kong Center","https://barclays.wd3.myworkdayjobs.com/External_Career_Site_Barclays/job/Hong-Kong-Cheung-Kong-Center/Investment-Banking-Summer-Internship-Programme-2027-Hong-Kong_JR-0000117558","Career page Workday:barclays/External_Career_Site_Barclays","Confirmed official posting","career_page=https://search.jobs.barclays/search-jobs/early/22545/1/1 | Posted 30+ Days Ago | JR-0000117558"
"Barclays","Investment Banking Summer Internship Programme 2027 Singapore","Singapore, Marina Bay Financial Tower 2","https://barclays.wd3.myworkdayjobs.com/External_Career_Site_Barclays/job/Singapore-Marina-Bay-Financial-Tower-2/Investment-Banking-Summer-Internship-Programme-2027-Singapore_JR-0000117560","Career page Workday:barclays/External_Career_Site_Barclays","Confirmed official posting","career_page=https://search.jobs.barclays/search-jobs/early/22545/1/1 | Posted 30+ Days Ago | JR-0000117560"
"Barclays","Private Bank and Wealth Management Summer Internship Programme 2027 Singapore","Singapore, Marina Bay Financial Tower 2","https://barclays.wd3.myworkdayjobs.com/External_Career_Site_Barclays/job/Singapore-Marina-Bay-Financial-Tower-2/Private-Bank-and-Wealth-Management-Summer-Internship-Programme-2027-Singapore_JR-0000117561","Career page Workday:barclays/External_Career_Site_Barclays","Confirmed official posting","career_page=https://search.jobs.barclays/search-jobs/early/22545/1/1 | Posted 30+ Days Ago | JR-0000117561"
"Barclays","Quantitative Analytics Associate Off Cycle Internship 2027 Hong Kong","Hong Kong, Cheung Kong Center","https://barclays.wd3.myworkdayjobs.com/External_Career_Site_Barclays/job/Hong-Kong-Cheung-Kong-Center/Quantitative-Analytics-Associate-Off-Cycle-Internship-2027-Hong-Kong_JR-0000117565","Career page Workday:barclays/External_Career_Site_Barclays","Confirmed official posting","career_page=https://search.jobs.barclays/search-jobs/early/22545/1/1 | Posted 30+ Days Ago | JR-0000117565"
"Barclays","Quantitative Analytics Associate Off Cycle Internship 2027 Singapore","Singapore, Marina Bay Financial Tower 2","https://barclays.wd3.myworkdayjobs.com/External_Career_Site_Barclays/job/Singapore-Marina-Bay-Financial-Tower-2/Quantitative-Analytics-Associate-Off-Cycle-Internship-2027-Singapore_JR-0000117563","Career page Workday:barclays/External_Career_Site_Barclays","Confirmed official posting","career_page=https://search.jobs.barclays/search-jobs/early/22545/1/1 | Posted 30+ Days Ago | JR-0000117563"
"Barclays","Research Analyst Summer Internship Programme 2027 Singapore","Singapore, Marina Bay Financial Tower 2","https://barclays.wd3.myworkdayjobs.com/External_Career_Site_Barclays/job/Singapore-Marina-Bay-Financial-Tower-2/Research-Analyst-Summer-Internship-Programme-2027-Singapore_JR-0000119610","Career page Workday:barclays/External_Career_Site_Barclays","Confirmed official posting","career_page=https://search.jobs.barclays/search-jobs/early/22545/1/1 | Posted 30+ Days Ago | JR-0000119610"
"Barclays","Sales, Trading and Structuring Summer Internship Programme 2027 Hong Kong","Hong Kong, Cheung Kong Center","https://barclays.wd3.myworkdayjobs.com/External_Career_Site_Barclays/job/Hong-Kong-Cheung-Kong-Center/Sales--Trading-and-Structuring-Summer-Internship-Programme-2027-Hong-Kong_JR-0000117559","Career page Workday:barclays/External_Career_Site_Barclays","Confirmed official posting","career_page=https://search.jobs.barclays/search-jobs/early/22545/1/1 | Posted 30+ Days Ago | JR-0000117559"
"Barclays","Sales, Trading and Structuring Summer Internship Programme 2027 Singapore","Singapore, Marina Bay Financial Tower 2","https://barclays.wd3.myworkdayjobs.com/External_Career_Site_Barclays/job/Singapore-Marina-Bay-Financial-Tower-2/Sales--Trading-and-Structuring-Summer-Internship-Programme-2027-Singapore_JR-0000117562","Career page Workday:barclays/External_Career_Site_Barclays","Confirmed official posting","career_page=https://search.jobs.barclays/search-jobs/early/22545/1/1 | Posted 30+ Days Ago | JR-0000117562"
"BlackEdge Capital","Quantitative Developer Intern","Chicago","https://job-boards.greenhouse.io/blackedgecapital/jobs/4703821005","Career page Greenhouse:blackedgecapital","Confirmed official posting","career_page=https://job-boards.greenhouse.io/blackedgecapital | company_wrapper=https://job-boards.greenhouse.io/job?gh_jid=4703821005 | internship timing not stated in title; graduation eligibility mentions: 2028 | If you are looking to join a small, dynamic, growing firm in the financial technology sector, you have come to the right place. BlackEdge has built a strong foundation of success as an industry leading market maker in the treasury options space. Now we need talented people like you to build on that foundation by further improving and leveraging our existing success to expand into new markets. An internship at BlackEdge will give you a taste of life as a quantitative developer in the options market making space. The first half of your internship will focus on teaching you option pricing theory, market making dynamics, and trading system operations. The second half will provide..."
"BlackEdge Capital","Quantitative Trader Intern","Chicago","https://job-boards.greenhouse.io/blackedgecapital/jobs/4703820005","Career page Greenhouse:blackedgecapital","Confirmed official posting","career_page=https://job-boards.greenhouse.io/blackedgecapital | company_wrapper=https://job-boards.greenhouse.io/job?gh_jid=4703820005 | internship timing not stated in title; graduation eligibility mentions: 2028 | If you are looking to join a small, dynamic, growing firm in the financial technology sector, you have come to the right place. BlackEdge has built a strong foundation of success as an industry leading market maker in the treasury options space. Now we need talented people like you to build on that foundation by further improving and leveraging our existing success to expand into new markets. An internship at BlackEdge will give you a taste of life as a quantitative trader in the options market making space. The first half of your internship will focus on teaching you option pricing theory, market making dynamics, and trading system operations. The second half will provide yo..."
"Capital One","Current Master's - Data Science Internship - Summer 2027","8 Locations","https://capitalone.wd12.myworkdayjobs.com/Capital_One/job/McLean-VA/Current-Master-s---Data-Science-Internship---Summer-2027_R244285-1","Career page Workday:capitalone/Capital_One","Confirmed official posting","career_page=https://www.capitalonecareers.com/students | Posted 15 Days Ago | R244285"
"Capital One","Technology Internship Program - Summer 2027","3 Locations","https://capitalone.wd12.myworkdayjobs.com/Capital_One/job/McLean-VA/Technology-Internship-Program---Summer-2027_R244387-1","Career page Workday:capitalone/Capital_One","Confirmed official posting","career_page=https://www.capitalonecareers.com/students | Posted Yesterday | R244387"
"Chicago Trading Company","Quant Trading Internship - Summer 2027","Chicago, Illinois, United States","https://job-boards.greenhouse.io/ctccampusboard/jobs/4708188005","Career page Greenhouse:ctccampusboard","Confirmed official posting","career_page=https://job-boards.greenhouse.io/ctccampusboard | company_wrapper=https://job-boards.greenhouse.io/job?gh_jid=4708188005 | internship timing: Summer 2027; graduation eligibility mentions: 2027, 2028 | Chicago Trading Company (CTC) is a premier proprietary trading firm specializing in options market making. Our collaborative culture fuels innovation in quantitative research, systematic trading strategies, and cutting-edge trading technology. For over three decades CTC has provided critical liquidity across derivatives exchanges worldwide - making them fairer, more transparent, and more efficient. We strive to be the most innovative firm in the industry today, tomorrow, and long into the future while upholding ethical excellence. We believe that CTC makes a positive impact on the markets, the lives of our employees, and all the communities to which we belong. Started in 1995 by..."
"Chicago Trading Company","Quant Trading Internship - Summer 2027","London, England, United Kingdom","https://job-boards.greenhouse.io/ctccampusboard/jobs/4709545005","Career page Greenhouse:ctccampusboard","Confirmed official posting","career_page=https://job-boards.greenhouse.io/ctccampusboard | company_wrapper=https://job-boards.greenhouse.io/job?gh_jid=4709545005 | internship timing: Summer 2027; graduation eligibility mentions: 2027, 2028 | Chicago Trading Company (CTC) is a premier proprietary trading firm specializing in options market making. Our collaborative culture fuels innovation in quantitative research, systematic trading strategies, and cutting-edge trading technology. For over three decades CTC has provided critical liquidity across derivatives exchanges worldwide - making them fairer, more transparent, and more efficient. We strive to be the most innovative firm in the industry today, tomorrow, and long into the future while upholding ethical excellence. We believe that CTC makes a positive impact on the markets, the lives of our employees, and all the communities to which we belong. Started in 1995 by..."
"Chicago Trading Company","Software Engineering Internship - Summer 2027","Chicago, Illinois, United States","https://job-boards.greenhouse.io/ctccampusboard/jobs/4708230005","Career page Greenhouse:ctccampusboard","Confirmed official posting","career_page=https://job-boards.greenhouse.io/ctccampusboard | company_wrapper=https://job-boards.greenhouse.io/job?gh_jid=4708230005 | internship timing: Summer 2027; graduation eligibility mentions: 2027, 2028 | Chicago Trading Company (CTC) is a premier proprietary trading firm specializing in options market making. Our collaborative culture fuels innovation in quantitative research, systematic trading strategies, and cutting-edge trading technology. For over three decades CTC has provided critical liquidity across derivatives exchanges worldwide - making them fairer, more transparent, and more efficient. We strive to be the most innovative firm in the industry today, tomorrow, and long into the future while upholding ethical excellence. We believe that CTC makes a positive impact on the markets, the lives of our employees, and all the communities to which we belong. Started in 1995 by..."
"Citadel","International Equities Associate - Intern (Europe)","London","https://www.citadel.com/careers/details/international-equities-associate-intern-europe/","Official careers page (browser-audited 2026-07-14)","Confirmed official posting","internship timing not stated in title"
"Citadel","Investment & Trading - Intern (Europe)","London, Paris","https://www.citadel.com/careers/details/investment-trading-intern-europe/","Official careers page (browser-audited 2026-07-14)","Confirmed official posting","internship timing not stated in title"
"Citadel","Quantitative Research Analyst - Intern (US)","Greenwich, Miami, New York","https://www.citadel.com/careers/details/quantitative-research-analyst-intern-us/","Official careers page (browser-audited 2026-07-14)","Confirmed official posting","internship timing not stated in title"
"Citadel","Quantitative Research Analyst Intern - BS/MS (Asia)","Hong Kong, Singapore","https://www.citadel.com/careers/details/quantitative-research-analyst-intern-bs-ms-asia/","Official careers page (browser-audited 2026-07-14)","Confirmed official posting","internship timing not stated in title"
"Citadel","Quantitative Research Analyst Intern - BS/MS (Europe)","London, Paris, Zurich","https://www.citadel.com/careers/details/quantitative-research-analyst-intern-bs-ms-europe/","Official careers page (browser-audited 2026-07-14)","Confirmed official posting","internship timing not stated in title"
"Citadel","Quantitative Trader: Equity Quantitative Research - Intern (US)","Greenwich, Miami, New York","https://www.citadel.com/careers/details/quantitative-trader-equity-quantitative-research-intern-us/","Official careers page (browser-audited 2026-07-14)","Confirmed official posting","internship timing not stated in title"
"Citadel","Software Engineer - Intern (Europe)","London","https://www.citadel.com/careers/details/software-engineer-intern-europe/","Official careers page (browser-audited 2026-07-14)","Confirmed official posting","internship timing not stated in title"
"Citadel","Software Engineer - Intern (US)","Greenwich, Houston, Miami, New York","https://www.citadel.com/careers/details/software-engineer-intern-us/","Official careers page (browser-audited 2026-07-14)","Confirmed official posting","internship timing not stated in title"
"Citadel","Trader: Fixed Income & Macro - Intern (US)","Greenwich, Miami, New York","https://www.citadel.com/careers/details/trader-fixed-income-macro-intern-us/","Official careers page (browser-audited 2026-07-14)","Confirmed official posting","internship timing not stated in title"
"Citadel Securities","Credit & Rates Rotational Trader - Intern (US)","New York","https://www.citadelsecurities.com/careers/details/credit-rates-rotational-trader-intern-us/","Official careers page (browser-audited 2026-07-14)","Confirmed official posting","internship timing not stated in title"
"Citadel Securities","Designated Market Maker (DMM) Trader - Intern (US)","New York","https://www.citadelsecurities.com/careers/details/designated-market-maker-dmm-trader-intern-us/","Official careers page (browser-audited 2026-07-14)","Confirmed official posting","internship timing not stated in title"
"Citadel Securities","FPGA Engineer - Intern (Australia)","Sydney","https://www.citadelsecurities.com/careers/details/fpga-engineer-intern-australia/","Official careers page (browser-audited 2026-07-14)","Confirmed official posting","internship timing not stated in title"
"Citadel Securities","FPGA Engineer - Intern (US)","Miami, New York","https://www.citadelsecurities.com/careers/details/fpga-engineer-intern-us/","Official careers page (browser-audited 2026-07-14)","Confirmed official posting","internship timing not stated in title"
"Citadel Securities","Quantitative Research Analyst - Intern (US)","Miami, New York","https://www.citadelsecurities.com/careers/details/quantitative-research-analyst-intern-us/","Official careers page (browser-audited 2026-07-14)","Confirmed official posting","internship timing not stated in title"
"Citadel Securities","Quantitative Research Analyst Intern - BS/MS (Asia)","Hong Kong, Singapore","https://www.citadelsecurities.com/careers/details/quantitative-research-analyst-intern-bs-ms-asia/","Official careers page (browser-audited 2026-07-14)","Confirmed official posting","internship timing not stated in title"
"Citadel Securities","Quantitative Research Analyst Intern - BS/MS (Australia)","Sydney","https://www.citadelsecurities.com/careers/details/quantitative-research-analyst-intern-bs-ms-australia/","Official careers page (browser-audited 2026-07-14)","Confirmed official posting","internship timing not stated in title"
"Citadel Securities","Quantitative Research Analyst Intern - BS/MS (Europe)","London, Paris, Zurich","https://www.citadelsecurities.com/careers/details/quantitative-research-analyst-intern-bs-ms-europe/","Official careers page (browser-audited 2026-07-14)","Confirmed official posting","internship timing not stated in title"
"Citadel Securities","Quantitative Trader - Intern (US)","Miami, New York","https://www.citadelsecurities.com/careers/details/quantitative-trader-intern-us/","Official careers page (browser-audited 2026-07-14)","Confirmed official posting","internship timing not stated in title"
"Citadel Securities","Quantitative Trading - Intern (Australia)","Sydney","https://www.citadelsecurities.com/careers/details/quantitative-trading-intern-australia/","Official careers page (browser-audited 2026-07-14)","Confirmed official posting","internship timing not stated in title"
"Citadel Securities","Quantitative Trading - Intern (Europe)","London, Paris","https://www.citadelsecurities.com/careers/details/quantitative-trading-intern-europe/","Official careers page (browser-audited 2026-07-14)","Confirmed official posting","internship timing not stated in title"
"Citadel Securities","Rates Trading - Intern (Europe)","London, Paris","https://www.citadelsecurities.com/careers/details/rates-trading-intern-europe/","Official careers page (browser-audited 2026-07-14)","Confirmed official posting","internship timing not stated in title"
"Citadel Securities","Software Engineer - Intern (Australia)","Sydney","https://www.citadelsecurities.com/careers/details/software-engineer-intern-australia/","Official careers page (browser-audited 2026-07-14)","Confirmed official posting","internship timing not stated in title"
"Citadel Securities","Software Engineer - Intern (US)","Miami, New York","https://www.citadelsecurities.com/careers/details/software-engineer-intern-us/","Official careers page (browser-audited 2026-07-14)","Confirmed official posting","internship timing not stated in title"
"Citadel Securities","Software Engineer - Intern (US)","London","https://www.citadelsecurities.com/careers/details/software-engineer-intern-us-2/","Official careers page (browser-audited 2026-07-14)","Confirmed official posting","internship timing not stated in title"
"Citi","Markets - Sales and Trading, Summer Analyst, New York City - US, 2027","New York, NY","https://jobs.citi.com/job/new-york/markets-sales-and-trading-summer-analyst-new-york-city-us-2027/287/89809477504","Official careers page","Confirmed official posting","Official Citi careers page for 2027 Markets summer analyst role."
"CME Group","EASE and Infrastructure Internship - Year Round","Chicago - 20 S. Wacker","https://cmegroup.wd1.myworkdayjobs.com/cme_careers/job/Chicago---20-S-Wacker/EASE-and-Infrastructure-Internship---Year-Round_34645","Career page Workday:cmegroup/cme_careers","Confirmed official posting","career_page=https://cmegroup.wd1.myworkdayjobs.com/cme_careers/ | Posted 5 Days Ago | 34645"
"CME Group","Quant Risk Intern","Bangalore - Bagmane Tridib","https://cmegroup.wd1.myworkdayjobs.com/cme_careers/job/Bangalore---Bagmane-Tridib/Quant-Risk-Intern_34590","Career page Workday:cmegroup/cme_careers","Confirmed official posting","career_page=https://cmegroup.wd1.myworkdayjobs.com/cme_careers/ | Posted 21 Days Ago | 34590"
"Da Vinci Derivatives","Quant Trading Intern","Amsterdam, North Holland, Netherlands","https://job-boards.eu.greenhouse.io/davinciderivatives/jobs/4196845101","Career page Greenhouse:davinciderivatives","Confirmed official posting","career_page=https://job-boards.greenhouse.io/davinciderivatives | company_wrapper=https://job-boards.greenhouse.io/job?gh_jid=4196845101 | internship timing not stated in title; graduation eligibility mentions: 2028 | As a Quant Trading Intern at Da Vinci, you'll embark on an incredible journey within the world of trading. This internship offers an exceptional opportunity for students to kick-start their careers on the trading floor. Throughout your internship, you will collaborate closely with experienced traders, quantitative researchers and software engineers, allowing you to discover and explore your true passion within the field. By working on various projects, you will sharpen your skills and develop a deeper understanding of trading strategies, risk management, and market dynamics. To make your internship comprehensive and educational, we have designed an 8-week program: Week 1-2:..."
"DE Shaw","Proprietary Trading Intern (New York) - Summer 2027","New York","https://www.deshaw.com/careers/Proprietary-Trading-Intern-New-York-Summer-2027-5731","Official careers page","Confirmed official posting","internship timing: Summer 2027"
"DL Trading","Quantitative Developer Internship - 2027","Chicago, Illinois, United States","https://www.dltrading.io/careers?gh_jid=7814660003","Career page Greenhouse:confidentialsportstradingfirm","Confirmed official posting","career_page=https://www.dltrading.io/careers | company_wrapper=https://www.dltrading.io/job?gh_jid=7814660003 | internship timing not stated in title | This is a 10 week internship available all seasons of the year. What you’ll do: Contribute to the research, design, and implementation of predictive statistical and machine learning models across prediction markets and exchange venues Prototype and backtest models, monitor performance, and assist with optimizations. Contribute to key feature development for model efficiency Develop and maintain Python codebases in a Linux environment. Help to design and implement new pricing models and frameworks Support data pipeline and SQL database interactions for real-time models. Assist in improving trading systems and operational tools. Gain exposure to multiple sports, quantitative disciplines, and production engineering. Other duties as assigned...."
"DL Trading","Quantitative Trading Internship - 2027","Chicago, Illinois, United States","https://www.dltrading.io/careers?gh_jid=7814754003","Career page Greenhouse:confidentialsportstradingfirm","Confirmed official posting","career_page=https://www.dltrading.io/careers | company_wrapper=https://www.dltrading.io/job?gh_jid=7814754003 | internship timing not stated in title | The internship at Dime Line is a 10-week opportunity with our team of quants, data scientists and traders, available all seasons of the year. Dime Line Trading develops algorithms to trade all major US sports. Dime Line was founded in 2020 by veterans of the financial trading and sports betting industries, who started their careers in the sports gambling space before entering the financial industry, where they individually built successful trading teams at leading firms. WHAT YOU’LL DO: You will have the opportunity to work with our team while receiving feedback and mentorship from our tight-knit, collaborative employees in various roles. This is an opportunity to get your feet wet within the trading industry while utilizing algorithmic, ..."
"DRW","AI/ML Research Intern","Montreal","https://job-boards.greenhouse.io/drweng/jobs/7991171","Career page Greenhouse:drweng","Confirmed official posting","career_page=https://www.drw.com/work-at-drw | company_wrapper=https://www.drw.com/job?gh_jid=7991171 | internship timing not stated in title; graduation eligibility mentions: 2027, 2028 | Our formula for success is to hire exceptional people, encourage their ideas and reward their results. As an AI/ML Research Intern , you will be an integral member of a team of experienced technologists, quantitative researchers, and traders. You will collaborate closely with other researchers to solve challenging AI and machine learning problems. Your projects will vary depending on priorities at the start of your employment and could include solving forecasting problems or developing large language models (LLMs). We are looking for individuals eager to learn new AI technologies, create innovative solutions, and choose the right tools to directly impact our business. You will be surrounded by cutting-e..."
"DRW","FPGA Intern","London","https://job-boards.greenhouse.io/drweng/jobs/8070392","Career page Greenhouse:drweng","Confirmed official posting","career_page=https://www.drw.com/work-at-drw | company_wrapper=https://www.drw.com/job?gh_jid=8070392 | internship timing not stated in title; graduation eligibility mentions: 2027, 2028 | Our formula for success is to hire exceptional people, encourage their ideas and reward their results. As a n FPGA Intern , you will build advanced trading applications leveraging cutting-edge technology. DRW enables our FPGA Interns to develop a real-world trading centric FPGA application under the guidance of senior technologists with the goal of deployment during your ten weeks. While your days will have you immersed in complex projects directly driving DRW’s progress, your evenings will be spent exploring the city with organized social events to truly discover what it is like to live and work in London. How you will make an impact… Design, develop, test, and deploy proprietary FPGA solutions . Examp..."
"DRW","FPGA Intern","Chicago","https://job-boards.greenhouse.io/drweng/jobs/8038923","Career page Greenhouse:drweng","Confirmed official posting","career_page=https://www.drw.com/work-at-drw | company_wrapper=https://www.drw.com/job?gh_jid=8038923 | internship timing not stated in title; graduation eligibility mentions: 2027, 2028 | Our formula for success is to hire exceptional people, encourage their ideas and reward their results. As a n FPGA Intern , you will build advanced trading applications leveraging cutting-edge technology. DRW enables our FPGA Interns to develop a real-world trading centric FPGA application under the guidance of senior technologists with the goal of deployment during your ten weeks. While your days will have you immersed in complex projects directly driving DRW’s progress, your evenings will be spent exploring the city with organized social events to truly discover what it is like to live and work in Chicago. How you will make an impact… Design, develop, test, and deploy proprietary FPGA solutions . Exam..."
"DRW","Platform Engineer Intern","Chicago","https://job-boards.greenhouse.io/drweng/jobs/7997729","Career page Greenhouse:drweng","Confirmed official posting","career_page=https://www.drw.com/work-at-drw | company_wrapper=https://www.drw.com/job?gh_jid=7997729 | internship timing not stated in title; graduation eligibility mentions: 2027, 2028 | Our formula for success is to hire exceptional people, encourage their ideas and reward their results. As a Platform Engineer Intern , you will be part of our advanced technology team focused on maintaining and improving the reliability and efficiency of our platform, including underlying systems at DRW. The platform engineer intern will work under the guidance of senior technologists to ensure our systems are highly reliable and scalable during your ten weeks. While your days will have you immersed in complex projects directly driving DRW’s progress, your evenings will be spent exploring the city with organized social events to truly discover what it is like to live and work in Chicago. How you will ma..."
"DRW","Quantitative Developer Intern (Python)","Singapore","https://job-boards.greenhouse.io/drweng/jobs/7981754","Career page Greenhouse:drweng","Confirmed official posting","career_page=https://www.drw.com/work-at-drw | company_wrapper=https://www.drw.com/job?gh_jid=7981754 | internship timing not stated in title; graduation eligibility mentions: 2027, 2028 | DRW is a technology-driven, diversified principal trading firm. We trade our own capital at our own risk, across a broad range of asset classes, instruments and strategies, in financial markets around the world. As the markets have evolved over the past 25 years, so has DRW – maximizing opportunities to include real estate, cryptoassets and venture capital. With over 1,000 employees at our Chicago headquarters and offices around the world, we work together to solve complex problems, challenge consensus and deliver meaningful results. It’s a place of high expectations, deep curiosity and thoughtful collaboration. As a Quantitative Developer Intern , you will implement software solutions that use advanced..."
"DRW","Quantitative Research Intern","Chicago, New York City","https://job-boards.greenhouse.io/drweng/jobs/7818540","Career page Greenhouse:drweng","Confirmed official posting","career_page=https://www.drw.com/work-at-drw | company_wrapper=https://www.drw.com/job?gh_jid=7818540 | internship timing not stated in title; graduation eligibility mentions: 2027, 2028 | Our formula for success is to hire exceptional people, encourage their ideas and reward their results. As a Quantitative Research Intern you will have an opportunity to solve challenging problems arising in a trading environment while utilizing the latest statistical scientific algorithms, machine learning techniques and derivatives pricing theory. The teams focus on non-latency sensitive investment opportunities and multi-asset class derivatives strategies across geographies. Our teams emphasize cutting-edge innovative scientific research and collaboration, allowing you to gain a deeper understanding of quantitative trading. You will find great minds with diverse backgrounds, who are passionate about c..."
"DRW","Quantitative Research Intern","London","https://job-boards.greenhouse.io/drweng/jobs/7957756","Career page Greenhouse:drweng","Confirmed official posting","career_page=https://www.drw.com/work-at-drw | company_wrapper=https://www.drw.com/job?gh_jid=7957756 | internship timing not stated in title; graduation eligibility mentions: 2027, 2028 | Our formula for success is to hire exceptional people, encourage their ideas and reward their results. As a Quantitative Research Intern you will have an opportunity to solve challenging problems arising in a trading environment while utilizing the latest statistical scientific algorithms, machine learning techniques and derivatives pricing theory. The teams focus on non-latency sensitive investment opportunities and multi-asset class derivatives strategies across geographies. Our teams emphasize cutting-edge innovative scientific research and collaboration, allowing you to gain a deeper understanding of quantitative trading. You will find great minds with diverse backgrounds, who are passionate about c..."
"DRW","Quantitative Research Intern","Singapore","https://job-boards.greenhouse.io/drweng/jobs/8014915","Career page Greenhouse:drweng","Confirmed official posting","career_page=https://www.drw.com/work-at-drw | company_wrapper=https://www.drw.com/job?gh_jid=8014915 | internship timing not stated in title; graduation eligibility mentions: 2027, 2028 | Our formula for success is to hire exceptional people, encourage their ideas and reward their results. As a Quantitative Research Intern you will have an opportunity to solve challenging problems arising in a trading environment while utilizing the latest statistical scientific algorithms, machine learning techniques and derivatives pricing theory. The teams focus on non-latency sensitive investment opportunities and multi-asset class derivatives strategies across geographies. Our teams emphasize cutting-edge innovative scientific research and collaboration, allowing you to gain a deeper understanding of quantitative trading. You will find great minds with diverse backgrounds, who are passionate about c..."
"DRW","Quantitative Trading Analyst Intern","Chicago, Illinois","https://job-boards.greenhouse.io/drweng/jobs/7668776","Career page Greenhouse:drweng","Confirmed official posting","career_page=https://www.drw.com/work-at-drw | company_wrapper=https://www.drw.com/job?gh_jid=7668776 | internship timing not stated in title; graduation eligibility mentions: 2027, 2028 | Our formula for success is to hire exceptional people, encourage their ideas and reward their results. As a Quantitative Trading Analyst Intern , you will gain exposure to the dynamic worlds of trading and technology in order to learn what it takes to become a successful and sustainable trader. You will work on a small team to combine the disciplines of technology, research and risk management to identify optimal trading and investment strategies within the regulatory framework through a series of project based assignments. At the conclusion of 10 weeks, you will have the opportunity to present your results to senior leadership at DRW. While your days will have you engrossed with complex quantitative tr..."
"DRW","Quantitative Trading Analyst Intern","London","https://job-boards.greenhouse.io/drweng/jobs/7957243","Career page Greenhouse:drweng","Confirmed official posting","career_page=https://www.drw.com/work-at-drw | company_wrapper=https://www.drw.com/job?gh_jid=7957243 | internship timing not stated in title; graduation eligibility mentions: 2027, 2028 | Our formula for success is to hire exceptional people, encourage their ideas and reward their results. As a Quantitative Trading Analyst Intern , you will gain exposure to the dynamic worlds of trading and technology in order to learn what it takes to become a successful and sustainable trader. You will work on a small team to combine the disciplines of technology, research and risk management to identify optimal trading and investment strategies within the regulatory framework through a series of project-based assignments. At the conclusion of 10 weeks, you will have the opportunity to present your results to senior leadership at DRW. While your days will have you engrossed with complex quantitative tr..."
"DRW","Quantitative Trading Analyst Intern","Singapore","https://job-boards.greenhouse.io/drweng/jobs/8014919","Career page Greenhouse:drweng","Confirmed official posting","career_page=https://www.drw.com/work-at-drw | company_wrapper=https://www.drw.com/job?gh_jid=8014919 | internship timing not stated in title; graduation eligibility mentions: 2027, 2028 | Our formula for success is to hire exceptional people, encourage their ideas and reward their results. As a Quantitative Trading Analyst Intern , you will gain exposure to the dynamic worlds of trading and technology in order to learn what it takes to become a successful and sustainable trader. You will work on a small team to combine the disciplines of technology, research and risk management to identify optimal trading and investment strategies within the regulatory framework through a series of project based assignments. At the conclusion of 10 weeks, you will have the opportunity to present your results to senior leadership at DRW. While your days will have you engrossed with complex quantitative tr..."
"DRW","Software Developer Intern","Montreal","https://job-boards.greenhouse.io/drweng/jobs/7991196","Career page Greenhouse:drweng","Confirmed official posting","career_page=https://www.drw.com/work-at-drw | company_wrapper=https://www.drw.com/job?gh_jid=7991196 | internship timing not stated in title; graduation eligibility mentions: 2027, 2028 | Our formula for success is to hire exceptional people, encourage their ideas and reward their results. As a Software Developer Intern , you will join one of our development teams supporting our network development initiatives or trading businesses. Depending on the team you join, you will build advanced trading, analysis and risk applications, or advanced monitoring and automation systems leveraging cutting-edge technology. DRW enables our Software Developer Interns to develop computationally intensive software under the guidance of senior technologists with the goal of deployment during your internship. While your days will have you immersed in complex projects directly driving DRW's progress, your tim..."
"DRW","Software Developer Intern","London","https://job-boards.greenhouse.io/drweng/jobs/7942281","Career page Greenhouse:drweng","Confirmed official posting","career_page=https://www.drw.com/work-at-drw | company_wrapper=https://www.drw.com/job?gh_jid=7942281 | internship timing not stated in title; graduation eligibility mentions: 2027, 2028 | Our formula for success is to hire exceptional people, encourage their ideas and reward their results. As a Software Developer Intern , you will build advanced trading and risk applications leveraging cutting-edge technology. DRW enables our Software Developer Interns to develop computationally intensive software under the guidance of senior technologists with the goal of deployment during your ten weeks. While your days will have you immersed in complex projects directly driving DRW’s progress, your evenings will be spent exploring the city with organised social events to truly discover what it is like to live and work in London. How you will make an impact… Design, develop, test, and deploy proprietar..."
"DRW","Software Developer Intern","Amsterdam","https://job-boards.greenhouse.io/drweng/jobs/8020364","Career page Greenhouse:drweng","Confirmed official posting","career_page=https://www.drw.com/work-at-drw | company_wrapper=https://www.drw.com/job?gh_jid=8020364 | internship timing not stated in title; graduation eligibility mentions: 2027, 2028 | Our formula for success is to hire exceptional people, encourage their ideas and reward their results. As a Software Developer Intern , you will build advanced trading and risk applications leveraging cutting-edge technology. DRW enables our Software Developer Interns to develop computationally intensive software under the guidance of senior technologists with the goal of deployment during your ten weeks. While your days will have you immersed in complex projects directly driving DRW’s progress, your evenings will be spent exploring the city with organized social events to truly discover what it is like to live and work in Amsterdam. How you will make an impact… Design, develop test, and deploy propriet..."
"DRW","Software Developer Intern","Chicago","https://job-boards.greenhouse.io/drweng/jobs/7992936","Career page Greenhouse:drweng","Confirmed official posting","career_page=https://www.drw.com/work-at-drw | company_wrapper=https://www.drw.com/job?gh_jid=7992936 | internship timing not stated in title; graduation eligibility mentions: 2027, 2028 | Our formula for success is to hire exceptional people, encourage their ideas and reward their results. As a Software Developer Intern , you will build advanced trading and risk applications leveraging cutting-edge technology. DRW enables our Software Developer Interns to develop computationally intensive software under the guidance of senior technologists with the goal of deployment during your ten weeks. While your days will have you immersed in complex projects directly driving DRW’s progress, your evenings will be spent exploring the city with organized social events to truly discover what it is like to live and work in Chicago. How you will make an impact… Design, develop, test, and deploy proprieta..."
"DRW","Software Developer Intern (C++)","Singapore","https://job-boards.greenhouse.io/drweng/jobs/8014910","Career page Greenhouse:drweng","Confirmed official posting","career_page=https://www.drw.com/work-at-drw | company_wrapper=https://www.drw.com/job?gh_jid=8014910 | internship timing not stated in title; graduation eligibility mentions: 2027, 2028 | Our formula for success is to hire exceptional people, encourage their ideas and reward their results. As a Software Developer Intern in our Singapore office, you will build advanced trading and risk applications leveraging cutting-edge technology. DRW enables our Software Developer Interns to develop computationally intensive software under the guidance of senior technologists with the goal of deployment during your internship. While your days will have you engrossed with complex quantitative trading projects, your evenings will be spent exploring the city with organized social events to truly discover what it’s like to live and work in Singapore. How you will make an impact… Design, develop test, and ..."
"DRW","Strategy Intern","Chicago, IL","https://job-boards.greenhouse.io/drweng/jobs/7992670","Career page Greenhouse:drweng","Confirmed official posting","career_page=https://www.drw.com/work-at-drw | company_wrapper=https://www.drw.com/job?gh_jid=7992670 | internship timing not stated in title; graduation eligibility mentions: 2027, 2028 | Our formula for success is to hire exceptional people, encourage their ideas and reward their results. We are looking for a forward-looking Strategy Intern to identify, quantify and develop plans for new business opportunities to leverage our deep expertise in global markets and cutting-edge trading technology. This role will be part of a growing, centralized strategy team tasked with partnering with a diverse set of trading businesses across the firm to develop and execute on business plans. Within assigned areas of focus, you will be tasked with helping our operations, trading and technology teams think beyond today into what’s possible tomorrow, identify gaps in our team’s experience, and highlight u..."
"DV Trading","2027 Summer Internship - Trading (DV Equities)","Hong Kong","https://job-boards.greenhouse.io/dvtrading/jobs/4691295005","Career page Greenhouse:dvtrading","Confirmed official posting","career_page=https://dvtrading.co/join-dv/ | company_wrapper=https://dvtrading.co/join-dv/job?gh_jid=4691295005 | internship timing: 2027 Summer; graduation eligibility mentions: 2027 | About Us : Founded 20 years ago and headquartered in Chicago, the DV Group of financial services firms has grown to more than 600 people operating throughout North America, Europe and Asia. Since spinning out of a large brokerage firm in 2016, DV Trading has rapidly scaled as an independent proprietary trading firm utilizing its own capital, trading strategies, and risk management methodologies to provide liquidity to worldwide financial markets and hedging opportunities to commodity producers and users. Now, DV group affiliates include two broker dealers, a cryptocurrency market making firm, and a bourgeoning investment adviser. Overview: As a Trading Intern, you'll work with our trading teams and learn p..."
"Engineers Gate","Quantitative Research Intern","Hong Kong","https://job-boards.greenhouse.io/engineersgate/jobs/7946542","Career page Greenhouse:engineersgate","Confirmed official posting","career_page=https://job-boards.greenhouse.io/engineersgate | company_wrapper=https://job-boards.greenhouse.io/job?gh_jid=7946542 | internship timing not stated in title | About EG Engineers Gate (EG) is a leading investment manager founded in 2014 as a quantitative, computer-driven trading firm. Today, EG operates as a diversified, multi-strategy investment platform that combines systematic research with selective discretionary approaches. EG's multi-manager platform allows independent investment teams to pursue distinct strategies while benefiting from shared infrastructure, risk management, and operational support. The firm’s collaborative groups of researchers, engineers, and investment professionals deploy sophisticated statistical models, proprietary technology, and a centralized data platform to isolate and solve challenging problem sets in the global financial markets. About The R..."
"Five Rings","Summer Intern 2027 - Quantitative Trader","New York","https://job-boards.greenhouse.io/fiveringsllc/jobs/5139668008","Career page Greenhouse:fiveringsllc","Confirmed official posting","career_page=https://job-boards.greenhouse.io/fiveringsllc | company_wrapper=https://job-boards.greenhouse.io/job?gh_jid=5139668008 | internship timing: Summer; graduation eligibility mentions: 2027, 2028 | About Five Rings Five Rings is a proprietary trading firm founded with a vision of combining strategy, innovation and technology to succeed in today’s global markets. With offices in New York, Boca Raton, London and Amsterdam, Five Rings trades in various domestic and international markets, both established and esoteric. Our team constantly seeks new opportunities, analyzes their risks and rewards, and creates strategies and tools to capitalize on them. We have an open culture and encourage the flow of knowledge and ideas between all areas of the firm. About the Program Five Rings offers an intensive 9 week summer internship program that runs from the beginning of June through the begi..."
"Five Rings","Summer Intern 2027 - Software Developer","New York","https://job-boards.greenhouse.io/fiveringsllc/jobs/5349707008","Greenhouse:fiveringsllc","Confirmed official posting","internship timing: Summer"
"Flow Traders","Quantitative Trading Intern Summer 2027","New York","https://job-boards.greenhouse.io/flowtraders/jobs/8047166","Career page Greenhouse:flowtraders","Confirmed official posting","career_page=https://www.flowtraders.com/careers | company_wrapper=https://www.flowtraders.com/job?gh_jid=8047166 | internship timing: Summer 2027; graduation eligibility mentions: 2028 | Flow Traders is looking for entrepreneurial, competitive, and analytical students to join our New York Trading team as a Trading Intern for Summer 2027. Spend your summer experiencing what it’s like to be a Trader in the financial capital of the world! The trading internship will take place over nine weeks in our New York office, beginning in early June through early August. During the program, you will have the opportunity to explore your interest in trading, while being fully immersed in the excitement on our Trading floor. As an intern, you will get a 360-degree view of Flow Traders’ role in the financial markets, how our Traders seize arbitrage opportunities, and how they work together as a team to o..."
"Flow Traders","Trading Intern","Hong Kong","https://job-boards.greenhouse.io/flowtraders/jobs/8102618","Career page Greenhouse:flowtraders","Confirmed official posting","career_page=https://www.flowtraders.com/careers | company_wrapper=https://www.flowtraders.com/job?gh_jid=8102618 | internship timing not stated in title; graduation eligibility mentions: 2027, 2028 | Flow Traders is looking for entrepreneurial, competitive, and analytical students to join our Trading department as an Intern. What better way to find out if a career in Trading is something for you, than by experiencing it yourself as a Trading Intern! You will get a 360-degree view of our role in the financial markets, how our Traders seize opportunities, and how they work together as a team to optimize and improve their trading desk. This Trading internship is about immersing yourself in the financial markets and experiencing trading up close. You do not need to have a financial background; we will teach you all you need to know. Experience with a scientific programming language or excel ..."
"Franklin Templeton","Putnam Equity Associate Intern","","https://franklintempleton.wd5.myworkdayjobs.com/en-US/Invitation-Only/job/Putnam-Equity-Associate-Intern_868106","Web-discovered posting/lead","Aggregator/web lead; verify on official site","At Franklin Templeton, we’re advancing our industry forward by developing new and innovative ways to help our clients achieve their …"
"Franklin Templeton","Undergrad Intern – Investment Institute","","https://franklintempleton.wd5.myworkdayjobs.com/en-US/Invitation-Only/job/Undergrad-Intern---Investment-Institute_868453","Web-discovered posting/lead","Aggregator/web lead; verify on official site","If you're interested in more than one internship, we encourage you to apply to all positions that align with your interests. This is a full …"
"Goldman Sachs","2027 | Americas | New York City Area | Wealth Management, Quantitative Finance | Summer Analyst","New York","https://higher.gs.com/roles/155800","Official careers page","Confirmed official posting","Official Goldman Sachs Higher role page; Summer Analyst program for bachelor's/graduate degree students."
"Goldman Sachs","2027 | APEJ | Singapore | FICC and Equities (Sales and Trading) Quantitative Strats | Summer Analyst","Singapore","https://higher.gs.com/roles/170600","Official careers page","Confirmed official posting","Official Goldman Sachs Higher role page; quantitative strategists construct quantitative models for global markets."
"GSA Capital","Quantitative Researcher - Intern","London, New York","https://www.gsacapital.com/careers/gh/?gh_jid=8570661002","Career page Greenhouse:gsacapital","Confirmed official posting","career_page=https://www.gsacapital.com/join-us | company_wrapper=https://www.gsacapital.com/job?gh_jid=8570661002 | internship timing not stated in title | We are interested in hearing from students at the penultimate year of their graduate or postgraduate studies who are looking to secure an internship in quantitative research and possess the relevant attributes. Research at GSA Capital means combining creativity, rigour and attention to detail in the design of systematic investment strategies. As a minimum, you must have an outstanding academic track record in a STEM, economics or empirical finance discipline from a leading academic institution and be able to demonstrate a passion and understanding for working within a quantitative environment. For candidates requiring visa sponsorship or additional immigration/right-to-work processing assistance, we encourage you to apply by end of Ma..."
"GSA Capital","Software Developer - Intern","London","https://www.gsacapital.com/careers/gh/?gh_jid=8570668002","Career page Greenhouse:gsacapital","Confirmed official posting","career_page=https://www.gsacapital.com/join-us | company_wrapper=https://www.gsacapital.com/job?gh_jid=8570668002 | internship timing not stated in title | We are interested in hearing from students in the penultimate year of their graduate or postgraduate studies who are looking to secure an internship within software development. At a minimum, you must have an outstanding foundation in computer science or a closely related discipline and be able to demonstrate a passion and understanding for writing high quality code. For candidates requiring visa sponsorship or additional immigration/right-to-work processing assistance, we encourage you to apply by end of March to allow sufficient time to complete the visa application and/or complete necessary checks before the internship start date."
"Hudson River Trading","Algorithm Development (Quant Research & Trading) Internship – Summer 2027","London, United Kingdom; New York, NY, United States; Singapore","https://www.hudsonrivertrading.com/careers/job/?gh_jid=7964062","Career page Greenhouse:wehrtyou","Confirmed official posting","career_page=https://www.hudsonrivertrading.com/careers/ | company_wrapper=https://www.hudsonrivertrading.com/careers/job?gh_jid=7964062 | internship timing: Summer 2027 | We do not allow multiple applications. Please apply to the ONE role you are most interested in and we will consider you for all open positions when reviewing your application. Hudson River Trading (HRT) is seeking exceptional full-time students to join our Algorithm Development Summer Internship Program. Algorithm Developers at HRT focus on the research and implementation of automated trading strategies. As an intern, you will have the opportunity to rotate between our high- and mid-frequency trading teams, as well as our machine learning teams. In close collaboration with full-time mentors, you will apply sophisticated quantitative modeling techniques to understand and predict market behavior and write software to impr..."
"Hudson River Trading","Software Engineering Internship (C++ or Python) – Summer 2027","Austin, TX, United States; Chicago, Illinois, United States; London, United Kingdom; New York, NY, United States; Singapore","https://www.hudsonrivertrading.com/careers/job/?gh_jid=8052083","Career page Greenhouse:wehrtyou","Confirmed official posting","career_page=https://www.hudsonrivertrading.com/careers/ | company_wrapper=https://www.hudsonrivertrading.com/careers/job?gh_jid=8052083 | internship timing: Summer 2027 | We do not allow multiple applications. Please apply to the ONE role you are most interested in and we will consider you for all open positions when reviewing your application. Hudson River Trading (HRT) is seeking highly motivated full-time students to join our Software Engineering Summer Internship Program. HRT brings together the sharpest minds across quantitative disciplines—math, computer science, physics, engineering, and more— within our world-class computing environment to rapidly scale solutions to the toughest problems in tech and trading. Our software engineers create and maintain technology and infrastructure that is integral to the success of our trading. Ideal candidates are smart programmers who love to co..."
"IMC Financial Markets","Hardware Engineer Intern - Summer 2027","Chicago, United States","https://job-boards.eu.greenhouse.io/imc/jobs/4823945101","Greenhouse:imc","Confirmed official posting","internship timing: Summer 2027; graduation eligibility mentions: 2027, 2028; undergrad/BS/MS language found"
"IMC Financial Markets","Machine Learning Research Intern - Summer 2027 - Chicago","Chicago, United States","https://job-boards.eu.greenhouse.io/imc/jobs/4907430101","Greenhouse:imc","Confirmed official posting","internship timing: Summer 2027; graduation eligibility mentions: 2027, 2028; undergrad/BS/MS language found"
"IMC Financial Markets","Quantitative Research Intern (BS/MS) - Summer 2027","Chicago, United States","https://job-boards.eu.greenhouse.io/imc/jobs/4907399101","Greenhouse:imc","Confirmed official posting","internship timing: Summer 2027; graduation eligibility mentions: 2027, 2028; undergrad/BS/MS language found"
"IMC Financial Markets","Quantitative Trader Intern - Summer 2027","Chicago, United States","https://job-boards.eu.greenhouse.io/imc/jobs/4823923101","Greenhouse:imc","Confirmed official posting","internship timing: Summer 2027; graduation eligibility mentions: 2027, 2028; undergrad/BS/MS language found"
"IMC Financial Markets","Software Engineer Intern - Summer 2027","Chicago, United States","https://job-boards.eu.greenhouse.io/imc/jobs/4823924101","Greenhouse:imc","Confirmed official posting","internship timing: Summer 2027; graduation eligibility mentions: 2027, 2028; undergrad/BS/MS language found"
"IMC Trading","Hardware Engineer Intern","Amsterdam, Netherlands","https://job-boards.eu.greenhouse.io/imc/jobs/4927149101","Career page Greenhouse:imc","Confirmed official posting","career_page=https://job-boards.greenhouse.io/imc?error=true | company_wrapper=https://job-boards.greenhouse.io/job?gh_jid=4927149101 | internship timing not stated in title; graduation eligibility mentions: 2028 | Our internship programme in Amsterdam is your chance to experience life as an engineer at IMC. As a Hardware Engineer Intern, it’s about much more than just writing code: you’ll gain insight into IMC’s field-programmable gate array (FPGA) development process, get to know IMC’s unique business model and build valuable connections with our trading and technology teams. Throughout the internship, you will receive comprehensive support from dedicated internship trainers, and a one-on-one mentor to guide you in your work and professional development. You will benefit from a highly competitive compensation package, fully-furnished corporate accommodation, catered meals, and experienc..."
"IMC Trading","Machine Learning Research Intern - Summer 2027 - Amsterdam","Amsterdam, Netherlands","https://job-boards.eu.greenhouse.io/imc/jobs/4912874101","Career page Greenhouse:imc","Confirmed official posting","career_page=https://job-boards.greenhouse.io/imc?error=true | company_wrapper=https://job-boards.greenhouse.io/job?gh_jid=4912874101 | internship timing: Summer 2027; graduation eligibility mentions: 2028, 2027 | Our Machine Learning Internship is designed for curious, ambitious researchers who want to apply machine learning to complex, real-world problems. Over 10 weeks, you'll work alongside experienced researchers and mentors to develop models, analyze large-scale datasets, and contribute to research that informs IMC's trading strategies across global equities, futures, and options markets. You'll begin with a week of engaging, classroom-based learning in the proprietary trading landscape, then gain hands-on experience designing experiments, evaluating novel approaches, and tackling challenging problems in a collaborative, fast-paced environment where your work can have real-world imp..."
"IMC Trading","Macro Analyst Intern","Amsterdam, Netherlands","https://job-boards.eu.greenhouse.io/imc/jobs/4941380101","Career page Greenhouse:imc","Confirmed official posting","career_page=https://job-boards.greenhouse.io/imc?error=true | company_wrapper=https://job-boards.greenhouse.io/job?gh_jid=4941380101 | internship timing not stated in title; graduation eligibility mentions: 2028 | MACRO ANALYST INTERN Our 9-week internship programme in Amsterdam is your chance to experience life as a Macro Analyst at IMC. As a Macro Analyst Intern, you will delve into the proprietary trading landscape during the first week of engaging and challenging classroom-based learning. You will have the opportunity hone your skills and apply what you’ve learned with a meaningful project and weekly trading challenges. Throughout the summer, you will receive comprehensive support from dedicated internship trainers, and mentors to guide you in your work and professional development. In our collaborative office environment, you will build a valuable network of IMC traders, researchers..."
"IMC Trading","Quantitative Trader Intern","Amsterdam, Netherlands","https://job-boards.eu.greenhouse.io/imc/jobs/4936262101","Career page Greenhouse:imc","Confirmed official posting","career_page=https://job-boards.greenhouse.io/imc?error=true | company_wrapper=https://job-boards.greenhouse.io/job?gh_jid=4936262101 | internship timing not stated in title; graduation eligibility mentions: 2028 | Our summer internship programme in Amsterdam is your chance to experience life as a trader at IMC. As a Trader Intern, you will delve into the proprietary trading landscape during the first week of engaging and challenging classroom-based learning. You will have the opportunity hone your skills and apply what you’ve learned with a meaningful project and weekly trading challenges. Throughout the summer, you will receive comprehensive support from dedicated internship trainers, and mentors to guide you in your work and professional development. In our collaborative office environment, you will build a valuable network of IMC traders, researchers, analysts, and engineers. You will..."
"IMC Trading","Software Engineer Intern","Amsterdam, Netherlands","https://job-boards.eu.greenhouse.io/imc/jobs/4667854101","Career page Greenhouse:imc","Confirmed official posting","career_page=https://job-boards.greenhouse.io/imc?error=true | company_wrapper=https://job-boards.greenhouse.io/job?gh_jid=4667854101 | internship timing not stated in title; graduation eligibility mentions: 2028, 2027 | Our summer internship programme in Amsterdam is your chance to experience life as an engineer at IMC. As a Software Engineer Intern, you will go beyond writing code and designing technology: you’ll gain insight into algorithm complexity and data structures, get to know IMC’s unique business model, and build valuable connections with our trading and technology teams. Throughout the summer, you will work on a relevant project while receiving comprehensive support from dedicated internship trainers, and a one-on-one mentor to guide you in your work and professional development. You will benefit from a highly competitive compensation package, fully-furnished corporate accommo..."
"IMC Trading","Trader Intern","Amsterdam, Netherlands","https://job-boards.eu.greenhouse.io/imc/jobs/4939846101","Career page Greenhouse:imc","Confirmed official posting","career_page=https://job-boards.greenhouse.io/imc?error=true | company_wrapper=https://job-boards.greenhouse.io/job?gh_jid=4939846101 | internship timing not stated in title; graduation eligibility mentions: 2028 | Our summer internship programme in Amsterdam is your chance to experience life as a trader at IMC. As a Trader Intern, you will delve into the proprietary trading landscape during the first week of engaging and challenging classroom-based learning. You will have the opportunity hone your skills and apply what you’ve learned with a meaningful project and weekly trading challenges. Throughout the summer, you will receive comprehensive support from dedicated internship trainers, and mentors to guide you in your work and professional development. In our collaborative office environment, you will build a valuable network of IMC traders, researchers, analysts, and engineers. You will..."
"J.P. Morgan","Asset Management Summer Analyst Program","Varies by open location","https://careers.jpmorgan.com/US/en/students/programs/asset-management-summer-analyst","Official program page","Official broad program; check currently open locations","JPM page says interns research, analyze, and develop investment strategies and models; useful for quant asset-management track."
"J.P. Morgan","Markets Summer Analyst Program","Varies by open location","https://careers.jpmorgan.com/us/en/students/programs/markets-summer-analyst","Official program page","Official broad program; check currently open locations","JPM page describes work on market strategies, complex mathematical models, machine learning techniques, and trading simulations."
"Jump Trading","Campus AI Research Engineer - Deep Learning (Intern)","Chicago; New York","https://www.jumptrading.com/hr/job?gh_jid=8052338","Greenhouse:jumptrading","Confirmed official posting","internship timing not stated in title; undergrad/BS/MS language found"
"Jump Trading","Campus AI Research Engineer – Research Automation (Intern)","Chicago; New York","https://www.jumptrading.com/hr/job?gh_jid=8052351","Greenhouse:jumptrading","Confirmed official posting","internship timing not stated in title; undergrad/BS/MS language found"
"Jump Trading","Campus AI Research Engineer (Intern)","Chicago; New York","https://www.jumptrading.com/hr/job?gh_jid=8052281","Greenhouse:jumptrading","Confirmed official posting","internship timing not stated in title; undergrad/BS/MS language found"
"Jump Trading","Campus ASIC Engineer (Intern)","Bristol","https://www.jumptrading.com/hr/job?gh_jid=7974837","Greenhouse:jumptrading","Confirmed official posting","internship timing not stated in title; undergrad/BS/MS language found"
"Jump Trading","Campus C++ Software Engineer (Intern)","Singapore","https://www.jumptrading.com/hr/job?gh_jid=8027946","Greenhouse:jumptrading","Confirmed official posting","internship timing not stated in title; undergrad/BS/MS language found"
"Jump Trading","Campus Data Engineer (Intern)","London","https://www.jumptrading.com/hr/job?gh_jid=7975008","Greenhouse:jumptrading","Confirmed official posting","internship timing not stated in title; undergrad/BS/MS language found"
"Jump Trading","Campus Data Engineer (Intern)","Chicago","https://www.jumptrading.com/hr/job?gh_jid=8002998","Greenhouse:jumptrading","Confirmed official posting","internship timing not stated in title; undergrad/BS/MS language found"
"Jump Trading","Campus FPGA Engineer (Intern)","Chicago","https://www.jumptrading.com/hr/job?gh_jid=8003013","Greenhouse:jumptrading","Confirmed official posting","internship timing not stated in title; undergrad/BS/MS language found"
"Jump Trading","Campus FPGA Engineer (Intern)","London","https://www.jumptrading.com/hr/job?gh_jid=7974391","Greenhouse:jumptrading","Confirmed official posting","internship timing not stated in title; undergrad/BS/MS language found"
"Jump Trading","Campus ML Research Engineer (Intern)","London","https://www.jumptrading.com/hr/job?gh_jid=7977145","Greenhouse:jumptrading","Confirmed official posting","internship timing not stated in title; undergrad/BS/MS language found"
"Jump Trading","Campus Python Software Engineer (Intern)","Singapore","https://www.jumptrading.com/hr/job?gh_jid=8027955","Greenhouse:jumptrading","Confirmed official posting","internship timing not stated in title; undergrad/BS/MS language found"
"Jump Trading","Campus Quantitative Researcher (Intern)","London; Amsterdam","https://www.jumptrading.com/hr/job?gh_jid=8010307","Greenhouse:jumptrading","Confirmed official posting","internship timing not stated in title; undergrad/BS/MS language found"
"Jump Trading","Campus Quantitative Researcher (Intern)","Singapore","https://www.jumptrading.com/hr/job?gh_jid=8027939","Greenhouse:jumptrading","Confirmed official posting","internship timing not stated in title; undergrad/BS/MS language found"
"Jump Trading","Campus Quantitative Researcher (M1/M2 Intern)","London; Paris","https://www.jumptrading.com/hr/job?gh_jid=8059384","Greenhouse:jumptrading","Confirmed official posting","internship timing not stated in title; undergrad/BS/MS language found"
"Jump Trading","Campus Quantitative Researcher, UG/MS (Intern)","Chicago; New York","https://www.jumptrading.com/hr/job?gh_jid=7982648","Greenhouse:jumptrading","Confirmed official posting","internship timing not stated in title; undergrad/BS/MS language found"
"Jump Trading","Campus Quantitative Trader (Intern)","Chicago; New York","https://www.jumptrading.com/hr/job?gh_jid=7848371","Greenhouse:jumptrading","Confirmed official posting","internship timing not stated in title; undergrad/BS/MS language found"
"Jump Trading","Campus Quantitative Trader (Intern)","Singapore","https://www.jumptrading.com/hr/job?gh_jid=8027941","Greenhouse:jumptrading","Confirmed official posting","internship timing not stated in title; undergrad/BS/MS language found"
"Jump Trading","Campus Quantitative Trader (Intern)","London; Amsterdam","https://www.jumptrading.com/hr/job?gh_jid=8050772","Greenhouse:jumptrading","Confirmed official posting","internship timing not stated in title; undergrad/BS/MS language found"
"Jump Trading","Campus Software Engineer (Intern)","London","https://www.jumptrading.com/hr/job?gh_jid=7975026","Greenhouse:jumptrading","Confirmed official posting","internship timing not stated in title; undergrad/BS/MS language found"
"Jump Trading","Campus Software Engineer (Intern)","Chicago","https://www.jumptrading.com/hr/job?gh_jid=8002989","Greenhouse:jumptrading","Confirmed official posting","internship timing not stated in title; undergrad/BS/MS language found"
"Jump Trading","Campus Systems Engineer (Intern)","Singapore","https://www.jumptrading.com/hr/job?gh_jid=8027952","Greenhouse:jumptrading","Confirmed official posting","internship timing not stated in title; undergrad/BS/MS language found"
"Jump Trading","Campus Systems Engineer (Intern)","London; Amsterdam","https://www.jumptrading.com/hr/job?gh_jid=8000323","Greenhouse:jumptrading","Confirmed official posting","internship timing not stated in title; undergrad/BS/MS language found"
"Jump Trading","Campus Systems Engineer (Intern)","Chicago","https://www.jumptrading.com/hr/job?gh_jid=8007788","Greenhouse:jumptrading","Confirmed official posting","internship timing not stated in title; undergrad/BS/MS language found"
"Jump Trading","Campus Trading Team Software Engineer  (Intern)","Hong Kong","https://www.jumptrading.com/hr/job?gh_jid=7565728","Greenhouse:jumptrading","Confirmed official posting","internship timing not stated in title; graduation eligibility mentions: 2026, 2027; undergrad/BS/MS language found"
"Jump Trading","Campus UI Software Engineer (Intern)","London","https://www.jumptrading.com/hr/job?gh_jid=7974943","Greenhouse:jumptrading","Confirmed official posting","internship timing not stated in title; undergrad/BS/MS language found"
"Jump Trading","Campus UI Software Engineer (Intern)","Chicago","https://www.jumptrading.com/hr/job?gh_jid=8003019","Greenhouse:jumptrading","Confirmed official posting","internship timing not stated in title; undergrad/BS/MS language found"
"KeyBank","Summer 2027 Key Investment Services Internship (Certified Financial Planner Track) - Albany, OR","Albany, OR","https://keybank.wd5.myworkdayjobs.com/External_Career_Site/job/Albany-OR/Summer-2027-Key-Investment-Services-Internship--Certified-Financial-Planner-Track----Albany--OR_R-41217","Career page Workday:keybank/External_Career_Site","Confirmed official posting","career_page=https://keybank.wd5.myworkdayjobs.com/External_Career_Site | Posted Today | R-41217"
"KeyBank","Summer 2027 Key Investment Services Internship (Certified Financial Planner Track) - Bellingham, WA","Bellingham, WA","https://keybank.wd5.myworkdayjobs.com/External_Career_Site/job/Bellingham-WA/Summer-2027-Key-Investment-Services-Internship--Certified-Financial-Planner-Track----Bellingham--WA_R-41216","Career page Workday:keybank/External_Career_Site","Confirmed official posting","career_page=https://keybank.wd5.myworkdayjobs.com/External_Career_Site | Posted Today | R-41216"
"KeyBank","Summer 2027 Key Investment Services Internship (Certified Financial Planner Track) - Boise, ID","Boise, ID","https://keybank.wd5.myworkdayjobs.com/External_Career_Site/job/Boise-ID/Summer-2027-Key-Investment-Services-Internship--Certified-Financial-Planner-Track----Boise--ID_R-41218","Career page Workday:keybank/External_Career_Site","Confirmed official posting","career_page=https://keybank.wd5.myworkdayjobs.com/External_Career_Site | Posted Today | R-41218"
"KeyBank","Summer 2027 Key Investment Services Internship (Certified Financial Planner Track) - Cicero, NY","Cicero, NY","https://keybank.wd5.myworkdayjobs.com/External_Career_Site/job/Cicero-NY/Summer-2027-Key-Investment-Services-Internship--Certified-Financial-Planner-Track----Cicero--NY_R-41221","Career page Workday:keybank/External_Career_Site","Confirmed official posting","career_page=https://keybank.wd5.myworkdayjobs.com/External_Career_Site | Posted Today | R-41221"
"KeyBank","Summer 2027 Key Investment Services Internship (Certified Financial Planner Track) - Cleveland, OH","Chagrin Falls, OH","https://keybank.wd5.myworkdayjobs.com/External_Career_Site/job/Chagrin-Falls-OH/Summer-2027-Key-Investment-Services-Internship--Certified-Financial-Planner-Track----Cleveland--OH_R-41224","Career page Workday:keybank/External_Career_Site","Confirmed official posting","career_page=https://keybank.wd5.myworkdayjobs.com/External_Career_Site | Posted Today | R-41224"
"KeyBank","Summer 2027 Key Investment Services Internship (Certified Financial Planner Track) - Dayton, OH","Vandalia, OH","https://keybank.wd5.myworkdayjobs.com/External_Career_Site/job/Vandalia-OH/Summer-2027-Key-Investment-Services-Internship--Certified-Financial-Planner-Track----Dayton--OH_R-41220","Career page Workday:keybank/External_Career_Site","Confirmed official posting","career_page=https://keybank.wd5.myworkdayjobs.com/External_Career_Site | Posted Today | R-41220"
"KeyBank","Summer 2027 Key Investment Services Internship (Certified Financial Planner Track) - Erie, PA","Erie, PA","https://keybank.wd5.myworkdayjobs.com/External_Career_Site/job/Erie-PA/Summer-2027-Key-Investment-Services-Internship--Certified-Financial-Planner-Track----Erie--PA_R-41223","Career page Workday:keybank/External_Career_Site","Confirmed official posting","career_page=https://keybank.wd5.myworkdayjobs.com/External_Career_Site | Posted Today | R-41223"
"KeyBank","Summer 2027 Key Investment Services Internship (Certified Financial Planner Track) - Goshen, IN","Goshen, IN","https://keybank.wd5.myworkdayjobs.com/External_Career_Site/job/Goshen-IN/Summer-2027-Key-Investment-Services-Internship--Certified-Financial-Planner-Track----Goshen--IN_R-41215","Career page Workday:keybank/External_Career_Site","Confirmed official posting","career_page=https://keybank.wd5.myworkdayjobs.com/External_Career_Site | Posted Today | R-41215"
"KeyBank","Summer 2027 Key Investment Services Internship (Certified Financial Planner Track) - Pottstown, PA","Pottstown, PA","https://keybank.wd5.myworkdayjobs.com/External_Career_Site/job/Pottstown-PA/Summer-2027-Key-Investment-Services-Internship--Certified-Financial-Planner-Track----Pottstown--PA_R-41222","Career page Workday:keybank/External_Career_Site","Confirmed official posting","career_page=https://keybank.wd5.myworkdayjobs.com/External_Career_Site | Posted Today | R-41222"
"KeyBank","Summer 2027 Key Investment Services Internship (Certified Financial Planner Track) - Toledo, OH","Toledo, OH","https://keybank.wd5.myworkdayjobs.com/External_Career_Site/job/Toledo-OH/Summer-2027-Key-Investment-Services-Internship--Certified-Financial-Planner-Track----Toledo--OH_R-41225","Career page Workday:keybank/External_Career_Site","Confirmed official posting","career_page=https://keybank.wd5.myworkdayjobs.com/External_Career_Site | Posted Today | R-41225"
"KeyBank","Summer 2027 KeyBank Wealth Management Internship - Advisory Services","Brooklyn, OH","https://keybank.wd5.myworkdayjobs.com/External_Career_Site/job/Brooklyn-OH/Summer-2027-KeyBank-Wealth-Management-Internship---Advisory-Services_R-41213","Career page Workday:keybank/External_Career_Site","Confirmed official posting","career_page=https://keybank.wd5.myworkdayjobs.com/External_Career_Site | Posted Today | R-41213"
"KeyBank","Summer 2027 KeyBank Wealth Management Internship - Client Support & Experience","Brooklyn, OH","https://keybank.wd5.myworkdayjobs.com/External_Career_Site/job/Brooklyn-OH/Summer-2027-KeyBank-Wealth-Management-Internship---Client-Support---Experience_R-41211","Career page Workday:keybank/External_Career_Site","Confirmed official posting","career_page=https://keybank.wd5.myworkdayjobs.com/External_Career_Site | Posted Today | R-41211"
"KeyBank","Summer 2027 KeyBank Wealth Management Internship - Investment Research & Analysis","Brooklyn, OH","https://keybank.wd5.myworkdayjobs.com/External_Career_Site/job/Brooklyn-OH/Summer-2027-KeyBank-Wealth-Management-Internship---Investment-Research---Analysis_R-41214","Career page Workday:keybank/External_Career_Site","Confirmed official posting","career_page=https://keybank.wd5.myworkdayjobs.com/External_Career_Site | Posted Today | R-41214"
"Mastercard","Associate Consultant Intern, Performance Analytics/ Business Experimentation, 2027 - São Paulo, Brazil","Sao Paulo, Brazil","https://mastercard.wd1.myworkdayjobs.com/Campus/job/Sao-Paulo-Brazil/Associate-Consultant-Intern--Performance-Analytics--Business-Experimentation--2027---So-Paulo--Brazil_R-286486","Career page Workday:mastercard/Campus","Confirmed official posting","career_page=https://careers.mastercard.com/us/en/early-careers/launch | Posted 7 Days Ago | R-286486"
"Mastercard","Associate Consultant Intern, Strategy & Transformation, 2027 - São Paulo, Brazil","Sao Paulo, Brazil","https://mastercard.wd1.myworkdayjobs.com/Campus/job/Sao-Paulo-Brazil/Associate-Consultant-Intern--Strategy---Transformation--2027---So-Paulo--Brazil_R-286485","Career page Workday:mastercard/Campus","Confirmed official posting","career_page=https://careers.mastercard.com/us/en/early-careers/launch | Posted 7 Days Ago | R-286485"
"Mastercard","Associate Consultant Intern, Strategy & Transformation, Internship Program 2027 - Mexico City, Mexico","Mexico City, Mexico","https://mastercard.wd1.myworkdayjobs.com/Campus/job/Mexico-City-Mexico/Associate-Consultant-Intern--Strategy---Transformation--Internship-Program-2027---Mexico-City--Mexico_R-286993","Career page Workday:mastercard/Campus","Confirmed official posting","career_page=https://careers.mastercard.com/us/en/early-careers/launch | Posted 4 Days Ago | R-286993"
"Mastercard","Internship Program, Enterprise Strategy, 2027 – Santiago, Chile","Santiago, Chile","https://mastercard.wd1.myworkdayjobs.com/Campus/job/Santiago-Chile/Internship-Program--Sales--2027---Santiago--Chile_R-282264-1","Career page Workday:mastercard/Campus","Confirmed official posting","career_page=https://careers.mastercard.com/us/en/early-careers/launch | Posted 6 Days Ago | R-282264"
"Maven Securities","Quant Trader Internship 2027 (6 months)","London","https://job-boards.greenhouse.io/mavensecuritiesholdingltd/jobs/8043552","Career page Greenhouse:mavensecuritiesholdingltd","Confirmed official posting","career_page=https://www.mavensecurities.com/jobs/ | company_wrapper=https://www.mavensecurities.com/jobs/job?gh_jid=8043552 | internship timing not stated in title | Maven Securities is a leading proprietary trading firm that leverages sophisticated technology and quantitative analysis to trade in global financial markets. We specialise in options and derivatives market making, where your skills can be directly applied to have a real impact. THE ROLE As a Quantitative Trader Intern, you’ll engage in an intensive 6-month training programme focused on options market making. You’ll collaborate closely with traders and researchers to solve meaningful research challenges and develop your expertise in quantitative methods across our market-making desks. Upon successfully completing the internship, you will be eligible for consideration for a full time position. As a Quant Trader Intern, your r..."
"MFS Investment Management","Equity Research Associate Intern","Singapore","https://mfs.wd1.myworkdayjobs.com/MFS-Careers/job/Singapore/Equity-Research-Associate-Intern_MFS-231818","Career page Workday:mfs/MFS-Careers","Confirmed official posting","career_page=https://mfs.wd1.myworkdayjobs.com/MFS-Careers | MFS-231818 | Temporary Employees"
"Old Mission Capital","Software Engineer – 2027 Internship Program (June Start)","Chicago, IL, United States","https://www.oldmissioncapital.com/careers/?gh_jid=7796180003","Career page Greenhouse:oldmissioncapital","Confirmed official posting","career_page=https://www.oldmissioncapital.com/careers/ | company_wrapper=https://www.oldmissioncapital.com/careers/job?gh_jid=7796180003 | internship timing not stated in title; graduation eligibility mentions: 2027, 2028 | Old Mission is a global proprietary trading firm that leverages state-of-the-art technology and research to identify and execute profitable trading strategies across multiple asset classes around the world. Our offices in Chicago, New York, and London are all composed of naturally-curious individuals who thrive in a team environment and constantly strive for improvement. Old Mission does not seek capital from outside investors, allowing us the flexibility to aggressively invest in our team members and keep them engaged in the firm’s growth. About the Position Our internship program is geared for current students who want to work alongside our talented software enginee..."
"Old Mission Capital","Software Engineer – 2027 Internship Program (June Start)","Chicago, IL","https://jobs.ashbyhq.com/old-mission-capital/d003aaa4-a1e9-46b5-b271-eaccc15db9d6","Ashby:old-mission-capital","Confirmed official posting","internship timing not stated in title; graduation eligibility mentions: 2027, 2028; undergrad/BS/MS language found"
"Optiver","FPGA Engineer Intern (Summer 2027 - Austin)","Austin, Texas, United States","https://www.optiver.com/join-us/jobs/8641352002/?gh_jid=8641352002","Greenhouse:optiverus","Confirmed official posting","internship timing: Summer 2027; graduation eligibility mentions: 2027, 2028; undergrad/BS/MS language found"
"Optiver","FPGA Engineer Intern (Summer 2027 - Chicago)","Chicago, Illinois, United States","https://www.optiver.com/join-us/jobs/8402114002/?gh_jid=8402114002","Greenhouse:optiverus","Confirmed official posting","internship timing: Summer 2027; graduation eligibility mentions: 2027, 2028; undergrad/BS/MS language found"
"Optiver","Quantitative Intern (Summer 2027)","Chicago, Illinois, United States","https://www.optiver.com/join-us/jobs/8402215002/?gh_jid=8402215002","Greenhouse:optiverus","Confirmed official posting","internship timing: Summer 2027; graduation eligibility mentions: 2027, 2029; undergrad/BS/MS language found"
"Optiver","Quantitative Trading Internship (Singapore) - 2027","Singapore","https://www.optiver.com/join-us/jobs/8642260002/?gh_jid=8642260002","Greenhouse:optiverus","Confirmed official posting","internship timing not stated in title; graduation eligibility mentions: 2026, 2028; undergrad/BS/MS language found"
"Optiver","Quantitative Trading Internship (Taiwan) - 2027","Taipei, Taiwan","https://www.optiver.com/join-us/jobs/8011956002/?gh_jid=8011956002","Greenhouse:optiverus","Confirmed official posting","internship timing not stated in title; graduation eligibility mentions: 2026; undergrad/BS/MS language found"
"Optiver","Software Engineer Intern (Summer 2027 - Austin)","Austin, Texas, United States","https://www.optiver.com/join-us/jobs/8401052002/?gh_jid=8401052002","Greenhouse:optiverus","Confirmed official posting","internship timing: Summer 2027; graduation eligibility mentions: 2027, 2028; undergrad/BS/MS language found"
"Optiver","Software Engineer Intern (Summer 2027 - Chicago)","Chicago, Illinois, United States","https://www.optiver.com/join-us/jobs/8604760002/?gh_jid=8604760002","Greenhouse:optiverus","Confirmed official posting","internship timing: Summer 2027; graduation eligibility mentions: 2027, 2028; undergrad/BS/MS language found"
"Optiver","Trading Automation and Operations Intern (Summer 2027)","Chicago, Illinois, United States","https://www.optiver.com/join-us/jobs/8489582002/?gh_jid=8489582002","Greenhouse:optiverus","Confirmed official posting","internship timing: Summer 2027; graduation eligibility mentions: 2027, 2028; undergrad/BS/MS language found"
"Pacific Life","Summer 2027 Actuarial Intern (Charlotte)","Charlotte - NC","https://pacificlife.wd1.myworkdayjobs.com/PacificLifeCareers/job/Charlotte---NC/Summer-2027-Actuarial-Intern--Charlotte-_R17462","Career page Workday:pacificlife/PacificLifeCareers","Confirmed official posting","career_page=https://pacificlife.wd1.myworkdayjobs.com/PacificLifeCareers | Posted Yesterday | R17462"
"Pacific Life","Summer 2027 Actuarial Intern (Newport Beach)","Newport Beach CA-700","https://pacificlife.wd1.myworkdayjobs.com/PacificLifeCareers/job/Newport-Beach-CA-700/Summer-2027-Actuarial-Intern--Newport-Beach-_R17460","Career page Workday:pacificlife/PacificLifeCareers","Confirmed official posting","career_page=https://pacificlife.wd1.myworkdayjobs.com/PacificLifeCareers | Posted Yesterday | R17460"
"Pacific Life","Summer 2027 Actuarial Intern (Omaha)","Omaha NE-6750","https://pacificlife.wd1.myworkdayjobs.com/PacificLifeCareers/job/Omaha-NE-6750/Summer-2027-Actuarial-Intern--Omaha-_R17461","Career page Workday:pacificlife/PacificLifeCareers","Confirmed official posting","career_page=https://pacificlife.wd1.myworkdayjobs.com/PacificLifeCareers | Posted Yesterday | R17461"
"PDT Partners","Summer 2027 Software Engineering Intern","New York, NY","https://job-boards.greenhouse.io/pdtpartners/jobs/8077685","Career page Greenhouse:pdtpartners","Confirmed official posting","career_page=https://job-boards.greenhouse.io/pdtpartners?error=true | company_wrapper=https://job-boards.greenhouse.io/job?gh_jid=8077685 | internship timing: Summer 2027; graduation eligibility mentions: 2027 | Eligibility: Current Bachelor's, Master's, or PhD students pursuing degrees in rigorous, highly technical fields (e.g., Computer Science, Computer Engineering) who are eligible for full-time roles starting in 2028 or 2029. Program Length: 10 Weeks (Early June – Mid August) Application Process: Please apply directly through this posting. Applications are reviewed and candidates will progress on a rolling basis. You can anticipate receiving feedback on your application within 3 weeks. PDT Partners – a quantitative investment manager - is seeking talented engineering students for Software Engineering focused internships. We are looking for interns who can add to a company that value..."
"PDT Partners","Summer 2027 Systems Engineering Intern","New York, NY","https://job-boards.greenhouse.io/pdtpartners/jobs/8083292","Career page Greenhouse:pdtpartners","Confirmed official posting","career_page=https://job-boards.greenhouse.io/pdtpartners?error=true | company_wrapper=https://job-boards.greenhouse.io/job?gh_jid=8083292 | internship timing: Summer 2027; graduation eligibility mentions: 2027 | Eligibility: Current Bachelor's, Master's, or PhD students pursuing degrees in rigorous, highly technical fields (e.g., Computer Science, Computer Engineering) who are eligible for full-time roles starting in 2028. Program Length: 10 Weeks (Early June – Mid August) Application Process: Please apply directly through this posting. Applications are reviewed, and candidates will progress to the first-round technical assessment on a rolling basis. You can anticipate receiving feedback on your application within 3 weeks. PDT Partners – a quantitative investment manager - is seeking talented students for internships focused on Infrastructure Engineering (Systems, Network, DevOps, Cloud,..."
"Point 72/Cubist","Quantitative Developer Intern","New York","https://boards.greenhouse.io/point72/jobs/7609197002?gh_jid=7609197002","Greenhouse:point72","Confirmed official posting","internship timing not stated in title; undergrad/BS/MS language found"
"Point72","Cubist Quantitative Researcher Intern","Hong Kong","https://boards.greenhouse.io/point72/jobs/7297611002?gh_jid=7297611002","Career page Greenhouse:point72","Confirmed official posting","career_page=https://careers.point72.com/ | company_wrapper=https://careers.point72.com/job?gh_jid=7297611002 | internship timing not stated in title | ABOUT CUBIST Cubist Systematic Strategies, an affiliate of Point72, deploys systematic, computer-driven trading strategies across multiple liquid asset classes, including equities, futures and foreign exchange. The core of our effort is rigorous research into a wide range of market anomalies, fueled by our unparalleled access to a wide range of publicly available data sources. ROLE Quantitative alpha research requires mastery of multiple domains. The best research requires original research ideas, good intuition, strong data analysis skills, and good research planning. Our research directly drives our investment decisions. This role is highly selective. We have a long history of training extraordinarily talented academic researchers to suc..."
"Point72","Cubist Quantitative Researcher Intern","Singapore","https://boards.greenhouse.io/point72/jobs/7297598002?gh_jid=7297598002","Career page Greenhouse:point72","Confirmed official posting","career_page=https://careers.point72.com/ | company_wrapper=https://careers.point72.com/job?gh_jid=7297598002 | internship timing not stated in title | ABOUT CUBIST Cubist Systematic Strategies, an affiliate of Point72, deploys systematic, computer-driven trading strategies across multiple liquid asset classes, including equities, futures and foreign exchange. The core of our effort is rigorous research into a wide range of market anomalies, fueled by our unparalleled access to a wide range of publicly available data sources. ROLE Quantitative alpha research requires mastery of multiple domains. The best research requires original research ideas, good intuition, strong data analysis skills, and good research planning. Our research directly drives our investment decisions. This role is highly selective. We have a long history of training extraordinarily talented academic researchers to suc..."
"Point72","Machine Learning Researcher - Intern","New York","https://boards.greenhouse.io/point72/jobs/7302611002?gh_jid=7302611002","Career page Greenhouse:point72","Confirmed official posting","career_page=https://careers.point72.com/ | company_wrapper=https://careers.point72.com/job?gh_jid=7302611002 | internship timing not stated in title | JOB DESCRIPTION Researchers are responsible for applying, adapting, and extending existing results in the broad field of machine learning, while also conducting novel research as required. We are interested in all aspects of ML including: predictive modelling, clustering, time series analysis, natural language processing, and computer vision. Successful researchers manage all aspects of the research process including methodology selection, data collection and analysis, implementation and testing, prototyping, and performance evaluation. Some successful researchers have joined us from similar backgrounds at other firms. Others have joined from related fields or directly from academia and have thrived with hands on guidance from our large te..."
"Point72","Quantitative Research Intern","New York, Seattle","https://boards.greenhouse.io/point72/jobs/7297667002?gh_jid=7297667002","Career page Greenhouse:point72","Confirmed official posting","career_page=https://careers.point72.com/ | company_wrapper=https://careers.point72.com/job?gh_jid=7297667002 | internship timing not stated in title | JOB DESCRIPTION This is an opportunity for students and researchers of advanced data modeling and statistical learning methods to apply these techniques to market prediction and systematic trading. JOB RESPONSIBILITIES Pre-process (validate, clean, normalize, reduce dimension) very large data sets for model estimation and event studies Identify features and relationships useful for the predictive modeling of market dynamics DESIRABLE CANDIDATES MS, or PhD candidates in finance, computer science, mathematics, physics, or other quantitative discipline Programming in any of the following: C++, Java, C#, MATLAB, R, Python, or Perl Strong analytical and quantitative skills Demonstrated interest in financial markets and systematic trading Clear,..."
"Point72","Quantitative Research Intern (NLP)","New York","https://boards.greenhouse.io/point72/jobs/8018862002?gh_jid=8018862002","Career page Greenhouse:point72","Confirmed official posting","career_page=https://careers.point72.com/ | company_wrapper=https://careers.point72.com/job?gh_jid=8018862002 | internship timing not stated in title | ROLE/RESPONSIBILTIES: We are seeking a quant research intern to join an NLP quant team within Point72. We believe the significant advances in NLP methods show promise for finance. We develop and launch end-to-end signals, from data processing to performance testing. The ideal candidate will have strong machine learning, data science and software engineering skills, some experience with modern NLP, and a curiosity about finance and trading. Responsibilities may include: Using NLP to construct features from varied datasets Formulating research hypotheses to derive alpha Building and testing the performance of trading signals based on NLP and financial features Launching identified signals into production REQUIREMENTS: Bachelor’s, Master’s or..."
"Point72","Quantitative Researcher - Intern","London, Paris, Hong Kong, Tokyo","https://boards.greenhouse.io/point72/jobs/7297657002?gh_jid=7297657002","Career page Greenhouse:point72","Confirmed official posting","career_page=https://careers.point72.com/ | company_wrapper=https://careers.point72.com/job?gh_jid=7297657002 | internship timing not stated in title | Job Description This is an opportunity for students and researchers of advanced data modeling and statistical learning methods to apply these techniques to market prediction and systematic trading. Job Responsibilities Pre-process (validate, clean, normalize, reduce dimension) very large data sets for model estimation and event studies Identify features and relationships useful for the predictive modeling of market dynamics Desirable Candidates Undergraduate, MS, or PhD candidates in finance, computer science, mathematics, physics, or other quantitative discipline Programming in any of the following: C++, Java, C#, MATLAB, R, Python, or Perl Strong analytical and quantitative skills Demonstrated interest in financial markets and systematic..."
"Point72","Quantitative Software Developer Intern","New York, London, or Paris","https://boards.greenhouse.io/point72/jobs/7297666002?gh_jid=7297666002","Career page Greenhouse:point72","Confirmed official posting","career_page=https://careers.point72.com/ | company_wrapper=https://careers.point72.com/job?gh_jid=7297666002 | internship timing not stated in title | Job Description We are seeking a small number of highly talented interns to assist in the development, optimization, and monitoring of our production trading platform and research infrastructure. Interns will work on small, highly collaborative teams. Desirable Candidates Undergraduate or graduate candidates in computer science or engineering Significant experience in Python, C++, C, or Java Serious interest in systems programming (e.g. Linux kernel development, compilers, embedded systems, networking, file systems, debuggers) In-depth understanding of how userland programs run on Linux and interact with the kernel Some basic knowledge of Git, databases (e.g. MySQL), and web development frameworks is a plus Clear, concise, and proactive co..."
"Point72","Summer 2027 Quantitative Research Internship","New York","https://boards.greenhouse.io/point72/jobs/7297642002?gh_jid=7297642002","Career page Greenhouse:point72","Confirmed official posting","career_page=https://careers.point72.com/ | company_wrapper=https://careers.point72.com/job?gh_jid=7297642002 | internship timing: Summer 2027 | Please send CVs to KEPL-talent@cubistsystematic.com with “202 7 QR Summer Internship Application” in the subject line. When your application is received, we will consider you for all similar positions at Cubist. About Our Firm: Cubist Systematic Strategies, an affiliate of Point72, deploys systematic, computer-driven trading strategies across multiple liquid asset classes, including equities, futures and foreign exchange. The core of our effort is rigorous research into a wide range of market anomalies, fueled by our unparalleled access to a wide range of publicly available data sources. About Our Team: KEPL is a fast-growing team at Cubist Systematic Strategies. We specialize in trading medium-frequency statistical arbitrage strategies with high..."
"Radix Trading","Quantitative Technologist (C++ Intern)","Chicago","https://job-boards.greenhouse.io/radixuniversity/jobs/8500265002","Career page Greenhouse:radixuniversity","Confirmed official posting","career_page=https://job-boards.greenhouse.io/radixuniversity | company_wrapper=https://job-boards.greenhouse.io/job?gh_jid=8500265002 | internship timing not stated in title | Please only apply to one of our Job Postings. At the bottom of the application questions below you'll have the option to indicate if there are any other roles here at Radix that you might be interested in. Please do not submit multiple applications for different positions. As a C++ Quantitative Technologist Intern, you'll gain experience working on live trading systems, research infrastructure, and alpha generation through technology innovation. We leverage cutting-edge software and hardware (mostly with modern C++) to push production level code daily and evolve fully-automated strategies, alpha generation processes, live trading systems, and machine learning research and simulation infrastructure used to analyze p..."
"Schonfeld","2026 Operational Risk Internship","São Paulo, Brazil","https://job-boards.greenhouse.io/schonfeld/jobs/8044346","Career page Greenhouse:schonfeld","Confirmed official posting","career_page=https://job-boards.greenhouse.io/schonfeld?error=true | company_wrapper=https://job-boards.greenhouse.io/job?gh_jid=8044346 | internship timing not stated in title | The Role We are seeking a technically minded, analytically driven intern to join our Operations division, sitting within the Operational Risk team at Schonfeld, based in our São Paulo office. You’ll work directly with Operations senior management and across peer groups in all areas, while being immersed in the culture and atmosphere of Schonfeld — working alongside talented professionals on high-profile projects. Ops Risk sits at the core of Schonfeld’s control architecture — driving the governance, ownership, and scalability initiatives that underpin a sustainable operating model, built to serve all teams and designed to evolve as the firm grows. Every member of the Operations team plays a critical role in execu..."
"Schonfeld","Quantitative Research / Developer - Intern","Hong Kong, Hong Kong","https://job-boards.greenhouse.io/schonfeld/jobs/7185553","Career page Greenhouse:schonfeld","Confirmed official posting","career_page=https://job-boards.greenhouse.io/schonfeld?error=true | company_wrapper=https://job-boards.greenhouse.io/job?gh_jid=7185553 | internship timing not stated in title | The Role We are looking for a hands-on STRAT / forward-deployed engineer to embed with our multi strategy business. The candidate will sit on the trading floor, shipping full-stack tools that power research, risk, and execution across strategies such as index rebalance, delta-1 and long/short equities. The role will be based in our Hong Kong office. What you’ll do Automate PM/analyst processes— alpha signals, portfolio construction, real-time risk, P&L, scenario and stress analytics. Help build out our proprietary research, portfolio construction and risk management platform. Build end-to-end products: data ingestion, micro-service back-ends, and lightweight front-ends for visualization and workflow. Own SDLC: re..."
"Squarepoint Capital","Intern Quant Researcher","London, Paris, New York, Singapore, Hong Kong","https://www.squarepoint-capital.com/open-opportunities?id=243853&gh_jid=243853","Greenhouse:squarepointcapital","Confirmed official posting","internship timing not stated in title"
"Squarepoint Capital","Intern Software Developer - Singapore - 2027","Singapore ","https://www.squarepoint-capital.com/open-opportunities?id=6201998&gh_jid=6201998","Greenhouse:squarepointcapital","Confirmed official posting","internship timing not stated in title; undergrad/BS/MS language found"
"Stevens Capital Management","Developer Internship","Radnor, PA","https://job-boards.greenhouse.io/scm/jobs/721888","Career page Greenhouse:scm","Confirmed official posting","career_page=https://www.scm-lp.com/careers/ | company_wrapper=https://www.scm-lp.com/careers/job?gh_jid=721888 | internship timing not stated in title | SCM is committed to a workplace that values and promotes diversity, inclusion and equal employment opportunity by ensuring that all employees are valued, heard, engaged and involved at work and have full opportunities to collaborate, contribute and grow professionally. We're seeking highly motivated students who possess strong technical skills and the ability to work in a fast-paced collaborative environment. Primary Responsibilities: Develop new software and enhance existing systems. Create tools to process, store and analyze quote, trade and financial data. Work closely with our traders, quantitative research analysts, implementation programmers and other groups to provide software solutions. Requirements: Pursuing an undergraduate or ..."
"Stevens Capital Management","Quantitative Research Analyst Internship","Radnor, PA","https://job-boards.greenhouse.io/scm/jobs/721895","Career page Greenhouse:scm","Confirmed official posting","career_page=https://www.scm-lp.com/careers/ | company_wrapper=https://www.scm-lp.com/careers/job?gh_jid=721895 | internship timing not stated in title | SCM is committed to a workplace that values and promotes diversity, inclusion and equal employment opportunity by ensuring that all employees are valued, heard, engaged and involved at work and have full opportunities to collaborate, contribute and grow professionally. We're seeking exceptionally motivated students with a strong interest in the financial markets to contribute to our empirical research process. The range of research ideas to investigate is open-ended and will depend on a candidate's background and strengths. Opportunities, including full-time summer internships and part-time work throughout the school year, are available for qualified students at each of the undergraduate, masters and PhD levels. Primary Responsibilities:..."
"Synchrony","BLP Intern - Credit","Stamford Hub","https://synchronyfinancial.wd5.myworkdayjobs.com/University/job/Stamford-Hub/BLP-Intern---Credit_2601687","Career page Workday:synchronyfinancial/University","Confirmed official posting","career_page=https://synchronyfinancial.wd5.myworkdayjobs.com/University | Posted 30+ Days Ago | 2601687"
"Synchrony","BLP Intern - Finance","Stamford Hub","https://synchronyfinancial.wd5.myworkdayjobs.com/University/job/Stamford-Hub/BLP-Intern---Finance_2601689","Career page Workday:synchronyfinancial/University","Confirmed official posting","career_page=https://synchronyfinancial.wd5.myworkdayjobs.com/University | Posted 30+ Days Ago | 2601689"
"Synchrony","BLP Intern – Data Analytics","Stamford Hub","https://synchronyfinancial.wd5.myworkdayjobs.com/University/job/Stamford-Hub/BLP-Intern---Data-Analytics_2601688","Career page Workday:synchronyfinancial/University","Confirmed official posting","career_page=https://synchronyfinancial.wd5.myworkdayjobs.com/University | Posted 30+ Days Ago | 2601688"
"Synchrony","BLP Intern – Risk","Stamford Hub","https://synchronyfinancial.wd5.myworkdayjobs.com/University/job/Stamford-Hub/BLP-Intern---Risk_2601693","Career page Workday:synchronyfinancial/University","Confirmed official posting","career_page=https://synchronyfinancial.wd5.myworkdayjobs.com/University | Posted 30+ Days Ago | 2601693"
"Synchrony","BLP Intern – Technology","Stamford Hub","https://synchronyfinancial.wd5.myworkdayjobs.com/University/job/Stamford-Hub/BLP-Intern---Technology_2601695-1","Career page Workday:synchronyfinancial/University","Confirmed official posting","career_page=https://synchronyfinancial.wd5.myworkdayjobs.com/University | Posted 30+ Days Ago | 2601695"
"Tower Research Capital","Junior Execution Trader Intern","Gift City","https://www.tower-research.com/open-positions/?gh_jid=8091833","Career page Greenhouse:towerresearchcapital","Confirmed official posting","career_page=https://tower-research.com/open-positions/ | company_wrapper=https://tower-research.com/open-positions/job?gh_jid=8091833 | internship timing not stated in title | Tower Research Capital is a leading quantitative trading firm founded in 1998. Tower has built its business on a high-performance platform and independent trading teams. We have a 25+ year track record of innovation and a reputation for discovering unique market opportunities. Tower is home to some of the world’s best systematic trading and engineering talent. We empower portfolio managers to build their teams and strategies independently while providing the economies of scale that come from a large, global organization. Engineers thrive at Tower while developing electronic trading infrastructure at a world class level. Our engineers solve challenging problems in the realms of low-latency programming, FPGA technolo..."
"Tower Research Capital","Quantitative Developer Intern - Summer 2027","New York, Chicago","https://www.tower-research.com/open-positions/?gh_jid=8044334","Career page Greenhouse:towerresearchcapital","Confirmed official posting","career_page=https://tower-research.com/open-positions/ | company_wrapper=https://tower-research.com/open-positions/job?gh_jid=8044334 | internship timing: Summer 2027 | Tower Research Capital is a leading quantitative trading firm founded in 1998. Tower has built its business on a high-performance platform and independent trading teams. We have a 25+ year track record of innovation and a reputation for discovering unique market opportunities. Tower is home to some of the world’s best systematic trading and engineering talent. We empower portfolio managers to build their teams and strategies independently while providing the economies of scale that come from a large, global organization. Engineers thrive at Tower while developing electronic trading infrastructure at a world class level. Our engineers solve challenging problems in the realms of low-latency programming, FPGA technology, har..."
"Tower Research Capital","Quantitative Trader Intern - Summer 2027","New York, Chicago","https://www.tower-research.com/open-positions/?gh_jid=8024128","Career page Greenhouse:towerresearchcapital","Confirmed official posting","career_page=https://tower-research.com/open-positions/ | company_wrapper=https://tower-research.com/open-positions/job?gh_jid=8024128 | internship timing: Summer 2027 | Tower Research Capital is a leading quantitative trading firm founded in 1998. Tower has built its business on a high-performance platform and independent trading teams. We have a 25+ year track record of innovation and a reputation for discovering unique market opportunities. Tower is home to some of the world’s best systematic trading and engineering talent. We empower portfolio managers to build their teams and strategies independently while providing the economies of scale that come from a large, global organization. Engineers thrive at Tower while developing electronic trading infrastructure at a world class level. Our engineers solve challenging problems in the realms of low-latency programming, FPGA technology, har..."
"Tower Research Capital","Risk Intern - 6 Month Internship Opportunity","Singapore","https://www.tower-research.com/open-positions/?gh_jid=7789933","Career page Greenhouse:towerresearchcapital","Confirmed official posting","career_page=https://tower-research.com/open-positions/ | company_wrapper=https://tower-research.com/open-positions/job?gh_jid=7789933 | internship timing not stated in title | Tower Research Capital is a leading quantitative trading firm founded in 1998. Tower has built its business on a high-performance platform and independent trading teams. We have a 25+ year track record of innovation and a reputation for discovering unique market opportunities. Tower is home to some of the world’s best systematic trading and engineering talent. We empower portfolio managers to build their teams and strategies independently while providing the economies of scale that come from a large, global organization. Engineers thrive at Tower while developing electronic trading infrastructure at a world class level. Our engineers solve challenging problems in the realms of low-latency programming, FPGA technolo..."
"TransMarket Group","Algorithmic Trader Intern","Chicago, Illinois, United States","https://job-boards.greenhouse.io/transmarketgroup/jobs/5151581007?gh_jid=5151581007","Career page Greenhouse:transmarketgroup","Confirmed official posting","career_page=https://www.transmarketgroup.com/careers | company_wrapper=https://www.transmarketgroup.com/job?gh_jid=5151581007 | internship timing not stated in title; graduation eligibility mentions: 2027, 2028 | Who We Are Founded in 1980 as Aardvark Financial, TransMarket Group (TMG) is a privately held global markets proprietary trading firm in Chicago. We use next-generation technology to capture opportunities around the world and manage risk in financial markets. Our mission is to bless others through the services we provide and through the generous stewardship of the wealth we create. TMG is a well-established and profitable business as a respected member of the global financial system for over 40 years, but also is like a startup because the potential of our group is at least one order of magnitude greater than what we are currently producing. We have an entrepreneurial culture an..."
"TransMarket Group","DevOps/SRE Intern","Chicago, Illinois, United States","https://job-boards.greenhouse.io/transmarketgroup/jobs/5151577007?gh_jid=5151577007","Career page Greenhouse:transmarketgroup","Confirmed official posting","career_page=https://www.transmarketgroup.com/careers | company_wrapper=https://www.transmarketgroup.com/job?gh_jid=5151577007 | internship timing not stated in title | Who We Are Founded in 1980 as Aardvark Financial, TransMarket Group (TMG) is a privately held global markets proprietary trading firm in Chicago. We use next-generation technology to capture opportunities around the world and manage risk in financial markets. Our mission is to bless others through the services we provide and through the generous stewardship of the wealth we create. TMG is a well-established and profitable business as a respected member of the global financial system for over 40 years, but also is like a startup because the potential of our group is at least one order of magnitude greater than what we are currently producing. We have an entrepreneurial culture and collaboratively develop our business with p..."
"TransMarket Group","Quantitative Trader Intern","Chicago, Illinois, United States","https://job-boards.greenhouse.io/transmarketgroup/jobs/5151569007?gh_jid=5151569007","Career page Greenhouse:transmarketgroup","Confirmed official posting","career_page=https://www.transmarketgroup.com/careers | company_wrapper=https://www.transmarketgroup.com/job?gh_jid=5151569007 | internship timing not stated in title; graduation eligibility mentions: 2027, 2028 | Who We Are Founded in 1980 as Aardvark Financial, TransMarket Group (TMG) is a privately held global markets proprietary trading firm in Chicago. We use next-generation technology to capture opportunities around the world and manage risk in financial markets. Our mission is to bless others through the services we provide and through the generous stewardship of the wealth we create. TMG is a well-established and profitable business as a respected member of the global financial system for over 40 years, but also is like a startup because the potential of our group is at least one order of magnitude greater than what we are currently producing. We have an entrepreneurial culture an..."
"Trillium","Summer 2027 Equity Trader Internship","Miami","https://www.trlm.com/apply/5076067007?gh_jid=5076067007","Career page Greenhouse:trillium","Confirmed official posting","career_page=https://www.trlm.com/careers-trader/ | company_wrapper=https://www.trlm.com/careers-trader/job?gh_jid=5076067007 | internship timing: Summer 2027; graduation eligibility mentions: 2028 | Trillium is a leading proprietary trading firm active in US Equities, US Options, Canadian Equities, and OTC Equities. With trading technology built, tested, and optimized in-house, our engineers and technologists collaborate with our traders to deliver tools and functionality designed to support their needs. Our passion for the markets and our drive to succeed have propelled our track record of growth and profitability for over 20 years. At Trillium, we are a team of problem solvers and independent thinkers dedicated to seizing market opportunities. We are headquartered in New York City, with additional trading floors in Chicago and Miami. To learn more about Trillium, visit www.trlm.com *Th..."
"Trillium","Summer 2027 Equity Trader Internship","NYC","https://www.trlm.com/apply/5076003007?gh_jid=5076003007","Career page Greenhouse:trillium","Confirmed official posting","career_page=https://www.trlm.com/careers-trader/ | company_wrapper=https://www.trlm.com/careers-trader/job?gh_jid=5076003007 | internship timing: Summer 2027; graduation eligibility mentions: 2028 | Trillium is a leading proprietary trading firm active in US Equities, US Options, Canadian Equities, and OTC Equities. With trading technology built, tested, and optimized in-house, our engineers and technologists collaborate with our traders to deliver tools and functionality designed to support their needs. Our passion for the markets and our drive to succeed have propelled our track record of growth and profitability for over 20 years. At Trillium, we are a team of problem solvers and independent thinkers dedicated to seizing market opportunities. We are headquartered in New York City, with additional trading floors in Chicago and Miami. To learn more about Trillium, visit www.trlm.com *Th..."
"Trillium","Summer 2027 Equity Trader Internship","Chicago","https://www.trlm.com/apply/5076017007?gh_jid=5076017007","Career page Greenhouse:trillium","Confirmed official posting","career_page=https://www.trlm.com/careers-trader/ | company_wrapper=https://www.trlm.com/careers-trader/job?gh_jid=5076017007 | internship timing: Summer 2027; graduation eligibility mentions: 2028 | Trillium is a leading proprietary trading firm active in US Equities, US Options, Canadian Equities, and OTC Equities. With trading technology built, tested, and optimized in-house, our engineers and technologists collaborate with our traders to deliver tools and functionality designed to support their needs. Our passion for the markets and our drive to succeed have propelled our track record of growth and profitability for over 20 years. At Trillium, we are a team of problem solvers and independent thinkers dedicated to seizing market opportunities. We are headquartered in New York City, with additional trading floors in Chicago and Miami. To learn more about Trillium, visit www.trlm.com *Th..."
"Vatic Investments","AI Research Internship (UAE)","Abu Dhabi","https://job-boards.greenhouse.io/vaticlabs/jobs/7268318","Career page Greenhouse:vaticlabs","Confirmed official posting","career_page=https://www.vaticlabs.ai/careers/ | company_wrapper=https://www.vaticlabs.ai/careers/job?gh_jid=7268318 | internship timing not stated in title | Vatic Labs is a quantitative trading firm in New York and Abu Dhabi. Our traders, AI researchers, and technologists collaborate to develop autonomous trading agents and cutting edge technology. As an AI Research Intern at Vatic Labs, you will contribute to the research and development of fully autonomous trading agents with some of the brightest researchers, traders, and technologists in the world. As a part of your internship at Vatic Labs, you will explore vast amounts of market data, research different AI approaches, apply cutting edge machine learning algorithms and statistical approaches to this data to discover and capitalize on trading opportunities. We are seeking researchers who have demonstrated the ability to generate imp..."
"Virtu Financial","2027 Internship - Frontend Engineer (UI)","New York","https://job-boards.greenhouse.io/virtu/jobs/8657500002","Career page Greenhouse:virtu","Confirmed official posting","career_page=https://www.virtu.com/careers/ | company_wrapper=https://www.virtu.com/careers/job?gh_jid=8657500002 | internship timing not stated in title | Virtu is an industry-leading financial technology firm that operates both proprietary trading and client-facing businesses in the global financial marketplace. Our cutting edge, proprietary technology is core to everything we do. We trade in over 35 countries, across 235 financial exchanges and over 25% of retail order flow in the US. is serviced by Virtu. Our team is a dedicated group of traders, quants and developers that are inspired by the unique and exciting challenges we solve every day. Our culture combines the creativity of a fast paced start up, with the stability of a disciplined financial services firm. We are a flat organization and encourage our people to innovate and lean on their teammates for support and collaboration. ..."
"Virtu Financial","2027 Internship - Quantitative Researcher (Master or PhD)","Dublin, Ireland","https://job-boards.greenhouse.io/virtu/jobs/8631180002","Career page Greenhouse:virtu","Confirmed official posting","career_page=https://www.virtu.com/careers/ | company_wrapper=https://www.virtu.com/careers/job?gh_jid=8631180002 | internship timing not stated in title | Virtu is an industry-leading financial technology firm that operates both proprietary trading and client-facing businesses in the global financial marketplace. Our cutting edge, proprietary technology is core to everything we do. We trade in over 35 countries, across 235 financial exchanges and over 25% of retail order flow in the US. is serviced by Virtu. Our team is a dedicated group of traders, quants and developers that are inspired by the unique and exciting challenges we solve every day. Our culture combines the creativity of a fast paced start up, with the stability of a disciplined financial services firm. We are a flat organization and encourage our people to innovate and lean on their teammates for support and collaboration. ..."
"Virtu Financial","2027 Internship - Quantitative Researcher (Undergrad)","New York","https://job-boards.greenhouse.io/virtu/jobs/8142539002","Career page Greenhouse:virtu","Confirmed official posting","career_page=https://www.virtu.com/careers/ | company_wrapper=https://www.virtu.com/careers/job?gh_jid=8142539002 | internship timing not stated in title | Virtu is an industry-leading financial technology firm that operates both proprietary trading and client-facing businesses in the global financial marketplace. Our cutting edge, proprietary technology is core to everything we do. We trade in over 35 countries, across 235 financial exchanges and over 25% of retail order flow in the US. is serviced by Virtu. Our team is a dedicated group of traders, quants and developers that are inspired by the unique and exciting challenges we solve every day. Our culture combines the creativity of a fast paced start up, with the stability of a disciplined financial services firm. We are a flat organization and encourage our people to innovate and lean on their teammates for support and collaboration. ..."
"Virtu Financial","2027 Internship - Quantitative Strategist","Singapore","https://job-boards.greenhouse.io/virtu/jobs/7617953002","Career page Greenhouse:virtu","Confirmed official posting","career_page=https://www.virtu.com/careers/ | company_wrapper=https://www.virtu.com/careers/job?gh_jid=7617953002 | internship timing not stated in title | Virtu is an industry-leading financial technology firm that operates both proprietary trading and client-facing businesses in the global financial marketplace. Our cutting edge, proprietary technology is core to everything we do. We trade in over 35 countries, across 235 financial exchanges and over 25% of retail order flow in the US. is serviced by Virtu. Our team is a dedicated group of traders, quants and developers that are inspired by the unique and exciting challenges we solve every day. Our culture combines the creativity of a fast paced start up, with the stability of a disciplined financial services firm. We are a flat organization and encourage our people to innovate and lean on their teammates for support and collaboration. ..."
"Virtu Financial","2027 Internship - Quantitative Trading","Singapore","https://job-boards.greenhouse.io/virtu/jobs/5208637002","Career page Greenhouse:virtu","Confirmed official posting","career_page=https://www.virtu.com/careers/ | company_wrapper=https://www.virtu.com/careers/job?gh_jid=5208637002 | internship timing not stated in title | Virtu is an industry-leading financial technology firm that operates both proprietary trading and client-facing businesses in the global financial marketplace. Our cutting edge, proprietary technology is core to everything we do. We trade in over 35 countries, across 235 financial exchanges and over 25% of retail order flow in the US. is serviced by Virtu Our team is a dedicated group of traders, quants and developers that are inspired by the unique and exciting challenges we solve every day. Our culture combines the creativity of a fast paced start up, with the stability of a disciplined financial services firm. We are a flat organization and encourage our people to innovate and lean on their teammates for support and collaboration. W..."
"Virtu Financial","2027 Internship - Quantitative Trading","Austin, TX; Chicago; New York","https://job-boards.greenhouse.io/virtu/jobs/8624408002","Career page Greenhouse:virtu","Confirmed official posting","career_page=https://www.virtu.com/careers/ | company_wrapper=https://www.virtu.com/careers/job?gh_jid=8624408002 | internship timing not stated in title | Virtu is an industry-leading financial technology firm that operates both proprietary trading and client-facing businesses in the global financial marketplace. Our cutting edge, proprietary technology is core to everything we do. We trade in over 35 countries, across 235 financial exchanges and over 25% of retail order flow in the US. is serviced by Virtu. Our team is a dedicated group of traders, quants and developers that are inspired by the unique and exciting challenges we solve every day. Our culture combines the creativity of a fast paced start up, with the stability of a disciplined financial services firm. We are a flat organization and encourage our people to innovate and lean on their teammates for support and collaboration. ..."
"Virtu Financial","2027 Internship - Quantitative Trading","Dublin, Ireland","https://job-boards.greenhouse.io/virtu/jobs/8547254002","Career page Greenhouse:virtu","Confirmed official posting","career_page=https://www.virtu.com/careers/ | company_wrapper=https://www.virtu.com/careers/job?gh_jid=8547254002 | internship timing not stated in title; graduation eligibility mentions: 2028 | Virtu is an industry-leading financial technology firm that operates both proprietary trading and client-facing businesses in the global financial marketplace. Our cutting edge, proprietary technology is core to everything we do. We trade in over 35 countries, across 235 financial exchanges and over 25% of retail order flow in the US is serviced by Virtu. Our team is a dedicated group of traders, quants and developers that are inspired by the unique and exciting challenges we solve every day. Our culture combines the creativity of a fast paced start up with the stability of a disciplined financial services firm. We are a flat organisation and encourage our people to innovate and lean on their team..."
"Virtu Financial","2027 Internship - Software Engineer","Dublin, Ireland","https://job-boards.greenhouse.io/virtu/jobs/8551566002","Career page Greenhouse:virtu","Confirmed official posting","career_page=https://www.virtu.com/careers/ | company_wrapper=https://www.virtu.com/careers/job?gh_jid=8551566002 | internship timing not stated in title; graduation eligibility mentions: 2028 | Virtu is an industry-leading financial technology firm that operates both proprietary trading and client-facing businesses in the global financial marketplace. Our cutting edge, proprietary technology is core to everything we do. We trade in over 35 countries, across 235 financial exchanges and over 25% of retail order flow in the US is serviced by Virtu. Our team is a dedicated group of traders, quants and developers that are inspired by the unique and exciting challenges we solve every day. Our culture combines the creativity of a fast paced start up with the stability of a disciplined financial services firm. We are a flat organisation and encourage our people to innovate and lean on their team..."
"Virtu Financial","2027 Internship - Software Engineer","Austin, TX; New York","https://job-boards.greenhouse.io/virtu/jobs/8624410002","Career page Greenhouse:virtu","Confirmed official posting","career_page=https://www.virtu.com/careers/ | company_wrapper=https://www.virtu.com/careers/job?gh_jid=8624410002 | internship timing not stated in title | Virtu is an industry-leading financial technology firm that operates both proprietary trading and client-facing businesses in the global financial marketplace. Our cutting edge, proprietary technology is core to everything we do. We trade in over 35 countries, across 235 financial exchanges and over 25% of retail order flow in the US. is serviced by Virtu. Our team is a dedicated group of traders, quants and developers that are inspired by the unique and exciting challenges we solve every day. Our culture combines the creativity of a fast paced start up, with the stability of a disciplined financial services firm. We are a flat organization and encourage our people to innovate and lean on their teammates for support and collaboration. ..."
"Virtu Financial","2027 Internship – Core Operations Engineer","Singapore","https://job-boards.greenhouse.io/virtu/jobs/6329460002","Career page Greenhouse:virtu","Confirmed official posting","career_page=https://www.virtu.com/careers/ | company_wrapper=https://www.virtu.com/careers/job?gh_jid=6329460002 | internship timing not stated in title | Virtu is an industry-leading financial technology firm that operates both proprietary trading and client-facing businesses in the global financial marketplace. Our cutting edge, proprietary technology is core to everything we do. We trade in over 35 countries, across 235 financial exchanges and over 25% of retail order flow in the US. is serviced by Virtu. Our team is a dedicated group of traders, quants and developers that are inspired by the unique and exciting challenges we solve every day. Our culture combines the creativity of a fast paced start up, with the stability of a disciplined financial services firm. We are a flat organization and encourage our people to innovate and lean on their teammates for support and collaboration. ..."
"Virtu Financial","2027 Internship – Software Engineer","Singapore","https://job-boards.greenhouse.io/virtu/jobs/5513756002","Career page Greenhouse:virtu","Confirmed official posting","career_page=https://www.virtu.com/careers/ | company_wrapper=https://www.virtu.com/careers/job?gh_jid=5513756002 | internship timing not stated in title | Virtu is an industry-leading financial technology firm that operates both proprietary trading and client-facing businesses in the global financial marketplace. Our cutting edge, proprietary technology is core to everything we do. We trade in over 35 countries, across 235 financial exchanges and over 25% of retail order flow in the US. is serviced by Virtu. Our team is a dedicated group of traders, quants and developers that are inspired by the unique and exciting challenges we solve every day. Our culture combines the creativity of a fast paced start up, with the stability of a disciplined financial services firm. We are a flat organization and encourage our people to innovate and lean on their teammates for support and collaboration. ..."
"Virtu Financial","2027 Internship- Hardware Engineer (FPGA)","Austin, TX","https://job-boards.greenhouse.io/virtu/jobs/8657286002","Career page Greenhouse:virtu","Confirmed official posting","career_page=https://www.virtu.com/careers/ | company_wrapper=https://www.virtu.com/careers/job?gh_jid=8657286002 | internship timing not stated in title | Virtu is an industry-leading financial technology firm that operates both proprietary trading and client-facing businesses in the global financial marketplace. Our cutting edge, proprietary technology is core to everything we do. We trade in over 35 countries, across 235 financial exchanges and over 25% of retail order flow in the US. is serviced by Virtu. Our team is a dedicated group of traders, quants and developers that are inspired by the unique and exciting challenges we solve every day. Our culture combines the creativity of a fast paced start up, with the stability of a disciplined financial services firm. We are a flat organization and encourage our people to innovate and lean on their teammates for support and collaboration. ..."
"Voloridge","Quantitative Developer Intern 2027","Jupiter, FL","https://job-boards.greenhouse.io/voloridgeinvestmentmanagement/jobs/4224862009","Career page Greenhouse:voloridgeinvestmentmanagement","Confirmed official posting","career_page=https://job-boards.greenhouse.io/voloridgeinvestmentmanagement | company_wrapper=https://job-boards.greenhouse.io/job?gh_jid=4224862009 | internship timing not stated in title | Voloridge Investment Management was founded by David Vogel in 2009 and is based in Jupiter, FL. We incorporate advanced data science and mathematics into our systematic, market neutral investment strategies to exploit alpha opportunities we consider unique in financial markets. Our firm is comprised of award-winning predictive modelers, experienced data analysts, advanced technologists, and a group of dynamic business professionals. This role requires the independent application of advanced knowledge in computer science or equivalent field of study. The selected candidate will be expected to exercise discretion and independent judgment, contributing to the design, development, and analysis of large da..."
"Voloridge","Quantitative Research Intern 2027","Jupiter, FL","https://job-boards.greenhouse.io/voloridgeinvestmentmanagement/jobs/4226247009","Career page Greenhouse:voloridgeinvestmentmanagement","Confirmed official posting","career_page=https://job-boards.greenhouse.io/voloridgeinvestmentmanagement | company_wrapper=https://job-boards.greenhouse.io/job?gh_jid=4226247009 | internship timing not stated in title | Voloridge Investment Management was founded by David Vogel in 2009 and is based in Jupiter, FL. We incorporate advanced data science and mathematics into our systematic, market neutral investment strategies to exploit alpha opportunities we consider unique in financial markets. Our firm is comprised of award-winning predictive modelers, experienced data analysts, advanced technologists, and a group of dynamic business professionals. This role requires the independent application of advanced knowledge in math, statistics, physics or equivalent field of study. The selected candidate will be expected to exercise discretion and independent judgment, contributing to the design, development, and analysis of..."
"Walleye Capital","Equity Volatility Quant Researcher Intern (Summer 2027)","Miami, FL","https://job-boards.greenhouse.io/walleyecapital-external-students/jobs/4676334006","Career page Greenhouse:walleyecapital-external-students","Confirmed official posting","career_page=https://job-boards.greenhouse.io/walleyecapital-external-students | company_wrapper=https://job-boards.greenhouse.io/job?gh_jid=4676334006 | internship timing: Summer 2027; graduation eligibility mentions: 2027, 2028 | Position: Equity Volatility Quant Researcher Intern (Summer 2027) Location: Miami, FL Firm Overview: Walleye Capital is a ~$17 billion+ multi-strategy investment firm headquartered in New York City, with over 350 employees across five main offices. Founded in 2005 as an options market maker, we have organically grown into a global investment firm specializing in Fundamental Equities, Quant, and Volatility strategies. At Walleye, we continuously innovate by focusing on three core principles: approach, platform, and people. Our approach is to allocate risk capital where we believe there is not only a compelling opportunity, but also a clear ability to define our ..."
"Wells Fargo","2027 CIB Markets - Summer Internship, Early Careers","Charlotte, NC; Houston, TX; New York, NY; California posting also available","https://www.wellsfargojobs.com/en/university-programs/","Official early careers page","Official broad program; check currently open locations","Wells Fargo early careers page lists 2027 CIB Markets and other Summer 2027 internships."
"Wells Fargo","2027 Summer Internship, Early Careers - Corporate Banking","Charlotte, NC; New York, NY","https://www.wellsfargojobs.com/fr/jobs/r-512832/2027-summer-internship-early-careers-corporate-banking/","Official careers page","Confirmed official posting","Official Wells Fargo early careers posting for 2027 Corporate Banking summer analyst internship."
"Wells Fargo","2027 Summer Internship, Early Careers - Investment Banking (Houston)","Houston, TX","https://www.wellsfargojobs.com/fr-ca/jobs/r-507805/2027-summer-internship-early-careers-investment-banking-houston/","Official careers page","Confirmed official posting","Official Wells Fargo early careers posting for 2027 Investment Banking summer analyst internship."
"Wincent","Quantitative Research Internship - Quant Research/Trading - Starting Summer 2027","Bratislava","https://jobs.ashbyhq.com/wincent/984bf12c-8d80-431f-9789-04a9739cfc99","Ashby:wincent","Confirmed official posting","internship timing: Summer 2027; undergrad/BS/MS language found"
"WorldQuant","Data Science Intern","Beijing OR Shanghai","https://job-boards.greenhouse.io/worldquant/jobs/4069460006","Career page Greenhouse:worldquant","Confirmed official posting","career_page=https://job-boards.greenhouse.io/worldquant | company_wrapper=https://job-boards.greenhouse.io/job?gh_jid=4069460006 | internship timing not stated in title | WorldQuant develops and deploys systematic financial strategies across a broad range of asset classes and global markets. We seek to produce high-quality predictive signals (alphas) through our proprietary research platform to employ financial strategies focused on market inefficiencies. Our teams work collaboratively to drive the production of alphas and financial strategies – the foundation of a balanced, global investment platform. WorldQuant is built on a culture that pairs academic sensibility with accountability for results. Employees are encouraged to think openly about problems, balancing intellectualism and practicality. Excellent ideas come from anyone, anywhere. Employees are encouraged to challenge conventio..."
"WorldQuant","Quant Developer Intern","Singapore","https://job-boards.greenhouse.io/worldquant/jobs/4572988006","Greenhouse:worldquant","Confirmed official posting","internship timing not stated in title; undergrad/BS/MS language found"
"WorldQuant","Quantitative Research Intern","Beijing OR Shanghai","https://job-boards.greenhouse.io/worldquant/jobs/4084570006","Career page Greenhouse:worldquant","Confirmed official posting","career_page=https://job-boards.greenhouse.io/worldquant | company_wrapper=https://job-boards.greenhouse.io/job?gh_jid=4084570006 | internship timing not stated in title; graduation eligibility mentions: 2026, 2027 | WorldQuant develops and deploys systematic financial strategies across a broad range of asset classes and global markets. We seek to produce high-quality predictive signals (alphas) through our proprietary research platform to employ financial strategies focused on market inefficiencies. Our teams work collaboratively to drive the production of alphas and financial strategies – the foundation of a balanced, global investment platform. WorldQuant is built on a culture that pairs academic sensibility with accountability for results. Employees are encouraged to think openly about problems, balancing intellectualism and practicality. Excellent ideas come from anyone, anywhere. Em..."
"WorldQuant","Quantitative Research Intern","Singapore","https://job-boards.greenhouse.io/worldquant/jobs/4314066006","Career page Greenhouse:worldquant","Confirmed official posting","career_page=https://job-boards.greenhouse.io/worldquant | company_wrapper=https://job-boards.greenhouse.io/job?gh_jid=4314066006 | internship timing not stated in title | WorldQuant develops and deploys systematic financial strategies across a broad range of asset classes and global markets. We seek to produce high-quality predictive signals (alphas) through our proprietary research platform to employ financial strategies focused on market inefficiencies. Our teams work collaboratively to drive the production of alphas and financial strategies – the foundation of a balanced, global investment platform. WorldQuant is built on a culture that pairs academic sensibility with accountability for results. Employees are encouraged to think openly about problems, balancing intellectualism and practicality. Excellent ideas come from anyone, anywhere. Employees are encouraged to challenge conventio..."
"WorldQuant","Quantitative Research Intern (LLMs & AI Agents)","Hanoi or Ho Chi Minh City","https://job-boards.greenhouse.io/worldquant/jobs/4434997006","Career page Greenhouse:worldquant","Confirmed official posting","career_page=https://job-boards.greenhouse.io/worldquant | company_wrapper=https://job-boards.greenhouse.io/job?gh_jid=4434997006 | internship timing not stated in title | WorldQuant develops and deploys systematic financial strategies across a broad range of asset classes and global markets. We seek to produce high-quality predictive signals (alphas) through our proprietary research platform to employ financial strategies focused on market inefficiencies. Our teams work collaboratively to drive the production of alphas and financial strategies – the foundation of a balanced, global investment platform. WorldQuant is built on a culture that pairs academic sensibility with accountability for results. Employees are encouraged to think openly about problems, balancing intellectualism and practicality. Excellent ideas come from anyone, anywhere. Employees are encouraged to challenge conventio..."
"WorldQuant","Software Engineer Intern","Budapest","https://job-boards.greenhouse.io/worldquant/jobs/4655484006","Career page Greenhouse:worldquant","Confirmed official posting","career_page=https://job-boards.greenhouse.io/worldquant | company_wrapper=https://job-boards.greenhouse.io/job?gh_jid=4655484006 | internship timing not stated in title | WorldQuant develops and deploys systematic financial strategies across a broad range of asset classes and global markets. We seek to produce high-quality predictive signals (alphas) through our proprietary research platform to employ financial strategies focused on market inefficiencies. Our teams work collaboratively to drive the production of alphas and financial strategies – the foundation of a balanced, global investment platform. WorldQuant is built on a culture that pairs academic sensibility with accountability for results. Employees are encouraged to think openly about problems, balancing intellectualism and practicality. Excellent ideas come from anyone, anywhere. Employees are encouraged to challenge conventio..."
"WorldQuant","Software Engineer Intern","Hanoi","https://job-boards.greenhouse.io/worldquant/jobs/4652485006","Career page Greenhouse:worldquant","Confirmed official posting","career_page=https://job-boards.greenhouse.io/worldquant | company_wrapper=https://job-boards.greenhouse.io/job?gh_jid=4652485006 | internship timing not stated in title | WorldQuant develops and deploys systematic financial strategies across a broad range of asset classes and global markets. We seek to produce high-quality predictive signals (alphas) through our proprietary research platform to employ financial strategies focused on market inefficiencies. Our teams work collaboratively to drive the production of alphas and financial strategies – the foundation of a balanced, global investment platform. WorldQuant is built on a culture that pairs academic sensibility with accountability for results. Employees are encouraged to think openly about problems, balancing intellectualism and practicality. Excellent ideas come from anyone, anywhere. Employees are encouraged to challenge conventio..."
"XTX Markets","AI Research Internship - XTY Labs","New York","https://job-boards.greenhouse.io/xtxmarketstechnologies/jobs/6274458003","Career page Greenhouse:xtxmarketstechnologies","Confirmed official posting","career_page=https://www.xtxmarkets.com/careers/ | company_wrapper=https://www.xtxmarkets.com/careers/job?gh_jid=6274458003 | internship timing not stated in title | The Firm XTX Markets is a leading algorithmic trading firm which uses state-of-the-art machine learning technology to produce price forecasts for over 50,000 financial instruments across equities, fixed income, currencies, commodities and crypto. It uses those forecasts to trade on exchanges and alternative trading venues, and to offer differentiated liquidity directly to clients worldwide. The firm trades over $250bn a day across 35 countries and has over 250 employees based in London, New York, Singapore, Paris, Bristol, Mumbai, Yerevan and Kajaani. We leverage the talent of the people who work here, modern computational techniques and state-of-the-art research infrastructure to analyse large data sets across markets quickl..."