"Company","Title","Location","URL","Source","Status","Notes","ApplicationStatus","Confidence","TrackerFirstSeenBasis"
"AQR Capital Management","2027 Engineering Summer Analyst","Greenwich, CT","https://www.dice.com/job-detail/11fc0876-bd30-4755-add9-f93c4c21522f","Web-discovered posting/lead","Aggregator/web lead; verify on official site","AQR enterprise engineering summer analyst lead; verify on AQR careers for the exact team and application form.","","Official program/page","First seen by local tracker in scans run from 2026-06-30 onward; not guaranteed to be the employer posting date."
"AQR Capital Management","2027 Portfolio Implementation, Trading and Portfolio Finance Summer Analyst","Greenwich, CT","https://www.efinancialcareers.com/jobs-United_States-Greenwich-2027_Portfolio_Implementation_Trading_and_Portfolio_Finance_Summer_Analyst.id24267490","Web-discovered posting/lead","Aggregator/web lead; verify on official site","AQR team owns construction, optimization, management, trade execution, and financing of systematic portfolios; listing says summer analyst role includes portfolio construction, implementation research, model research, and analytics.","","Official program/page","First seen by local tracker in scans run from 2026-06-30 onward; not guaranteed to be the employer posting date."
"AQR Capital Management","2027 Research Product Specialist Summer Analyst","Greenwich, CT","https://www.efinancialcareers.com/jobs-United_States-Greenwich-2027_Research_Product_Specialist_Summer_Analyst.id24267379","Web-discovered posting/lead","Aggregator/web lead; verify on official site","Separate from AQR's Research internship; still research/product/quant-adjacent.","","Official program/page","First seen by local tracker in scans run from 2026-06-30 onward; not guaranteed to be the employer posting date."
"AQR Capital Management","2027 Research Summer Analyst","Greenwich, CT","https://www.efinancialcareers.com/jobs-USA-CT-Greenwich-2027_Research_Summer_Analyst.id24267297","Web-discovered posting/lead","Aggregator/web lead; verify on official site","eFinancialCareers listing says AQR is looking for undergraduates to join as Summer Research Analysts.","","Official program/page","First seen by local tracker in scans run from 2026-06-30 onward; not guaranteed to be the employer posting date."
"AQR Capital Management","2027 Risk Summer Analyst","Greenwich, CT","https://www.efinancialcareers.com/jobs-United_States-Greenwich-2027_Risk_Summer_Analyst.id24267213","Web-discovered posting/lead","Aggregator/web lead; verify on official site","Quant/risk-adjacent summer analyst role; listing mentions research/development of risk methodologies and quantitative investigations.","","Official program/page","First seen by local tracker in scans run from 2026-06-30 onward; not guaranteed to be the employer posting date."
"AQR Capital Management","AQR internship program page","Greenwich / other AQR offices","https://www.aqr.com/about-us/our-internship-program","Official internship page","Official program page; roles/application timing should be checked on careers.aqr.com","AQR says internship applications for the coming summer are live on its careers page beginning June 30 to mid-August; summer interns frequently join Research and Portfolio Management plus Portfolio Implementation, Trading, and Portfolio Finance.","","Official program/page","First seen by local tracker in scans run from 2026-06-30 onward; not guaranteed to be the employer posting date."
"Aquatic Capital","Quantitative Researcher, Intern (Summer 2027)","Chicago; London","https://job-boards.greenhouse.io/aquaticcapitalmanagement/jobs/8489186002","Career page Greenhouse:aquaticcapitalmanagement","Confirmed official posting","career_page=https://job-boards.greenhouse.io/aquaticcapitalmanagement | company_wrapper=https://job-boards.greenhouse.io/job?gh_jid=8489186002 | internship timing: Summer 2027; graduation eligibility mentions: 2027, 2028 | Aquatic was founded with a shared passion for tackling some of the most complex challenges in one of the world’s most competitive arenas—global financial markets. From the very beginning, we have been driven by a deep commitment to applying cutting-edge scientific research and technological innovation to deliver unparalleled performance. Our journey is one of continuous growth and exploration, marked by a spirit of curiosity and relentless drive for excellence. As a Quantitative Research Intern, you will collaborate closely with a team to develop and implement quantitative trading signals, models, and strategies. Our role offers the opportunity to design, implement, an...","","Confirmed official posting","First seen by local tracker in scans run from 2026-06-30 onward; not guaranteed to be the employer posting date."
"Aquatic Capital","Software Engineer, Intern (Summer 2027)","Chicago","https://job-boards.greenhouse.io/aquaticcapitalmanagement/jobs/8489233002","Career page Greenhouse:aquaticcapitalmanagement","Confirmed official posting","career_page=https://job-boards.greenhouse.io/aquaticcapitalmanagement | company_wrapper=https://job-boards.greenhouse.io/job?gh_jid=8489233002 | internship timing: Summer 2027; graduation eligibility mentions: 2027, 2028 | Aquatic was founded with a shared passion for tackling some of the most complex challenges in one of the world’s most competitive arenas—global financial markets. From the very beginning, we have been driven by a deep commitment to applying cutting-edge scientific research and technological innovation to deliver unparalleled performance. Our journey is one of continuous growth and exploration, marked by a spirit of curiosity and relentless drive for excellence. As a Software Engineering Intern at Aquatic, you will join a fast-moving team building high-performance, distributed systems that power our research and trading infrastructure. You’ll work closely with experienc...","","Confirmed official posting","First seen by local tracker in scans run from 2026-06-30 onward; not guaranteed to be the employer posting date."
"AXQ Capital","Quantitative Research Intern","New York","https://job-boards.greenhouse.io/axq/jobs/5575450004","Career page Greenhouse:axq","Confirmed official posting","career_page=https://job-boards.greenhouse.io/axq | company_wrapper=https://job-boards.greenhouse.io/job?gh_jid=5575450004 | internship timing not stated in title | About Us AXQ Capital is a global quantitative investment firm with offices in New York, Beijing, Shanghai, and Hong Kong . We pursue consistent alpha through rigorous scientific research and sustained investment in technology and data infrastructure. Our strategies are deployed across global markets, spanning multiple geographies, asset classes, and trading horizons. Job Duties Work under the guidance of experienced quantitative portfolio managers and researchers to develop and refine quantitative trading strategies Apply tools from probability, statistics, and machine learning to explore market patterns and edge Support cutting-edge research projects and alpha-generation initiatives Collect, clean, and analyze data; help main...","","Confirmed official posting","First seen by local tracker in scans run from 2026-06-30 onward; not guaranteed to be the employer posting date."
"Bank of America","Corporate Audit Summer 2027 Analyst","Charlotte, NC; Dallas, TX; Pennington, NJ; additional locations","https://careers.bankofamerica.com/en-us/students/job-detail/14335/corporate-audit-summer-2027-analyst-multiple-locations","Official careers page","Confirmed official posting","Official Bank of America student posting; 10-week Corporate Audit Summer Analyst Program.","","Confirmed official posting","First seen by local tracker in scans run from 2026-06-30 onward; not guaranteed to be the employer posting date."
"Bank of America","Global Risk Summer 2027 Analyst","Charlotte, NC; New York; additional locations","https://careers.bankofamerica.com/en-us/students/job-detail/14334/-global-risk-summer-2027-analyst-multiple-locations","Official careers page","Confirmed official posting","Official Bank of America student posting; 10-week Global Risk Development Summer Analyst Program.","","Confirmed official posting","First seen by local tracker in scans run from 2026-06-30 onward; not guaranteed to be the employer posting date."
"BlackRock","2027 Summer Internship Program - AMERS","Multiple Americas offices","https://careers.blackrock.com/job/new-york/2027-summer-internship-program-amers/45831/90628276544","Official careers page","Official broad program; select quant-relevant functions in application","Official page says applications are open and candidates can apply to functions such as Investment Research and Analytics & Modeling.","","Official program/page","First seen by local tracker in scans run from 2026-06-30 onward; not guaranteed to be the employer posting date."
"Blackstone","Summer Internship Program","Varies by group/location","https://www.blackstone.com/careers/students/","Official internship page","Official program page; check open positions","Official Blackstone students page describes Summer Analyst and Associate internship timelines and applications.","","Official program/page","First seen by local tracker in scans run from 2026-06-30 onward; not guaranteed to be the employer posting date."
"Citadel","Quantitative Research Analyst Intern - BS/MS (Asia)","Hong Kong, Singapore","https://www.citadel.com/careers/details/quantitative-research-analyst-intern-bs-ms-asia/","Official careers page","Confirmed official posting","internship timing not stated in title; undergrad/BS/MS language found","","Confirmed official posting","First seen by local tracker in scans run from 2026-06-30 onward; not guaranteed to be the employer posting date."
"Citadel","Quantitative Research Analyst Intern - BS/MS (Europe)","London, Paris, Zurich","https://www.citadel.com/careers/details/quantitative-research-analyst-intern-bs-ms-europe/","Official careers page","Confirmed official posting","internship timing not stated in title; undergrad/BS/MS language found","","Confirmed official posting","First seen by local tracker in scans run from 2026-06-30 onward; not guaranteed to be the employer posting date."
"Citadel","Quantitative Research Analyst Intern - BS/MS (US)","Greenwich, Miami, New York","https://www.citadel.com/careers/details/quantitative-research-analyst-intern-bs-ms-us/","Official careers page","Confirmed official posting","internship timing not stated in title; undergrad/BS/MS language found","","Confirmed official posting","First seen by local tracker in scans run from 2026-06-30 onward; not guaranteed to be the employer posting date."
"Citadel","Software Engineer - Intern (Asia)","Singapore","https://www.citadel.com/careers/details/software-engineer-intern-asia/","Official careers page","Confirmed official posting","internship timing not stated in title; undergrad/BS/MS language found","","Confirmed official posting","First seen by local tracker in scans run from 2026-06-30 onward; not guaranteed to be the employer posting date."
"Citadel","Software Engineer - Intern (Australia)","Brisbane","https://www.citadel.com/careers/details/software-engineer-intern-australia/","Official careers page","Confirmed official posting","internship timing not stated in title; undergrad/BS/MS language found","","Confirmed official posting","First seen by local tracker in scans run from 2026-06-30 onward; not guaranteed to be the employer posting date."
"Citadel","Software Engineer - Intern (Europe)","London","https://www.citadel.com/careers/details/software-engineer-intern-europe/","Official careers page","Confirmed official posting","internship timing not stated in title","","Confirmed official posting","First seen by local tracker in scans run from 2026-06-30 onward; not guaranteed to be the employer posting date."
"Citadel Securities","FPGA Engineer - Intern (Australia)","Sydney","https://www.citadelsecurities.com/careers/details/fpga-engineer-intern-australia/","Official careers page","Confirmed official posting","internship timing not stated in title; undergrad/BS/MS language found","","Confirmed official posting","First seen by local tracker in scans run from 2026-06-30 onward; not guaranteed to be the employer posting date."
"Citadel Securities","Quantitative Research Analyst Intern - BS/MS (Asia)","Hong Kong, Singapore","https://www.citadelsecurities.com/careers/details/quantitative-research-analyst-intern-bs-ms-asia/","Official careers page","Confirmed official posting","internship timing not stated in title; undergrad/BS/MS language found","","Confirmed official posting","First seen by local tracker in scans run from 2026-06-30 onward; not guaranteed to be the employer posting date."
"Citadel Securities","Quantitative Research Analyst Intern - BS/MS (Australia)","Sydney","https://www.citadelsecurities.com/careers/details/quantitative-research-analyst-intern-bs-ms-australia/","Official careers page","Confirmed official posting","internship timing not stated in title; undergrad/BS/MS language found","","Confirmed official posting","First seen by local tracker in scans run from 2026-06-30 onward; not guaranteed to be the employer posting date."
"Citadel Securities","Quantitative Research Analyst Intern - BS/MS (Europe)","London, Paris, Zurich","https://www.citadelsecurities.com/careers/details/quantitative-research-analyst-intern-bs-ms-europe/","Official careers page","Confirmed official posting","internship timing not stated in title; undergrad/BS/MS language found","","Confirmed official posting","First seen by local tracker in scans run from 2026-06-30 onward; not guaranteed to be the employer posting date."
"Citadel Securities","Quantitative Research Analyst Intern - BS/MS (US)","Miami, New York","https://www.citadelsecurities.com/careers/details/quantitative-research-analyst-intern-bs-ms-us/","Official careers page","Confirmed official posting","internship timing not stated in title; undergrad/BS/MS language found","","Confirmed official posting","First seen by local tracker in scans run from 2026-06-30 onward; not guaranteed to be the employer posting date."
"Citadel Securities","Quantitative Trading - Intern (Australia)","Sydney","https://www.citadelsecurities.com/careers/details/quantitative-trading-intern-australia/","Official careers page","Confirmed official posting","internship timing not stated in title","","Confirmed official posting","First seen by local tracker in scans run from 2026-06-30 onward; not guaranteed to be the employer posting date."
"Citadel Securities","Software Engineer - Intern (Asia)","Hong Kong, Singapore","https://www.citadelsecurities.com/careers/details/software-engineer-intern-asia/","Official careers page","Confirmed official posting","internship timing not stated in title; undergrad/BS/MS language found","","Confirmed official posting","First seen by local tracker in scans run from 2026-06-30 onward; not guaranteed to be the employer posting date."
"Citadel Securities","Software Engineer - Intern (Australia)","Sydney","https://www.citadelsecurities.com/careers/details/software-engineer-intern-australia/","Official careers page","Confirmed official posting","internship timing not stated in title; undergrad/BS/MS language found","","Confirmed official posting","First seen by local tracker in scans run from 2026-06-30 onward; not guaranteed to be the employer posting date."
"Citadel Securities","Software Engineer - Intern (Europe)","London","https://www.citadelsecurities.com/careers/details/software-engineer-intern-europe/","Official careers page","Confirmed official posting","internship timing not stated in title; undergrad/BS/MS language found","","Confirmed official posting","First seen by local tracker in scans run from 2026-06-30 onward; not guaranteed to be the employer posting date."
"Citi","Markets - Sales and Trading, Summer Analyst, New York City - US, 2027","New York, NY","https://jobs.citi.com/job/new-york/markets-sales-and-trading-summer-analyst-new-york-city-us-2027/287/89809477504","Official careers page","Confirmed official posting","Official Citi careers page for 2027 Markets summer analyst role.","","Confirmed official posting","First seen by local tracker in scans run from 2026-06-30 onward; not guaranteed to be the employer posting date."
"Connor Clark & Lunn","Intern, Investment Analytics Engagement","Vancouver, British Columbia, Canada","https://job-boards.greenhouse.io/cclfg/jobs/4305727009","Career page Greenhouse:cclfg","Confirmed official posting","career_page=https://job-boards.greenhouse.io/cclfg | company_wrapper=https://job-boards.greenhouse.io/job?gh_jid=4305727009 | internship timing not stated in title | Interested in joining one of Canada’s top performing asset managers? CC&L Financial Group is looking for an Intern, Investment Analytics Engagement (“IAE”) to join our Investment Analytics Team for a 4-month term ( September - December 2026). A dynamic, fast-paced work environment where opportunities for learning and growth are abound . Collaborate with three distinct teams of open-minded and forwarding looking professionals in the Investment Analytics space. You will have the ability to experience first-hand how investment analytics adds value across the Asset Management value chain and make an impact at CC&L through your expertise and analysis in business management. What You Will Do You will have the opportunity to work o...","","Confirmed official posting","First seen by local tracker in scans run from 2026-06-30 onward; not guaranteed to be the employer posting date."
"Connor Clark & Lunn","Intern, Investment Data Management","Toronto, Ontario, Canada","https://job-boards.greenhouse.io/cclfg/jobs/4252160009","Career page Greenhouse:cclfg","Confirmed official posting","career_page=https://job-boards.greenhouse.io/cclfg | company_wrapper=https://job-boards.greenhouse.io/job?gh_jid=4252160009 | internship timing not stated in title | Our Toronto-based Investment Data Management team is seeking to hire an Intern for September to December 2026. The Investment Data Management Team (IDM) resides within the middle office and is responsible for managing data-centric processes and data quality that support the investment management business. Connor, Clark & Lunn Financial Group Ltd. (CCLFG) manages a wide range of global assets and heavily relies on the output of the team for a variety of functions from the front office to the back office. This is a fantastic opportunity to be part of a dynamic, strategic team whose scope and importance continue to grow enterprise wide. We place a high value on maintaining an entrepreneurial spirit and creating a culture where ...","","Confirmed official posting","First seen by local tracker in scans run from 2026-06-30 onward; not guaranteed to be the employer posting date."
"Connor Clark & Lunn","Intern, Portfolio Compliance","Gurugram, Haryana, India","https://job-boards.greenhouse.io/cclfg/jobs/4233121009","Career page Greenhouse:cclfg","Confirmed official posting","career_page=https://job-boards.greenhouse.io/cclfg | company_wrapper=https://job-boards.greenhouse.io/job?gh_jid=4233121009 | internship timing not stated in title | We are looking for an Intern to join our Portfolio Compliance Team at Connor, Clark & Lunn Financial Group in Gurugram, India. Compliance plays a critical role in the investment process and in this position, you will have the opportunity to work alongside our institutional portfolio managers and affiliate compliance officers. The role of compliance continues to evolve in complexity and importance. This is a fantastic opportunity to be part of a growing team whose scope and visibility continues to increase! What You Will Do: Using Charles River to monitor post-trade compliance rules across all asset classes and security types. These compliance rules are derived from client mandates, global regulations, industry best practices...","","Confirmed official posting","First seen by local tracker in scans run from 2026-06-30 onward; not guaranteed to be the employer posting date."
"Connor Clark & Lunn","Quantitative Equity Research, Intern","Vancouver, British Columbia, Canada","https://job-boards.greenhouse.io/cclim/jobs/4223842009","Career page Greenhouse:cclim","Confirmed official posting","career_page=https://job-boards.greenhouse.io/cclim | company_wrapper=https://job-boards.greenhouse.io/job?gh_jid=4223842009 | internship timing not stated in title | We are looking for a Quantitative Research Intern to join our fast-paced and entrepreneurial Quantitative Equity team for 4-8 months starting in September 2026 or January 2027 ! We are a high-performance team embedded in a top-performing quant fund that manages over $75 billion in financial assets. We combine leading edge quantitative research with state-of-the-art technology to develop our unique algorithmic investment strategies. A culture of innovation, growth and success through collaboration has enabled us to deliver top tier performance for over two decades. What You Will Do As an intern on the quantitative research team, you will help tackle a broad array of challenges at the Intersection of finance, data science, and...","","Confirmed official posting","First seen by local tracker in scans run from 2026-06-30 onward; not guaranteed to be the employer posting date."
"DE Shaw","Proprietary Trading Intern (New York) - Summer 2027","New York","https://www.deshaw.com/careers/Proprietary-Trading-Intern-New-York-Summer-2027-5731","Official careers page","Confirmed official posting","internship timing: Summer 2027","","Confirmed official posting","First seen by local tracker in scans run from 2026-06-30 onward; not guaranteed to be the employer posting date."
"DV Trading","2027 Summer Internship - Trading (DV Equities)","Hong Kong","https://job-boards.greenhouse.io/dvtrading/jobs/4691295005","Greenhouse:dvtrading","Confirmed official posting","internship timing: 2027 Summer; graduation eligibility mentions: 2027; undergrad/BS/MS language found","","Confirmed official posting","First seen by local tracker in scans run from 2026-06-30 onward; not guaranteed to be the employer posting date."
"Engineers Gate","Quantitative Research Intern","Hong Kong","https://job-boards.greenhouse.io/engineersgate/jobs/7946542","Greenhouse:engineersgate","Confirmed official posting","internship timing not stated in title; undergrad/BS/MS language found","","Confirmed official posting","First seen by local tracker in scans run from 2026-06-30 onward; not guaranteed to be the employer posting date."
"Flow Traders","Quantitative Trading Intern Summer 2027","New York","https://job-boards.greenhouse.io/flowtraders/jobs/8047166","Career page Greenhouse:flowtraders","Confirmed official posting","career_page=https://www.flowtraders.com/careers | company_wrapper=https://www.flowtraders.com/job?gh_jid=8047166 | internship timing: Summer 2027; graduation eligibility mentions: 2028 | Flow Traders is looking for entrepreneurial, competitive, and analytical students to join our New York Trading team as a Trading Intern for Summer 2027. Spend your summer experiencing what it’s like to be a Trader in the financial capital of the world! The trading internship will take place over nine weeks in our New York office, beginning in early June through early August. During the program, you will have the opportunity to explore your interest in trading, while being fully immersed in the excitement on our Trading floor. As an intern, you will get a 360-degree view of Flow Traders’ role in the financial markets, how our Traders seize arbitrage opportunities, and how they work together as a team to o...","","Confirmed official posting","First seen by local tracker in scans run from 2026-06-30 onward; not guaranteed to be the employer posting date."
"Flow Traders","Trading Intern","Hong Kong","https://job-boards.greenhouse.io/flowtraders/jobs/7100637","Career page Greenhouse:flowtraders","Confirmed official posting","career_page=https://www.flowtraders.com/careers | company_wrapper=https://www.flowtraders.com/job?gh_jid=7100637 | internship timing not stated in title; graduation eligibility mentions: 2026, 2027 | Flow Traders is looking for entrepreneurial, competitive, and analytical students to join our Trading department as an Intern. What better way to find out if a career in Trading is something for you, than by experiencing it yourself as a Trading Intern! You will get a 360-degree view of our role in the financial markets, how our Traders seize opportunities, and how they work together as a team to optimize and improve their trading desk. This Trading internship is about immersing yourself in the financial markets and experiencing trading up close. You do not need to have a financial background; we will teach you all you need to know. Experience with a scientific programming language or excel ...","","Confirmed official posting","First seen by local tracker in scans run from 2026-06-30 onward; not guaranteed to be the employer posting date."
"General Atlantic","2027 Investment Intern, Munich Q1 - Q4","Germany","https://job-boards.greenhouse.io/generalatlantic/jobs/6100666004","Career page Greenhouse:generalatlantic","Confirmed official posting","career_page=https://www.generalatlantic.com/careers/ | company_wrapper=https://www.generalatlantic.com/careers/job?gh_jid=6100666004 | internship timing not stated in title | About General Atlantic General Atlantic is a leading global investor with more than four and a half decades of experience providing capital and strategic support for over 830 companies throughout its history. Established in 1980, General Atlantic continues to be a dedicated partner to visionary founders and investors seeking to build dynamic businesses and create long term value. Guided by the conviction that entrepreneurs can be incredible agents of transformational change, the firm combines a collaborative global approach, sector specific expertise, a long-term investment horizon, and a deep understanding of growth drivers to partner with and scale innovative businesses around the world. The firm leverages its pat...","","Confirmed official posting","First seen by local tracker in scans run from 2026-06-30 onward; not guaranteed to be the employer posting date."
"Goldman Sachs","2027 | Americas | New York City Area | Wealth Management, Quantitative Finance | Summer Analyst","New York","https://higher.gs.com/roles/155800","Official careers page","Confirmed official posting","Official Goldman Sachs Higher role page; Summer Analyst program for bachelor's/graduate degree students.","","Confirmed official posting","First seen by local tracker in scans run from 2026-06-30 onward; not guaranteed to be the employer posting date."
"Goldman Sachs","2027 | APEJ | Singapore | FICC and Equities (Sales and Trading) Quantitative Strats | Summer Analyst","Singapore","https://higher.gs.com/roles/170600","Official careers page","Confirmed official posting","Official Goldman Sachs Higher role page; quantitative strategists construct quantitative models for global markets.","","Confirmed official posting","First seen by local tracker in scans run from 2026-06-30 onward; not guaranteed to be the employer posting date."
"Goldman Sachs","2027 Summer Analyst Program - Americas","Americas","https://www.goldmansachs.com/careers/students/programs-and-internships/americas/2027-summer-analyst-program","Official program page","Official broad program; select division/location in application","Official Goldman Sachs program page says applications are open for Summer 2027.","","Official program/page","First seen by local tracker in scans run from 2026-06-30 onward; not guaranteed to be the employer posting date."
"GSA Capital Partners","Quantitative Researcher - Intern","London, New York","https://www.gsacapital.com/careers/gh/?gh_jid=8570661002","Greenhouse:gsacapital","Confirmed official posting","internship timing not stated in title","","Confirmed official posting","First seen by local tracker in scans run from 2026-06-30 onward; not guaranteed to be the employer posting date."
"GSA Capital Partners","Software Developer - Intern","London","https://www.gsacapital.com/careers/gh/?gh_jid=8570668002","Greenhouse:gsacapital","Confirmed official posting","internship timing not stated in title","","Confirmed official posting","First seen by local tracker in scans run from 2026-06-30 onward; not guaranteed to be the employer posting date."
"IMC Financial Markets","Hardware Engineer Intern - Summer 2027","Chicago, United States","https://job-boards.eu.greenhouse.io/imc/jobs/4823945101","Greenhouse:imc","Confirmed official posting","internship timing: Summer 2027; graduation eligibility mentions: 2027, 2028; undergrad/BS/MS language found","","Confirmed official posting","First seen by local tracker in scans run from 2026-06-30 onward; not guaranteed to be the employer posting date."
"IMC Financial Markets","Machine Learning Research Intern - Summer 2027 - Chicago","Chicago, United States","https://job-boards.eu.greenhouse.io/imc/jobs/4907430101","Greenhouse:imc","Confirmed official posting","internship timing: Summer 2027; graduation eligibility mentions: 2027, 2028; undergrad/BS/MS language found","","Confirmed official posting","First seen by local tracker in scans run from 2026-06-30 onward; not guaranteed to be the employer posting date."
"IMC Financial Markets","Quantitative Research Intern (BS/MS) - Summer 2027","Chicago, United States","https://job-boards.eu.greenhouse.io/imc/jobs/4907399101","Greenhouse:imc","Confirmed official posting","internship timing: Summer 2027; graduation eligibility mentions: 2027, 2028; undergrad/BS/MS language found","","Confirmed official posting","First seen by local tracker in scans run from 2026-06-30 onward; not guaranteed to be the employer posting date."
"IMC Financial Markets","Quantitative Trader Intern - Summer 2027","Chicago, United States","https://job-boards.eu.greenhouse.io/imc/jobs/4823923101","Greenhouse:imc","Confirmed official posting","internship timing: Summer 2027; graduation eligibility mentions: 2027, 2028; undergrad/BS/MS language found","","Confirmed official posting","First seen by local tracker in scans run from 2026-06-30 onward; not guaranteed to be the employer posting date."
"IMC Financial Markets","Software Engineer Intern - Summer 2027","Chicago, United States","https://job-boards.eu.greenhouse.io/imc/jobs/4823924101","Greenhouse:imc","Confirmed official posting","internship timing: Summer 2027; graduation eligibility mentions: 2027, 2028; undergrad/BS/MS language found","","Confirmed official posting","First seen by local tracker in scans run from 2026-06-30 onward; not guaranteed to be the employer posting date."
"IMC Trading","2027 - FPGA Intern - IIT Bombay","Amsterdam, Netherlands; Mumbai, India","https://job-boards.eu.greenhouse.io/imc/jobs/4860306101","Career page Greenhouse:imc","Confirmed official posting","career_page=https://job-boards.greenhouse.io/imc?error=true | company_wrapper=https://job-boards.greenhouse.io/job?gh_jid=4860306101 | internship timing not stated in title | FPGA ENGINEERING INTERN Are you someone who is passionate about challenging the status quo? Do you enjoy the process of problem solving, a process where you recognize areas of improvement and iterate and innovate to improve? Does your curiosity and desire to learn drive you? If so, then join IMC as a Hardware Engineer Intern! At IMC, Hardware Engineers don’t just write code and design technology. They are responsible for spotting new opportunities, developing new technologies and solving problems. As a result, they deliver results and make a difference. IMC knows that having the best technology is what drives our business. Hardware development here is innovative, pragmatic and fun, even as complexity grows. WHAT YOU...","","Confirmed official posting","First seen by local tracker in scans run from 2026-06-30 onward; not guaranteed to be the employer posting date."
"IMC Trading","2027 - FPGA Intern - IIT Madras","Amsterdam, Netherlands; Mumbai, India","https://job-boards.eu.greenhouse.io/imc/jobs/4918252101","Career page Greenhouse:imc","Confirmed official posting","career_page=https://job-boards.greenhouse.io/imc?error=true | company_wrapper=https://job-boards.greenhouse.io/job?gh_jid=4918252101 | internship timing not stated in title | FPGA ENGINEERING INTERN Are you someone who is passionate about challenging the status quo? Do you enjoy the process of problem solving, a process where you recognize areas of improvement and iterate and innovate to improve? Does your curiosity and desire to learn drive you? If so, then join IMC as a Hardware Engineer Intern! At IMC, Hardware Engineers don’t just write code and design technology. They are responsible for spotting new opportunities, developing new technologies and solving problems. As a result, they deliver results and make a difference. IMC knows that having the best technology is what drives our business. Hardware development here is innovative, pragmatic and fun, even as complexity grows. WHAT YOU...","","Confirmed official posting","First seen by local tracker in scans run from 2026-06-30 onward; not guaranteed to be the employer posting date."
"IMC Trading","2027 - Quant Research Intern - IIT Bombay","Amsterdam, Netherlands; Mumbai, India","https://job-boards.eu.greenhouse.io/imc/jobs/4860277101","Career page Greenhouse:imc","Confirmed official posting","career_page=https://job-boards.greenhouse.io/imc?error=true | company_wrapper=https://job-boards.greenhouse.io/job?gh_jid=4860277101 | internship timing not stated in title | Quant Research Intern ABOUT IMC: We’re a high-performance trading firm powered by technology, for those who want to be the best among the best. ABOUT THE ROLE: IMC is a leading global trading firm that combines technology, advanced quantitative research, and cutting-edge machine learning techniques to make markets more efficient. With a strong focus on innovation, we leverage mathematical models and high-performance computing to drive our trading decisions. As a Quant Research Intern, you’ll work at the intersection of data science, financial markets, and algorithmic trading solving real-world challenges that drive our trading strategies. This internship program offers a unique opportunity to gain hands-on experienc...","","Confirmed official posting","First seen by local tracker in scans run from 2026-06-30 onward; not guaranteed to be the employer posting date."
"IMC Trading","2027 - Quant Research Intern - IIT Delhi","Amsterdam, Netherlands; Mumbai, India","https://job-boards.eu.greenhouse.io/imc/jobs/4917441101","Career page Greenhouse:imc","Confirmed official posting","career_page=https://job-boards.greenhouse.io/imc?error=true | company_wrapper=https://job-boards.greenhouse.io/job?gh_jid=4917441101 | internship timing not stated in title | Quant Research Intern ABOUT IMC: We’re a high-performance trading firm powered by technology, for those who want to be the best among the best. ABOUT THE ROLE: IMC is a leading global trading firm that combines technology, advanced quantitative research, and cutting-edge machine learning techniques to make markets more efficient. With a strong focus on innovation, we leverage mathematical models and high-performance computing to drive our trading decisions. As a Quant Research Intern, you’ll work at the intersection of data science, financial markets, and algorithmic trading solving real-world challenges that drive our trading strategies. This internship program offers a unique opportunity to gain hands-on experienc...","","Confirmed official posting","First seen by local tracker in scans run from 2026-06-30 onward; not guaranteed to be the employer posting date."
"IMC Trading","2027 - Quant Research Intern - IIT Kharagpur","Amsterdam, Netherlands; Mumbai, India","https://job-boards.eu.greenhouse.io/imc/jobs/4917442101","Career page Greenhouse:imc","Confirmed official posting","career_page=https://job-boards.greenhouse.io/imc?error=true | company_wrapper=https://job-boards.greenhouse.io/job?gh_jid=4917442101 | internship timing not stated in title | Quant Research Intern ABOUT IMC: We’re a high-performance trading firm powered by technology, for those who want to be the best among the best. ABOUT THE ROLE: IMC is a leading global trading firm that combines technology, advanced quantitative research, and cutting-edge machine learning techniques to make markets more efficient. With a strong focus on innovation, we leverage mathematical models and high-performance computing to drive our trading decisions. As a Quant Research Intern, you’ll work at the intersection of data science, financial markets, and algorithmic trading solving real-world challenges that drive our trading strategies. This internship program offers a unique opportunity to gain hands-on experienc...","","Confirmed official posting","First seen by local tracker in scans run from 2026-06-30 onward; not guaranteed to be the employer posting date."
"IMC Trading","2027 - Quant Research Intern - IIT Madras","Amsterdam, Netherlands; Mumbai, India","https://job-boards.eu.greenhouse.io/imc/jobs/4917439101","Career page Greenhouse:imc","Confirmed official posting","career_page=https://job-boards.greenhouse.io/imc?error=true | company_wrapper=https://job-boards.greenhouse.io/job?gh_jid=4917439101 | internship timing not stated in title | Quant Research Intern ABOUT IMC: We’re a high-performance trading firm powered by technology, for those who want to be the best among the best. ABOUT THE ROLE: IMC is a leading global trading firm that combines technology, advanced quantitative research, and cutting-edge machine learning techniques to make markets more efficient. With a strong focus on innovation, we leverage mathematical models and high-performance computing to drive our trading decisions. As a Quant Research Intern, you’ll work at the intersection of data science, financial markets, and algorithmic trading solving real-world challenges that drive our trading strategies. This internship program offers a unique opportunity to gain hands-on experienc...","","Confirmed official posting","First seen by local tracker in scans run from 2026-06-30 onward; not guaranteed to be the employer posting date."
"IMC Trading","2027 - Software Engineering Intern - BITS Pilani","Mumbai, India","https://job-boards.eu.greenhouse.io/imc/jobs/4917549101","Career page Greenhouse:imc","Confirmed official posting","career_page=https://job-boards.greenhouse.io/imc?error=true | company_wrapper=https://job-boards.greenhouse.io/job?gh_jid=4917549101 | internship timing not stated in title | Software Engineering Intern Are you someone who is passionate about challenging the status quo? Do you enjoy the process of problem solving, a process where you recognize areas of improvement and iterate and innovate to improve? Does your curiosity and desire to learn drive you? ROLE OVERVIEW: If so, then join IMC as a Software Engineer Intern! At IMC, Software Engineers don’t just write software and design technology. They are responsible for spotting new opportunities, developing new technologies and solving problems. As a result, they deliver results and make a difference. IMC knows that having the best software is what drives our business. Software development here is innovative, pragmatic and fun, even as compl...","","Confirmed official posting","First seen by local tracker in scans run from 2026-06-30 onward; not guaranteed to be the employer posting date."
"IMC Trading","2027 - Software Engineering Intern - IIT Bombay","Mumbai, India","https://job-boards.eu.greenhouse.io/imc/jobs/4860319101","Career page Greenhouse:imc","Confirmed official posting","career_page=https://job-boards.greenhouse.io/imc?error=true | company_wrapper=https://job-boards.greenhouse.io/job?gh_jid=4860319101 | internship timing not stated in title | Software Engineering Intern Are you someone who is passionate about challenging the status quo? Do you enjoy the process of problem solving, a process where you recognize areas of improvement and iterate and innovate to improve? Does your curiosity and desire to learn drive you? ROLE OVERVIEW: If so, then join IMC as a Software Engineer Intern! At IMC, Software Engineers don’t just write software and design technology. They are responsible for spotting new opportunities, developing new technologies and solving problems. As a result, they deliver results and make a difference. IMC knows that having the best software is what drives our business. Software development here is innovative, pragmatic and fun, even as compl...","","Confirmed official posting","First seen by local tracker in scans run from 2026-06-30 onward; not guaranteed to be the employer posting date."
"IMC Trading","2027 - Software Engineering Intern - IIT Delhi","Mumbai, India","https://job-boards.eu.greenhouse.io/imc/jobs/4917535101","Career page Greenhouse:imc","Confirmed official posting","career_page=https://job-boards.greenhouse.io/imc?error=true | company_wrapper=https://job-boards.greenhouse.io/job?gh_jid=4917535101 | internship timing not stated in title | Software Engineering Intern Are you someone who is passionate about challenging the status quo? Do you enjoy the process of problem solving, a process where you recognize areas of improvement and iterate and innovate to improve? Does your curiosity and desire to learn drive you? ROLE OVERVIEW: If so, then join IMC as a Software Engineer Intern! At IMC, Software Engineers don’t just write software and design technology. They are responsible for spotting new opportunities, developing new technologies and solving problems. As a result, they deliver results and make a difference. IMC knows that having the best software is what drives our business. Software development here is innovative, pragmatic and fun, even as compl...","","Confirmed official posting","First seen by local tracker in scans run from 2026-06-30 onward; not guaranteed to be the employer posting date."
"IMC Trading","2027 - Software Engineering Intern - IIT Guwahati","Mumbai, India","https://job-boards.eu.greenhouse.io/imc/jobs/4917542101","Career page Greenhouse:imc","Confirmed official posting","career_page=https://job-boards.greenhouse.io/imc?error=true | company_wrapper=https://job-boards.greenhouse.io/job?gh_jid=4917542101 | internship timing not stated in title | Software Engineering Intern Are you someone who is passionate about challenging the status quo? Do you enjoy the process of problem solving, a process where you recognize areas of improvement and iterate and innovate to improve? Does your curiosity and desire to learn drive you? ROLE OVERVIEW: If so, then join IMC as a Software Engineer Intern! At IMC, Software Engineers don’t just write software and design technology. They are responsible for spotting new opportunities, developing new technologies and solving problems. As a result, they deliver results and make a difference. IMC knows that having the best software is what drives our business. Software development here is innovative, pragmatic and fun, even as compl...","","Confirmed official posting","First seen by local tracker in scans run from 2026-06-30 onward; not guaranteed to be the employer posting date."
"IMC Trading","2027 - Software Engineering Intern - IIT Kharagpur","Mumbai, India","https://job-boards.eu.greenhouse.io/imc/jobs/4917545101","Career page Greenhouse:imc","Confirmed official posting","career_page=https://job-boards.greenhouse.io/imc?error=true | company_wrapper=https://job-boards.greenhouse.io/job?gh_jid=4917545101 | internship timing not stated in title | Software Engineering Intern Are you someone who is passionate about challenging the status quo? Do you enjoy the process of problem solving, a process where you recognize areas of improvement and iterate and innovate to improve? Does your curiosity and desire to learn drive you? ROLE OVERVIEW: If so, then join IMC as a Software Engineer Intern! At IMC, Software Engineers don’t just write software and design technology. They are responsible for spotting new opportunities, developing new technologies and solving problems. As a result, they deliver results and make a difference. IMC knows that having the best software is what drives our business. Software development here is innovative, pragmatic and fun, even as compl...","","Confirmed official posting","First seen by local tracker in scans run from 2026-06-30 onward; not guaranteed to be the employer posting date."
"IMC Trading","2027 - Software Engineering Intern - IIT Madras","Mumbai, India","https://job-boards.eu.greenhouse.io/imc/jobs/4917547101","Career page Greenhouse:imc","Confirmed official posting","career_page=https://job-boards.greenhouse.io/imc?error=true | company_wrapper=https://job-boards.greenhouse.io/job?gh_jid=4917547101 | internship timing not stated in title | Software Engineering Intern Are you someone who is passionate about challenging the status quo? Do you enjoy the process of problem solving, a process where you recognize areas of improvement and iterate and innovate to improve? Does your curiosity and desire to learn drive you? ROLE OVERVIEW: If so, then join IMC as a Software Engineer Intern! At IMC, Software Engineers don’t just write software and design technology. They are responsible for spotting new opportunities, developing new technologies and solving problems. As a result, they deliver results and make a difference. IMC knows that having the best software is what drives our business. Software development here is innovative, pragmatic and fun, even as compl...","","Confirmed official posting","First seen by local tracker in scans run from 2026-06-30 onward; not guaranteed to be the employer posting date."
"IMC Trading","2027 - Software Engineering Intern - IIT Roorkee","Mumbai, India","https://job-boards.eu.greenhouse.io/imc/jobs/4917548101","Career page Greenhouse:imc","Confirmed official posting","career_page=https://job-boards.greenhouse.io/imc?error=true | company_wrapper=https://job-boards.greenhouse.io/job?gh_jid=4917548101 | internship timing not stated in title | Software Engineering Intern Are you someone who is passionate about challenging the status quo? Do you enjoy the process of problem solving, a process where you recognize areas of improvement and iterate and innovate to improve? Does your curiosity and desire to learn drive you? ROLE OVERVIEW: If so, then join IMC as a Software Engineer Intern! At IMC, Software Engineers don’t just write software and design technology. They are responsible for spotting new opportunities, developing new technologies and solving problems. As a result, they deliver results and make a difference. IMC knows that having the best software is what drives our business. Software development here is innovative, pragmatic and fun, even as compl...","","Confirmed official posting","First seen by local tracker in scans run from 2026-06-30 onward; not guaranteed to be the employer posting date."
"IMC Trading","Machine Learning Research Intern - Summer 2027 - Amsterdam","Amsterdam, Netherlands","https://job-boards.eu.greenhouse.io/imc/jobs/4912874101","Career page Greenhouse:imc","Confirmed official posting","career_page=https://job-boards.greenhouse.io/imc?error=true | company_wrapper=https://job-boards.greenhouse.io/job?gh_jid=4912874101 | internship timing: Summer 2027; graduation eligibility mentions: 2028, 2027 | Our Machine Learning Internship is designed for curious, ambitious researchers who want to apply machine learning to complex, real-world problems. Over 10 weeks, you'll work alongside experienced researchers and mentors to develop models, analyze large-scale datasets, and contribute to research that informs IMC's trading strategies across global equities, futures, and options markets. You'll begin with a week of engaging, classroom-based learning in the proprietary trading landscape, then gain hands-on experience designing experiments, evaluating novel approaches, and tackling challenging problems in a collaborative, fast-paced environment where your work can have real-world imp...","","Confirmed official posting","First seen by local tracker in scans run from 2026-06-30 onward; not guaranteed to be the employer posting date."
"J.P. Morgan","Asset Management Summer Analyst Program","Varies by open location","https://careers.jpmorgan.com/US/en/students/programs/asset-management-summer-analyst","Official program page","Official broad program; check currently open locations","JPM page says interns research, analyze, and develop investment strategies and models; useful for quant asset-management track.","","Official program/page","First seen by local tracker in scans run from 2026-06-30 onward; not guaranteed to be the employer posting date."
"J.P. Morgan","Markets Summer Analyst Program","Varies by open location","https://careers.jpmorgan.com/us/en/students/programs/markets-summer-analyst","Official program page","Official broad program; check currently open locations","JPM page describes work on market strategies, complex mathematical models, machine learning techniques, and trading simulations.","","Official program/page","First seen by local tracker in scans run from 2026-06-30 onward; not guaranteed to be the employer posting date."
"Jane Street","Fundamental Research Analyst","New York","https://www.janestreet.com/join-jane-street/position/8347286002/","Official Jane Street jobs feed","Confirmed official posting","Internship; May-August; Trading, Research, and Machine Learning","","Confirmed official posting","First seen by local tracker in scans run from 2026-06-30 onward; not guaranteed to be the employer posting date."
"Jane Street","IT Operations Engineer","Hong Kong","https://www.janestreet.com/join-jane-street/position/8377831002/","Official Jane Street jobs feed","Confirmed official posting","Internship; December-February; Technology","","Confirmed official posting","First seen by local tracker in scans run from 2026-06-30 onward; not guaranteed to be the employer posting date."
"Jane Street","Linux Engineer","Hong Kong","https://www.janestreet.com/join-jane-street/position/8377832002/","Official Jane Street jobs feed","Confirmed official posting","Internship; December-February; Technology","","Confirmed official posting","First seen by local tracker in scans run from 2026-06-30 onward; not guaranteed to be the employer posting date."
"Jane Street","Machine Learning Engineer","New York","https://www.janestreet.com/join-jane-street/position/8611307002/","Official Jane Street jobs feed","Confirmed official posting","Internship; May-August; Trading, Research, and Machine Learning","","Confirmed official posting","First seen by local tracker in scans run from 2026-06-30 onward; not guaranteed to be the employer posting date."
"Jane Street","Machine Learning Researcher","Hong Kong","https://www.janestreet.com/join-jane-street/position/8374335002/","Official Jane Street jobs feed","Confirmed official posting","Internship; December-February; Trading, Research, and Machine Learning","","Confirmed official posting","First seen by local tracker in scans run from 2026-06-30 onward; not guaranteed to be the employer posting date."
"Jane Street","Machine Learning Researcher","New York","https://www.janestreet.com/join-jane-street/position/8384490002/","Official Jane Street jobs feed","Confirmed official posting","Internship; May-August; Trading, Research, and Machine Learning","","Confirmed official posting","First seen by local tracker in scans run from 2026-06-30 onward; not guaranteed to be the employer posting date."
"Jane Street","Network Engineer","New York","https://www.janestreet.com/join-jane-street/position/8620793002/","Official Jane Street jobs feed","Confirmed official posting","Internship; May-August; Technology","","Confirmed official posting","First seen by local tracker in scans run from 2026-06-30 onward; not guaranteed to be the employer posting date."
"Jane Street","Quantitative Researcher","Hong Kong","https://www.janestreet.com/join-jane-street/position/8343131002/","Official Jane Street jobs feed","Confirmed official posting","Internship; December-February; Trading, Research, and Machine Learning","","Confirmed official posting","First seen by local tracker in scans run from 2026-06-30 onward; not guaranteed to be the employer posting date."
"Jane Street","Quantitative Researcher","New York","https://www.janestreet.com/join-jane-street/position/8498547002/","Official Jane Street jobs feed","Confirmed official posting","Internship; May-August; Trading, Research, and Machine Learning","","Confirmed official posting","First seen by local tracker in scans run from 2026-06-30 onward; not guaranteed to be the employer posting date."
"Jane Street","Quantitative Trader","Hong Kong","https://www.janestreet.com/join-jane-street/position/7982986002/","Official Jane Street jobs feed","Confirmed official posting","Internship; December-February; Trading, Research, and Machine Learning","","Confirmed official posting","First seen by local tracker in scans run from 2026-06-30 onward; not guaranteed to be the employer posting date."
"Jane Street","Quantitative Trader","New York","https://www.janestreet.com/join-jane-street/position/8617344002/","Official Jane Street jobs feed","Confirmed official posting","Internship; May-August; Trading, Research, and Machine Learning","","Confirmed official posting","First seen by local tracker in scans run from 2026-06-30 onward; not guaranteed to be the employer posting date."
"Jane Street","Sales and Trading","New York","https://www.janestreet.com/join-jane-street/position/8347385002/","Official Jane Street jobs feed","Confirmed official posting","Internship; May-August; Institutional Sales and Trading","","Confirmed official posting","First seen by local tracker in scans run from 2026-06-30 onward; not guaranteed to be the employer posting date."
"Jane Street","Software Engineer","Hong Kong","https://www.janestreet.com/join-jane-street/position/7582902002/","Official Jane Street jobs feed","Confirmed official posting","Internship; December-February; Technology","","Confirmed official posting","First seen by local tracker in scans run from 2026-06-30 onward; not guaranteed to be the employer posting date."
"Jane Street","Software Engineer","New York","https://www.janestreet.com/join-jane-street/position/8599644002/","Official Jane Street jobs feed","Confirmed official posting","Internship; May-August; Technology","","Confirmed official posting","First seen by local tracker in scans run from 2026-06-30 onward; not guaranteed to be the employer posting date."
"Jane Street","Software Engineer","New York","https://www.janestreet.com/join-jane-street/position/8419303002/","Official Jane Street jobs feed","Confirmed official posting","Co-Op; January-April; Technology","","Confirmed official posting","First seen by local tracker in scans run from 2026-06-30 onward; not guaranteed to be the employer posting date."
"Jane Street","Strategy and Product","Hong Kong","https://www.janestreet.com/join-jane-street/position/8370012002/","Official Jane Street jobs feed","Confirmed official posting","Internship; December-February; Strategy and Product","","Confirmed official posting","First seen by local tracker in scans run from 2026-06-30 onward; not guaranteed to be the employer posting date."
"Jane Street","Strategy and Product","New York","https://www.janestreet.com/join-jane-street/position/8621552002/","Official Jane Street jobs feed","Confirmed official posting","Internship; May-August; Strategy and Product","","Confirmed official posting","First seen by local tracker in scans run from 2026-06-30 onward; not guaranteed to be the employer posting date."
"Jane Street","Tools & Compilers Research and Development","London","https://www.janestreet.com/join-jane-street/position/5866838002/","Official Jane Street jobs feed","Confirmed official posting","Internship; Flexible; Technology","","Confirmed official posting","First seen by local tracker in scans run from 2026-06-30 onward; not guaranteed to be the employer posting date."
"Jane Street","Tools and Compilers Research and Development","New York","https://www.janestreet.com/join-jane-street/position/5869205002/","Official Jane Street jobs feed","Confirmed official posting","Internship; Flexible; Technology","","Confirmed official posting","First seen by local tracker in scans run from 2026-06-30 onward; not guaranteed to be the employer posting date."
"Jane Street","Trading Desk Operations Engineer","Hong Kong","https://www.janestreet.com/join-jane-street/position/8168747002/","Official Jane Street jobs feed","Confirmed official posting","Internship; December-February; Trading, Research, and Machine Learning","","Confirmed official posting","First seen by local tracker in scans run from 2026-06-30 onward; not guaranteed to be the employer posting date."
"Jane Street","Trading Desk Operations Engineer","New York","https://www.janestreet.com/join-jane-street/position/8621450002/","Official Jane Street jobs feed","Confirmed official posting","Internship; June-September; Trading, Research, and Machine Learning","","Confirmed official posting","First seen by local tracker in scans run from 2026-06-30 onward; not guaranteed to be the employer posting date."
"Jump Trading","Campus Trading Team Software Engineer  (Intern)","Hong Kong","https://www.jumptrading.com/hr/job?gh_jid=7565728","Greenhouse:jumptrading","Confirmed official posting","internship timing not stated in title; graduation eligibility mentions: 2026, 2027; undergrad/BS/MS language found","","Confirmed official posting","First seen by local tracker in scans run from 2026-06-30 onward; not guaranteed to be the employer posting date."
"Man Group","Quant Research Analyst Intern","Shanghai ","https://job-boards.eu.greenhouse.io/mangroup/jobs/4872158101","Greenhouse:mangroup","Confirmed official posting","internship timing not stated in title; undergrad/BS/MS language found","","Confirmed official posting","First seen by local tracker in scans run from 2026-06-30 onward; not guaranteed to be the employer posting date."
"Man Group","Quantitative Developer, Intern","Shanghai ","https://job-boards.eu.greenhouse.io/mangroup/jobs/4847708101","Greenhouse:mangroup","Confirmed official posting","internship timing not stated in title; undergrad/BS/MS language found","","Confirmed official posting","First seen by local tracker in scans run from 2026-06-30 onward; not guaranteed to be the employer posting date."
"New York Life","Student Internships","Varies by internship track","https://www.newyorklife.com/careers/corporate/internships","Official internship page","Official program page; check current openings","Official New York Life internships page lists actuarial, finance, investments, AI/data, technology, and related internship tracks.","","Official program/page","First seen by local tracker in scans run from 2026-06-30 onward; not guaranteed to be the employer posting date."
"Optiver","Quantitative Intern (Summer 2027)","Chicago, Illinois, United States","https://www.optiver.com/join-us/jobs/8402215002/?gh_jid=8402215002","Greenhouse:optiverus","Confirmed official posting","internship timing: Summer 2027; graduation eligibility mentions: 2027, 2029; undergrad/BS/MS language found","Submitted","Confirmed official posting","First seen by local tracker in scans run from 2026-06-30 onward; not guaranteed to be the employer posting date."
"Optiver","Software Engineer Intern (Summer 2027 - Austin)","Austin, Texas, United States","https://www.optiver.com/join-us/jobs/8401052002/?gh_jid=8401052002","Greenhouse:optiverus","Confirmed official posting","internship timing: Summer 2027; graduation eligibility mentions: 2027, 2028; undergrad/BS/MS language found","","Confirmed official posting","First seen by local tracker in scans run from 2026-06-30 onward; not guaranteed to be the employer posting date."
"Optiver","Software Engineer Intern (Summer 2027 - Chicago)","Chicago, Illinois, United States","https://www.optiver.com/join-us/jobs/8604760002/?gh_jid=8604760002","Greenhouse:optiverus","Confirmed official posting","internship timing: Summer 2027; graduation eligibility mentions: 2027, 2028; undergrad/BS/MS language found","","Confirmed official posting","First seen by local tracker in scans run from 2026-06-30 onward; not guaranteed to be the employer posting date."
"Pacific Life","2027 Trading and Research Summer Internship - Capula","","https://apply.workable.com/capula-investment-management-ltd/j/A15A62A8BE/","Web-discovered lead","Aggregator/web lead; verify on official site","Capula Investment Management is a leading global hedge fund managing over $35 billion in assets. We are headquartered in London and have offices in New York, Singapore, Hong Kong, Tokyo, Geneva …","","Official program/page","First seen by local tracker in scans run from 2026-06-30 onward; not guaranteed to be the employer posting date."
"Pacific Life","2027 Trading and Research Summer Internship - ZipRecruiter","","https://www.ziprecruiter.com/c/Capula/Job/2027-Trading-and-Research-Summer-Internship/-in-New-York,NY?jid=e251762af1c459f2","Web-discovered lead","Aggregator/web lead; verify on official site","Easy 1-Click Apply (CAPULA) 2027 Trading and Research Summer Internship job in New York, NY. View job description, responsibilities and qualifications. See if you qualify!","","Official program/page","First seen by local tracker in scans run from 2026-06-30 onward; not guaranteed to be the employer posting date."
"Pacific Life","2027 Trading and Research Summer Internship – Tulane University ...","","https://careerengagement.tulane.edu/jobs/capula-investment-management-llp-2027-trading-and-research-summer-internship/","Web-discovered lead","Aggregator/web lead; verify on official site","May 6, 2026 &#0183;&#32;Capula Investment Management is a leading global quantitative hedge fund managing over $35 billion in assets. We are headquartered in London and have offices in New York, …","","Official program/page","First seen by local tracker in scans run from 2026-06-30 onward; not guaranteed to be the employer posting date."
"Pacific Life","28 2027 Asset Management Summer Internship jobs in United States","","https://www.linkedin.com/jobs/2027-asset-management-summer-internship-jobs","Web-discovered lead","Aggregator/web lead; verify on official site","Today's top 28 2027 Asset Management Summer Internship jobs in United States. Leverage your professional network, and get hired. New 2027 Asset Management Summer Internship jobs added …","","Official program/page","First seen by local tracker in scans run from 2026-06-30 onward; not guaranteed to be the employer posting date."
"Point72","2027 Point72 Academy Investment Analyst Summer Internship Program - Hong Kong","Hong Kong","https://boards.greenhouse.io/point72/jobs/8491055002?gh_jid=8491055002","Career page Greenhouse:point72","Confirmed official posting","career_page=https://careers.point72.com/ | company_wrapper=https://careers.point72.com/job?gh_jid=8491055002 | internship timing: Summer; graduation eligibility mentions: 2027, 2028 | The Point72 Academy Summer Internship — Hong Kong Are you a student interested in pursuing a career in investing? If you are graduating between December 2027 and July 2028, we invite you to apply for our 8-week summer internship, taking place from June to August 2027. Launch your investing career in the Point72 Academy, an investment analyst training program that will provide you with the tools and knowledge to build a career in our ever-evolving industry. Since 2015, the Academy has graduated more than 230 analysts onto our platform as of November 2025; some are portfolio managers today. The Point72 Academy Summer Internship is a combination of classroom instruction, portfolio casework, and mentorship. The...","","Confirmed official posting","First seen by local tracker in scans run from 2026-06-30 onward; not guaranteed to be the employer posting date."
"Point72","2027 Point72 Academy Investment Analyst Summer Internship Program - Japan","Japan","https://boards.greenhouse.io/point72/jobs/8491138002?gh_jid=8491138002","Career page Greenhouse:point72","Confirmed official posting","career_page=https://careers.point72.com/ | company_wrapper=https://careers.point72.com/job?gh_jid=8491138002 | internship timing: Summer; graduation eligibility mentions: 2027, 2028 | P oint72 Academy 夏季インターンシップ（日本） 投資業界でのキャリア形成に関心をお持ちの方を対象に、2027年12月から2028年7月の間に卒業予定の学生向けに、2027年6月から8月にかけて実施される8週間の夏季インターンシップへの応募を受け付けています。 Point72 Academyは、変化し続ける投資業界において投資アナリストとして活躍するために必要な知識・スキルの習得を目的とした育成プログラムです。2015年の設立以来、2025年11月時点で230名以上のアナリストを輩出しており、その中には現在ポートフォリオ・マネージャーとして活躍しているメンバーもいます。 本インターンシップは、講義形式のトレーニング、投資ケースワーク、メンターシップを組み合わせたプログラムであり、金融およびリサーチの基礎、公開市場の仕組みに対する理解を深めるとともに、将来的にフルタイムの Point72 Academy Associate プログラムに進む可能性も見据えた準備を行います。 インターンシップ期間中の主な内容 アナリストとして必要な基礎知識・スキルを習得 会計・モデリング・プレゼンテーション・コンプライアンス研修 投資チームと協力し、株式アナリストの日常業務を直接体験するとともに、当社のポートフォリオマネージャーが担当するセクターの一つについて理解を深める ポートフォリオマネージャーが担当する業界セクターへの理解を深める アカデミーのコーチと密接に連携し、データ分析をさらに深め、投資アイデアに関する最終プレゼンテーションを準備 コンプライアンス、情報セキュリティ、および共同CIO室と連携し、投資プロセ...","","Confirmed official posting","First seen by local tracker in scans run from 2026-06-30 onward; not guaranteed to be the employer posting date."
"Point72","2027 Point72 Academy Investment Analyst Summer Internship Program - Singapore","Singapore","https://boards.greenhouse.io/point72/jobs/8491128002?gh_jid=8491128002","Career page Greenhouse:point72","Confirmed official posting","career_page=https://careers.point72.com/ | company_wrapper=https://careers.point72.com/job?gh_jid=8491128002 | internship timing: Summer; graduation eligibility mentions: 2027, 2028 | The Point72 Academy Summer Internship — Singapore Are you a student interested in pursuing a career in investing? If you are graduating between December 2027 and July 2028, we invite you to apply for our 8-week summer internship, taking place from June to August 2027. Launch your investing career in the Point72 Academy, an investment analyst training program that will provide you with the tools and knowledge to build a career in our ever-evolving industry. Since 2015, the Academy has graduated more than 230 analysts onto our platform as of November 2025; some are portfolio managers today. The Point72 Academy Summer Internship is a combination of classroom instruction, portfolio casework, and mentorship. The...","","Confirmed official posting","First seen by local tracker in scans run from 2026-06-30 onward; not guaranteed to be the employer posting date."
"Point72","2027 Technology Development Intern – IIT Hyderabad","India, Bengaluru","https://boards.greenhouse.io/point72/jobs/8617340002?gh_jid=8617340002","Career page Greenhouse:point72","Confirmed official posting","career_page=https://careers.point72.com/ | company_wrapper=https://careers.point72.com/job?gh_jid=8617340002 | internship timing not stated in title | 2027 Technology Development Intern – IIT Hyderabad A CAREER WITH POINT72’S TECHNOLOGY TEAM As Point72 reimagines the future of investing, our Technology group is constantly improving our company’s IT infrastructure, positioning us at the forefront of a rapidly evolving technology landscape. We’re a team of experts experimenting, discovering new ways to harness the power of open source solutions, and embracing enterprise agile methodology. We encourage professional development to ensure you bring innovative ideas to our products while satisfying your own intellectual curiosity. ABOUT THE SOFTWARE ENGINEER INTERNSHIP The Software Engineer Internship at Point72 provides individuals interested in pursuing a career in Technology at an investmen...","","Confirmed official posting","First seen by local tracker in scans run from 2026-06-30 onward; not guaranteed to be the employer posting date."
"Point72","2027 Technology Development Intern – IIT Kanpur","India, Bengaluru","https://boards.greenhouse.io/point72/jobs/8617343002?gh_jid=8617343002","Career page Greenhouse:point72","Confirmed official posting","career_page=https://careers.point72.com/ | company_wrapper=https://careers.point72.com/job?gh_jid=8617343002 | internship timing not stated in title | 2027 Technology Development Intern – IIT Kanpur A CAREER WITH POINT72’S TECHNOLOGY TEAM As Point72 reimagines the future of investing, our Technology group is constantly improving our company’s IT infrastructure, positioning us at the forefront of a rapidly evolving technology landscape. We’re a team of experts experimenting, discovering new ways to harness the power of open source solutions, and embracing enterprise agile methodology. We encourage professional development to ensure you bring innovative ideas to our products while satisfying your own intellectual curiosity. ABOUT THE SOFTWARE ENGINEER INTERNSHIP The Software Engineer Internship at Point72 provides individuals interested in pursuing a career in Technology at an investment f...","","Confirmed official posting","First seen by local tracker in scans run from 2026-06-30 onward; not guaranteed to be the employer posting date."
"Point72","2027 Technology Development Intern – IIT Madras","India, Bengaluru","https://boards.greenhouse.io/point72/jobs/8617339002?gh_jid=8617339002","Career page Greenhouse:point72","Confirmed official posting","career_page=https://careers.point72.com/ | company_wrapper=https://careers.point72.com/job?gh_jid=8617339002 | internship timing not stated in title | 2027 Technology Development Intern – IIT Madras A CAREER WITH POINT72’S TECHNOLOGY TEAM As Point72 reimagines the future of investing, our Technology group is constantly improving our company’s IT infrastructure, positioning us at the forefront of a rapidly evolving technology landscape. We’re a team of experts experimenting, discovering new ways to harness the power of open source solutions, and embracing enterprise agile methodology. We encourage professional development to ensure you bring innovative ideas to our products while satisfying your own intellectual curiosity. ABOUT THE SOFTWARE ENGINEER INTERNSHIP The Software Engineer Internship at Point72 provides individuals interested in pursuing a career in Technology at an investment f...","","Confirmed official posting","First seen by local tracker in scans run from 2026-06-30 onward; not guaranteed to be the employer posting date."
"Point72","Cubist Quantitative Researcher Intern","Hong Kong","https://boards.greenhouse.io/point72/jobs/7297611002?gh_jid=7297611002","Career page Greenhouse:point72","Confirmed official posting","career_page=https://careers.point72.com/ | company_wrapper=https://careers.point72.com/job?gh_jid=7297611002 | internship timing not stated in title | ABOUT CUBIST Cubist Systematic Strategies, an affiliate of Point72, deploys systematic, computer-driven trading strategies across multiple liquid asset classes, including equities, futures and foreign exchange. The core of our effort is rigorous research into a wide range of market anomalies, fueled by our unparalleled access to a wide range of publicly available data sources. ROLE Quantitative alpha research requires mastery of multiple domains. The best research requires original research ideas, good intuition, strong data analysis skills, and good research planning. Our research directly drives our investment decisions. This role is highly selective. We have a long history of training extraordinarily talented academic researchers to suc...","","Confirmed official posting","First seen by local tracker in scans run from 2026-06-30 onward; not guaranteed to be the employer posting date."
"Point72","Cubist Quantitative Researcher Intern","Singapore","https://boards.greenhouse.io/point72/jobs/7297598002?gh_jid=7297598002","Career page Greenhouse:point72","Confirmed official posting","career_page=https://careers.point72.com/ | company_wrapper=https://careers.point72.com/job?gh_jid=7297598002 | internship timing not stated in title | ABOUT CUBIST Cubist Systematic Strategies, an affiliate of Point72, deploys systematic, computer-driven trading strategies across multiple liquid asset classes, including equities, futures and foreign exchange. The core of our effort is rigorous research into a wide range of market anomalies, fueled by our unparalleled access to a wide range of publicly available data sources. ROLE Quantitative alpha research requires mastery of multiple domains. The best research requires original research ideas, good intuition, strong data analysis skills, and good research planning. Our research directly drives our investment decisions. This role is highly selective. We have a long history of training extraordinarily talented academic researchers to suc...","","Confirmed official posting","First seen by local tracker in scans run from 2026-06-30 onward; not guaranteed to be the employer posting date."
"Point72","Machine Learning Researcher - Intern","New York","https://boards.greenhouse.io/point72/jobs/7302611002?gh_jid=7302611002","Career page Greenhouse:point72","Confirmed official posting","career_page=https://careers.point72.com/ | company_wrapper=https://careers.point72.com/job?gh_jid=7302611002 | internship timing not stated in title | JOB DESCRIPTION Researchers are responsible for applying, adapting, and extending existing results in the broad field of machine learning, while also conducting novel research as required. We are interested in all aspects of ML including: predictive modelling, clustering, time series analysis, natural language processing, and computer vision. Successful researchers manage all aspects of the research process including methodology selection, data collection and analysis, implementation and testing, prototyping, and performance evaluation. Some successful researchers have joined us from similar backgrounds at other firms. Others have joined from related fields or directly from academia and have thrived with hands on guidance from our large te...","","Confirmed official posting","First seen by local tracker in scans run from 2026-06-30 onward; not guaranteed to be the employer posting date."
"Point72","Quantitative Developer Intern","New York","https://boards.greenhouse.io/point72/jobs/7609197002?gh_jid=7609197002","Career page Greenhouse:point72","Confirmed official posting","career_page=https://careers.point72.com/ | company_wrapper=https://careers.point72.com/job?gh_jid=7609197002 | internship timing not stated in title | Job Description A highly collaborative, fast-growing team, Point72 Internal Alpha Capture (IAC) is developing scalable quantitative equity trading signals that leverage rigorous research, state-of-the-art machine learning methods, a broad range of public and proprietary data sources, and unparalleled computing power. We are looking for exceptional students to join us as quantitative developer interns for Summer 2025. Our interns will work closely with our team, receive comprehensive, in-depth training, and help develop novel signals that may have real impact. You will gain exposure to a variety of activities, which may include: Enhancing quantitative research platforms by benchmarking and integrating in-house and cloud technologies Optimiz...","","Confirmed official posting","First seen by local tracker in scans run from 2026-06-30 onward; not guaranteed to be the employer posting date."
"Point72","Quantitative Research Intern","New York, Seattle","https://boards.greenhouse.io/point72/jobs/7297667002?gh_jid=7297667002","Career page Greenhouse:point72","Confirmed official posting","career_page=https://careers.point72.com/ | company_wrapper=https://careers.point72.com/job?gh_jid=7297667002 | internship timing not stated in title | JOB DESCRIPTION This is an opportunity for students and researchers of advanced data modeling and statistical learning methods to apply these techniques to market prediction and systematic trading. JOB RESPONSIBILITIES Pre-process (validate, clean, normalize, reduce dimension) very large data sets for model estimation and event studies Identify features and relationships useful for the predictive modeling of market dynamics DESIRABLE CANDIDATES MS, or PhD candidates in finance, computer science, mathematics, physics, or other quantitative discipline Programming in any of the following: C++, Java, C#, MATLAB, R, Python, or Perl Strong analytical and quantitative skills Demonstrated interest in financial markets and systematic trading Clear,...","","Confirmed official posting","First seen by local tracker in scans run from 2026-06-30 onward; not guaranteed to be the employer posting date."
"Point72","Quantitative Research Intern (NLP)","New York","https://boards.greenhouse.io/point72/jobs/8018862002?gh_jid=8018862002","Career page Greenhouse:point72","Confirmed official posting","career_page=https://careers.point72.com/ | company_wrapper=https://careers.point72.com/job?gh_jid=8018862002 | internship timing not stated in title | ROLE/RESPONSIBILTIES: We are seeking a quant research intern to join an NLP quant team within Point72. We believe the significant advances in NLP methods show promise for finance. We develop and launch end-to-end signals, from data processing to performance testing. The ideal candidate will have strong machine learning, data science and software engineering skills, some experience with modern NLP, and a curiosity about finance and trading. Responsibilities may include: Using NLP to construct features from varied datasets Formulating research hypotheses to derive alpha Building and testing the performance of trading signals based on NLP and financial features Launching identified signals into production REQUIREMENTS: Bachelor’s, Master’s or...","","Confirmed official posting","First seen by local tracker in scans run from 2026-06-30 onward; not guaranteed to be the employer posting date."
"Point72","Quantitative Researcher - Intern","London, Paris, Hong Kong, Tokyo","https://boards.greenhouse.io/point72/jobs/7297657002?gh_jid=7297657002","Career page Greenhouse:point72","Confirmed official posting","career_page=https://careers.point72.com/ | company_wrapper=https://careers.point72.com/job?gh_jid=7297657002 | internship timing not stated in title | Job Description This is an opportunity for students and researchers of advanced data modeling and statistical learning methods to apply these techniques to market prediction and systematic trading. Job Responsibilities Pre-process (validate, clean, normalize, reduce dimension) very large data sets for model estimation and event studies Identify features and relationships useful for the predictive modeling of market dynamics Desirable Candidates Undergraduate, MS, or PhD candidates in finance, computer science, mathematics, physics, or other quantitative discipline Programming in any of the following: C++, Java, C#, MATLAB, R, Python, or Perl Strong analytical and quantitative skills Demonstrated interest in financial markets and systematic...","","Confirmed official posting","First seen by local tracker in scans run from 2026-06-30 onward; not guaranteed to be the employer posting date."
"Point72","Quantitative Researcher Intern","New York","https://boards.greenhouse.io/point72/jobs/7586061002?gh_jid=7586061002","Career page Greenhouse:point72","Confirmed official posting","career_page=https://careers.point72.com/ | company_wrapper=https://careers.point72.com/job?gh_jid=7586061002 | internship timing not stated in title | JOB RESPONSIBILITIES A highly collaborative, fast-growing team, Point72 Internal Alpha Capture (IAC) is developing scalable quantitative equity trading signals that leverage rigorous research, state-of-the-art machine learning methods, a broad range of public and proprietary data sources, and unparalleled computing power. We are looking for exceptional students to join us as quantitative researcher interns for Fall 2025, Spring 2026 and Summer 2026. Our interns will work closely with our team, receive comprehensive, in-depth training, and help develop novel signals that may have real impact. You will gain exposure to a variety of activities, which may include: Conducting full pipeline signal research, from ideation, via implementation and ...","","Confirmed official posting","First seen by local tracker in scans run from 2026-06-30 onward; not guaranteed to be the employer posting date."
"Point72","Quantitative Software Developer Intern","New York, London, or Paris","https://boards.greenhouse.io/point72/jobs/7297666002?gh_jid=7297666002","Career page Greenhouse:point72","Confirmed official posting","career_page=https://careers.point72.com/ | company_wrapper=https://careers.point72.com/job?gh_jid=7297666002 | internship timing not stated in title | Job Description We are seeking a small number of highly talented interns to assist in the development, optimization, and monitoring of our production trading platform and research infrastructure. Interns will work on small, highly collaborative teams. Desirable Candidates Undergraduate or graduate candidates in computer science or engineering Significant experience in Python, C++, C, or Java Serious interest in systems programming (e.g. Linux kernel development, compilers, embedded systems, networking, file systems, debuggers) In-depth understanding of how userland programs run on Linux and interact with the kernel Some basic knowledge of Git, databases (e.g. MySQL), and web development frameworks is a plus Clear, concise, and proactive co...","","Confirmed official posting","First seen by local tracker in scans run from 2026-06-30 onward; not guaranteed to be the employer posting date."
"Point72","Summer 2027 Quantitative Research Internship","New York","https://boards.greenhouse.io/point72/jobs/7297642002?gh_jid=7297642002","Career page Greenhouse:point72","Confirmed official posting","career_page=https://careers.point72.com/ | company_wrapper=https://careers.point72.com/job?gh_jid=7297642002 | internship timing: Summer 2027 | Please send CVs to KEPL-talent@cubistsystematic.com with “202 7 QR Summer Internship Application” in the subject line. When your application is received, we will consider you for all similar positions at Cubist. About Our Firm: Cubist Systematic Strategies, an affiliate of Point72, deploys systematic, computer-driven trading strategies across multiple liquid asset classes, including equities, futures and foreign exchange. The core of our effort is rigorous research into a wide range of market anomalies, fueled by our unparalleled access to a wide range of publicly available data sources. About Our Team: KEPL is a fast-growing team at Cubist Systematic Strategies. We specialize in trading medium-frequency statistical arbitrage strategies with high...","","Confirmed official posting","First seen by local tracker in scans run from 2026-06-30 onward; not guaranteed to be the employer posting date."
"Qube Research & Technologies","2026 - Internship, Data Engineering","Paris, London","https://job-boards.greenhouse.io/quberesearchandtechnologies/jobs/8078338002","Career page Greenhouse:quberesearchandtechnologies","Confirmed official posting","career_page=https://www.qube-rt.com/careers/ | company_wrapper=https://www.qube-rt.com/careers/job?gh_jid=8078338002 | internship timing not stated in title | Programme duration: from 5 to 6 months, starting in 2026. Who qualifies: Penultimate or final year students completing a Bachelor's, Master's. Qube Research & Technologies (QRT) is a global quantitative and systematic investment manager, operating in all liquid asset classes across the world. We are a technology and data driven group implementing a scientific approach to investing. Combining data, research, technology, and trading expertise has shaped our collaborative mindset which enables us to solve the most complex challenges. QRT’s culture of innovation continuously drives our ambition to deliver high quality returns for our investors. Over the years, QRT has invested in a global research and execution platform which has been ...","","Confirmed official posting","First seen by local tracker in scans run from 2026-06-30 onward; not guaranteed to be the employer posting date."
"Qube Research & Technologies","2026 - Internship, Quantitative Developer","London","https://job-boards.greenhouse.io/quberesearchandtechnologies/jobs/8068131002","Career page Greenhouse:quberesearchandtechnologies","Confirmed official posting","career_page=https://www.qube-rt.com/careers/ | company_wrapper=https://www.qube-rt.com/careers/job?gh_jid=8068131002 | internship timing not stated in title | Programme duration: from 5 to 6 months, starting in 2026. Who qualifies : Penultimate or final year students completing a Bachelor's, Master's. Qube Research & Technologies (QRT) is a global quantitative and systematic investment manager, operating in all liquid asset classes across the world. We are a technology and data driven group implementing a scientific approach to investing. Combining data, research, technology, and trading expertise has shaped our collaborative mindset which enables us to solve the most complex challenges. QRT’s culture of innovation continuously drives our ambition to deliver high quality returns for our investors. Over the years, QRT has invested in a global research and execution platform which has been...","","Confirmed official posting","First seen by local tracker in scans run from 2026-06-30 onward; not guaranteed to be the employer posting date."
"Qube Research & Technologies","2026 - Internship, Quantitative Research/Trading","Aarhus, Dubai, Geneva, London, Paris, Zurich, Budapest","https://job-boards.greenhouse.io/quberesearchandtechnologies/jobs/8052341002","Career page Greenhouse:quberesearchandtechnologies","Confirmed official posting","career_page=https://www.qube-rt.com/careers/ | company_wrapper=https://www.qube-rt.com/careers/job?gh_jid=8052341002 | internship timing not stated in title | Programme duration: From 4-6 months, starting in 2026. Most individuals join in April, May, or June of each year. Who qualifies: Penultimate or final year students completing a Bachelor's or a Master's degree. Qube Research & Technologies (QRT) is a global quantitative and systematic investment manager, operating in all liquid asset classes across the world. We are a technology and data driven group implementing a scientific approach to investing. Combining data, research, technology, and trading expertise has shaped our collaborative mindset which enables us to solve the most complex challenges. QRT’s culture of innovation continuously drives our ambition to deliver high quality returns for our investors. Over the years, QRT has i...","","Confirmed official posting","First seen by local tracker in scans run from 2026-06-30 onward; not guaranteed to be the employer posting date."
"Qube Research & Technologies","2026 Internship - Software Engineer","London","https://job-boards.greenhouse.io/quberesearchandtechnologies/jobs/8562105002","Career page Greenhouse:quberesearchandtechnologies","Confirmed official posting","career_page=https://www.qube-rt.com/careers/ | company_wrapper=https://www.qube-rt.com/careers/job?gh_jid=8562105002 | internship timing not stated in title; graduation eligibility mentions: 2025, 2026 | Qube Research & Technologies (QRT) is a global quantitative and systematic investment manager, operating in all liquid asset classes across the world. We are a technology and data driven group implementing a scientific approach to investing. Combining data, research, technology, and trading expertise has shaped our collaborative mindset which enables us to solve the most complex challenges. QRT’s culture of innovation continuously drives our ambition to deliver high quality returns for our investors. Over the years, QRT has invested in a global research and execution platform which has been deployed to cover all geographies and asset classes. This platform includes everything from high-f...","","Confirmed official posting","First seen by local tracker in scans run from 2026-06-30 onward; not guaranteed to be the employer posting date."
"Qube Research & Technologies","2026 Internship/Graduate - Quantitative Research/Trading","Hong Kong, Singapore, Shanghai","https://job-boards.greenhouse.io/quberesearchandtechnologies/jobs/8021267002","Career page Greenhouse:quberesearchandtechnologies","Confirmed official posting","career_page=https://www.qube-rt.com/careers/ | company_wrapper=https://www.qube-rt.com/careers/job?gh_jid=8021267002 | internship timing not stated in title | Programme duration: From 3-6 months, starting in 2026. Who qualifies: Penultimate or final year students completing a Bachelor's, Master's, PhD. Qube Research & Technologies (QRT) is a global quantitative and systematic investment manager, operating in all liquid asset classes across the world. We are a technology and data driven group implementing a scientific approach to investing. Combining data, research, technology, and trading expertise has shaped our collaborative mindset which enables us to solve the most complex challenges. QRT’s culture of innovation continuously drives our ambition to deliver high quality returns for our investors. Over the years, QRT has invested in a global research and execution platform which has bee...","","Confirmed official posting","First seen by local tracker in scans run from 2026-06-30 onward; not guaranteed to be the employer posting date."
"Qube Research & Technologies","2026 Internship/Graduate - Technology","Hong Kong/Singapore","https://job-boards.greenhouse.io/quberesearchandtechnologies/jobs/8084644002","Career page Greenhouse:quberesearchandtechnologies","Confirmed official posting","career_page=https://www.qube-rt.com/careers/ | company_wrapper=https://www.qube-rt.com/careers/job?gh_jid=8084644002 | internship timing not stated in title | Programme duration: from 3 to 6 months, starting in 2026. Who qualifies: Penultimate or final year students completing a Bachelor's, Master's, PhD. Qube Research & Technologies (QRT) is a global quantitative and systematic investment manager, operating in all liquid asset classes across the world. We are a technology and data driven group implementing a scientific approach to investing. Combining data, research, technology, and trading expertise has shaped our collaborative mindset which enables us to solve the most complex challenges. QRT’s culture of innovation continuously drives our ambition to deliver high quality returns for our investors. Over the years, QRT has invested in a global research and execution platform which has ...","","Confirmed official posting","First seen by local tracker in scans run from 2026-06-30 onward; not guaranteed to be the employer posting date."
"Ramp","Software Engineer Internship, Android","New York, NY (HQ)","https://jobs.ashbyhq.com/ramp/67fadb77-43d8-4449-954b-d4cf2c6d3b8b","Career page Ashby:ramp","Confirmed official posting","career_page=https://jobs.ashbyhq.com/ramp/ | internship timing not stated in title; graduation eligibility mentions: 2026, 2028 | About Ramp Ramp is building the smart infrastructure for finance teams, embedded in the transaction flow of every dollar a business spends. We automate how over $200B in annualized spend flows in and out of 70,000+ companies: authorizing payments, flagging risk, categorizing spend, and closing books. The problems are high-stakes, data-dense, and unforgiving. We hire people with high agency and high urgency. We look for slope over intercept. We care less about where you trained and more about what you’ve built. At Ramp, everyone is a builder who owns problems end to end and makes consequential decisions that shape the outcome. The median Ramp customer saves 5% and grows revenue 16% in their first year – far in excess of businesses operating without Ramp. We bel...","","Confirmed official posting","First seen by local tracker in scans run from 2026-06-30 onward; not guaranteed to be the employer posting date."
"Schonfeld","Quantitative Research / Developer - Intern","Hong Kong, Hong Kong","https://job-boards.greenhouse.io/schonfeld/jobs/7185553","Career page Greenhouse:schonfeld","Confirmed official posting","career_page=https://job-boards.greenhouse.io/schonfeld?error=true | company_wrapper=https://job-boards.greenhouse.io/job?gh_jid=7185553 | internship timing not stated in title | The Role We are looking for a hands-on STRAT / forward-deployed engineer to embed with our multi strategy business. The candidate will sit on the trading floor, shipping full-stack tools that power research, risk, and execution across strategies such as index rebalance, delta-1 and long/short equities. The role will be based in our Hong Kong office. What you’ll do Automate PM/analyst processes— alpha signals, portfolio construction, real-time risk, P&L, scenario and stress analytics. Help build out our proprietary research, portfolio construction and risk management platform. Build end-to-end products: data ingestion, micro-service back-ends, and lightweight front-ends for visualization and workflow. Own SDLC: re...","","Confirmed official posting","First seen by local tracker in scans run from 2026-06-30 onward; not guaranteed to be the employer posting date."
"Susquehanna International Group","Quantitative Strategy Developer Internship: Summer 2027","Bala Cynwyd (Philadelphia Area), Pennsylvania","https://careers.sig.com/global-campus/jobs/10838?lang=en-us","Official careers page","Confirmed official posting","internship timing: Summer 2027","","Confirmed official posting","First seen by local tracker in scans run from 2026-06-30 onward; not guaranteed to be the employer posting date."
"Susquehanna International Group","Quantitative Trader Internship: Summer 2027","Bala Cynwyd (Philadelphia Area), Pennsylvania","https://careers.sig.com/jobs/10717?lang=en-us","Official careers page","Confirmed official posting","internship timing: Summer 2027","","Confirmed official posting","First seen by local tracker in scans run from 2026-06-30 onward; not guaranteed to be the employer posting date."
"Susquehanna International Group","Trading System Engineering Internship: Summer 2027","Bala Cynwyd (Philadelphia Area), Pennsylvania","https://careers.sig.com/technology-software-engineering/jobs/10837?lang=en-us","Official careers page","Confirmed official posting","internship timing: Summer 2027","","Confirmed official posting","First seen by local tracker in scans run from 2026-06-30 onward; not guaranteed to be the employer posting date."
"Tower Research Capital","Quantitative Developer Intern - Summer 2027","New York, Chicago","https://www.tower-research.com/open-positions/?gh_jid=8044334","Greenhouse:towerresearchcapital","Confirmed official posting","internship timing: Summer 2027; undergrad/BS/MS language found","","Confirmed official posting","First seen by local tracker in scans run from 2026-06-30 onward; not guaranteed to be the employer posting date."
"Tower Research Capital","Quantitative Trader Intern - Summer 2027","New York, Chicago","https://www.tower-research.com/open-positions/?gh_jid=8024128","Greenhouse:towerresearchcapital","Confirmed official posting","internship timing: Summer 2027; undergrad/BS/MS language found","","Confirmed official posting","First seen by local tracker in scans run from 2026-06-30 onward; not guaranteed to be the employer posting date."
"Tower Research Capital","Risk Intern - 6 Month Internship Opportunity","Singapore","https://www.tower-research.com/open-positions/?gh_jid=7789933","Greenhouse:towerresearchcapital","Confirmed official posting","internship timing not stated in title; undergrad/BS/MS language found","","Confirmed official posting","First seen by local tracker in scans run from 2026-06-30 onward; not guaranteed to be the employer posting date."
"TPG","Climate Digest, Intern | Fall Research Assistant","Remote United States of America","https://job-boards.greenhouse.io/tpgcareers/jobs/7789334003","Career page Greenhouse:tpgcareers","Confirmed official posting","career_page=https://job-boards.greenhouse.io/tpgcareers | company_wrapper=https://job-boards.greenhouse.io/job?gh_jid=7789334003 | internship timing: Fall | Location: Remote Must be located in one of the following states during the internship: AZ, CA, DC, FL, GA, IL, NJ, NY, TN, TX, VA, WI, AR, CO, IN, KY, LA, MA, MI, MN, MO, NE, NH, NC, OH, PA, SC, UT, WA, WY If physically located near a TPG office, working in-person may be an option Duration: Late-August–Mid-December 2026 Compensation : $20/hour Time Commitment: 20 hours per week About TPG TPG is a leading global alternative asset management firm, founded in San Francisco in 1992. TPG invests across a broadly diversified set of strategies, including private equity, impact, credit, real estate, and market solutions, and our unique strategy is driven by collaboration, innovation, and inclusion. Our teams combine deep product and sector e...","","Confirmed official posting","First seen by local tracker in scans run from 2026-06-30 onward; not guaranteed to be the employer posting date."
"TPG","Climate Impact, Intern | Fall Research Assistant","Remote United States of America","https://job-boards.greenhouse.io/tpgcareers/jobs/7789335003","Career page Greenhouse:tpgcareers","Confirmed official posting","career_page=https://job-boards.greenhouse.io/tpgcareers | company_wrapper=https://job-boards.greenhouse.io/job?gh_jid=7789335003 | internship timing: Fall | Location: Remote Must be located in one of the following states during the internship: AZ, CA, DC, FL, GA, IL, NJ, NY, TN, TX, VA, WI, AR, CO, IN, KY, LA, MA, MI, MN, MO, NE, NH, NC, OH, PA, SC, UT, WA, WY If physically located near a TPG office, working in-person may be an option Duration: Late-August–Mid-December 2026 Compensation : $20/hour Time Commitment: 20 hours per week About TPG TPG is a leading global alternative asset management firm, founded in San Francisco in 1992. TPG invests across a broadly diversified set of strategies, including private equity, impact, credit, real estate, and market solutions, and our unique strategy is driven by collaboration, innovation, and inclusion. Our teams combine deep product and sector e...","","Confirmed official posting","First seen by local tracker in scans run from 2026-06-30 onward; not guaranteed to be the employer posting date."
"TPG","Data Analytics and Reporting, Intern | Fall Research Assistant","Remote United States of America","https://job-boards.greenhouse.io/tpgcareers/jobs/7789336003","Career page Greenhouse:tpgcareers","Confirmed official posting","career_page=https://job-boards.greenhouse.io/tpgcareers | company_wrapper=https://job-boards.greenhouse.io/job?gh_jid=7789336003 | internship timing: Fall | Location: Remote Must be located in one of the following states during the internship: AZ, CA, DC, FL, GA, IL, NJ, NY, TN, TX, VA, WI, AR, CO, IN, KY, LA, MA, MI, MN, MO, NE, NH, NC, OH, PA, SC, UT, WA, WY If physically located near a TPG office, working in-person may be an option Duration: Late-August–Mid-December 2026 Compensation : $20/hour Time Commitment: 20 hours per week About TPG TPG is a leading global alternative asset management firm, founded in San Francisco in 1992. TPG invests across a broadly diversified set of strategies, including private equity, impact, credit, real estate, and market solutions, and our unique strategy is driven by collaboration, innovation, and inclusion. Our teams combine deep product and sector e...","","Confirmed official posting","First seen by local tracker in scans run from 2026-06-30 onward; not guaranteed to be the employer posting date."
"TPG","Responsible Investing, Intern | Fall Research Assistant","Remote United States of America","https://job-boards.greenhouse.io/tpgcareers/jobs/7790706003","Career page Greenhouse:tpgcareers","Confirmed official posting","career_page=https://job-boards.greenhouse.io/tpgcareers | company_wrapper=https://job-boards.greenhouse.io/job?gh_jid=7790706003 | internship timing: Fall | Location: Remote Must be located in one of the following states during the internship: AZ, CA, DC, FL, GA, IL, NJ, NY, TN, TX, VA, WI, AR, CO, IN, KY, LA, MA, MI, MN, MO, NE, NH, NC, OH, PA, SC, UT, WA, WY If physically located near a TPG office, working in-person may be an option Duration: Late-August–Mid-December 2026 Compensation : $20/hour Time Commitment: 20 hours per week About TPG TPG is a leading global alternative asset management firm, founded in San Francisco in 1992. TPG invests across a broadly diversified set of strategies, including private equity, impact, credit, real estate, and market solutions, and our unique strategy is driven by collaboration, innovation, and inclusion. Our teams combine deep product and sector e...","","Confirmed official posting","First seen by local tracker in scans run from 2026-06-30 onward; not guaranteed to be the employer posting date."
"TPG","Responsible Investing, Intern | Fall Research Assistant","Singapore, Central, Singapore","https://job-boards.greenhouse.io/tpgcareers/jobs/7761510003","Career page Greenhouse:tpgcareers","Confirmed official posting","career_page=https://job-boards.greenhouse.io/tpgcareers | company_wrapper=https://job-boards.greenhouse.io/job?gh_jid=7761510003 | internship timing: Fall | Location: Singapore This is a hybrid role, with the expectation of some in-office presence needed Duration: Early-August – late-December 2026 Time Commitment: 40 hours per week About TPG TPG is a leading global alternative asset management firm, founded in San Francisco in 1992. TPG invests across a broadly diversified set of strategies, including private equity, impact, credit, real estate, and market solutions, and our unique strategy is driven by collaboration, innovation, and inclusion. Our teams combine deep product and sector experience with broad capabilities and expertise to develop differentiated insights and add value for our fund investors, portfolio companies, management teams, and communities. TPG’s success depends on ou...","","Confirmed official posting","First seen by local tracker in scans run from 2026-06-30 onward; not guaranteed to be the employer posting date."
"TransMarket Group","DevOps/SRE Intern","Chicago, Illinois, United States","https://job-boards.greenhouse.io/transmarketgroup/jobs/5151577007?gh_jid=5151577007","Career page Greenhouse:transmarketgroup","Confirmed official posting","career_page=https://www.transmarketgroup.com/careers | company_wrapper=https://www.transmarketgroup.com/job?gh_jid=5151577007 | internship timing not stated in title | Who We Are Founded in 1980 as Aardvark Financial, TransMarket Group (TMG) is a privately held global markets proprietary trading firm in Chicago. We use next-generation technology to capture opportunities around the world and manage risk in financial markets. Our mission is to bless others through the services we provide and through the generous stewardship of the wealth we create. TMG is a well-established and profitable business as a respected member of the global financial system for over 40 years, but also is like a startup because the potential of our group is at least one order of magnitude greater than what we are currently producing. We have an entrepreneurial culture and collaboratively develop our business with p...","","Confirmed official posting","First seen by local tracker in scans run from 2026-06-30 onward; not guaranteed to be the employer posting date."
"TransMarket Group","Quantitative Trader Intern","Chicago, Illinois, United States","https://job-boards.greenhouse.io/transmarketgroup/jobs/5151569007?gh_jid=5151569007","Career page Greenhouse:transmarketgroup","Confirmed official posting","career_page=https://www.transmarketgroup.com/careers | company_wrapper=https://www.transmarketgroup.com/job?gh_jid=5151569007 | internship timing not stated in title; graduation eligibility mentions: 2027, 2028 | Who We Are Founded in 1980 as Aardvark Financial, TransMarket Group (TMG) is a privately held global markets proprietary trading firm in Chicago. We use next-generation technology to capture opportunities around the world and manage risk in financial markets. Our mission is to bless others through the services we provide and through the generous stewardship of the wealth we create. TMG is a well-established and profitable business as a respected member of the global financial system for over 40 years, but also is like a startup because the potential of our group is at least one order of magnitude greater than what we are currently producing. We have an entrepreneurial culture an...","","Confirmed official posting","First seen by local tracker in scans run from 2026-06-30 onward; not guaranteed to be the employer posting date."
"Virtu Financial","2027 Internship - Quant Research (Undergrad)","New York","https://job-boards.greenhouse.io/virtu/jobs/8142539002","Greenhouse:virtu","Confirmed official posting","internship timing not stated in title; undergrad/BS/MS language found","","Confirmed official posting","First seen by local tracker in scans run from 2026-06-30 onward; not guaranteed to be the employer posting date."
"Virtu Financial","2027 Internship - Quantitative Trading","Dublin, Ireland","https://job-boards.greenhouse.io/virtu/jobs/8547254002","Greenhouse:virtu","Confirmed official posting","internship timing not stated in title; graduation eligibility mentions: 2028; undergrad/BS/MS language found","Submitted","Confirmed official posting","First seen by local tracker in scans run from 2026-06-30 onward; not guaranteed to be the employer posting date."
"Voloridge Investment Management","Quantitative Developer Intern 2027","Jupiter, FL","https://job-boards.greenhouse.io/voloridgeinvestmentmanagement/jobs/4224862009","Greenhouse:voloridgeinvestmentmanagement","Confirmed official posting","internship timing not stated in title; undergrad/BS/MS language found","","Confirmed official posting","First seen by local tracker in scans run from 2026-06-30 onward; not guaranteed to be the employer posting date."
"Voloridge Investment Management","Quantitative Research Intern 2027","Jupiter, FL","https://job-boards.greenhouse.io/voloridgeinvestmentmanagement/jobs/4226247009","Greenhouse:voloridgeinvestmentmanagement","Confirmed official posting","internship timing not stated in title; undergrad/BS/MS language found","","Confirmed official posting","First seen by local tracker in scans run from 2026-06-30 onward; not guaranteed to be the employer posting date."
"Walleye Capital","Central Equity Quant Research (CEQR) Intern (Summer 2027)","New York, New York","https://job-boards.greenhouse.io/walleyecapital-external-students/jobs/4676069006","Career page Greenhouse:walleyecapital-external-students","Confirmed official posting","career_page=https://job-boards.greenhouse.io/walleyecapital-external-students | company_wrapper=https://job-boards.greenhouse.io/job?gh_jid=4676069006 | internship timing: Summer 2027; graduation eligibility mentions: 2027, 2028 | Position: Central Equity Quant Research (CEQR) Intern (Summer 2027) Location: New York, NY Firm Overview: Walleye Capital is a ~$16 billion+ multi-strategy investment firm headquartered in New York City, with over 350 employees across five main offices. Founded in 2005 as an options market maker, we have organically grown into a global investment firm specializing in Fundamental Equities, Quant, and Volatility strategies. At Walleye, we continuously innovate by focusing on three core principles: approach, platform, and people. Our approach is to allocate risk capital where we believe there is not only a compelling opportunity, but also a clear ability to define...","","Confirmed official posting","First seen by local tracker in scans run from 2026-06-30 onward; not guaranteed to be the employer posting date."
"Walleye Capital","Equity Volatility Quant Researcher Intern (Summer 2027)","Miami, FL","https://job-boards.greenhouse.io/walleyecapital-external-students/jobs/4676334006","Career page Greenhouse:walleyecapital-external-students","Confirmed official posting","career_page=https://job-boards.greenhouse.io/walleyecapital-external-students | company_wrapper=https://job-boards.greenhouse.io/job?gh_jid=4676334006 | internship timing: Summer 2027; graduation eligibility mentions: 2027, 2028 | Position: Equity Volatility Quant Researcher Intern (Summer 2027) Location: Miami, FL Firm Overview: Walleye Capital is a ~$16 billion+ multi-strategy investment firm headquartered in New York City, with over 350 employees across five main offices. Founded in 2005 as an options market maker, we have organically grown into a global investment firm specializing in Fundamental Equities, Quant, and Volatility strategies. At Walleye, we continuously innovate by focusing on three core principles: approach, platform, and people. Our approach is to allocate risk capital where we believe there is not only a compelling opportunity, but also a clear ability to define our ...","","Confirmed official posting","First seen by local tracker in scans run from 2026-06-30 onward; not guaranteed to be the employer posting date."
"Walleye Capital","Fundamental Equities Intern (Summer 2027)","New York, New York","https://job-boards.greenhouse.io/walleyecapital-external-students/jobs/4677152006","Career page Greenhouse:walleyecapital-external-students","Confirmed official posting","career_page=https://job-boards.greenhouse.io/walleyecapital-external-students | company_wrapper=https://job-boards.greenhouse.io/job?gh_jid=4677152006 | internship timing: Summer 2027; graduation eligibility mentions: 2027, 2028 | Position: Fundamental Equities Intern (Summer 2027) Location: New York, NY Firm Overview: Walleye Capital is a ~$16 billion+ multi-strategy investment firm headquartered in New York City, with over 350 employees across five main offices. Founded in 2005 as an options market maker, we have organically grown into a global investment firm specializing in Fundamental Equities, Quant, and Volatility strategies. At Walleye, we continuously innovate by focusing on three core principles: approach, platform, and people. Our approach is to allocate risk capital where we believe there is not only a compelling opportunity, but also a clear ability to define our tangible ed...","","Confirmed official posting","First seen by local tracker in scans run from 2026-06-30 onward; not guaranteed to be the employer posting date."
"Walleye Capital","Investment Data Science Intern (Summer 2027)","New York, New York","https://job-boards.greenhouse.io/walleyecapital-external-students/jobs/4676587006","Career page Greenhouse:walleyecapital-external-students","Confirmed official posting","career_page=https://job-boards.greenhouse.io/walleyecapital-external-students | company_wrapper=https://job-boards.greenhouse.io/job?gh_jid=4676587006 | internship timing: Summer 2027; graduation eligibility mentions: 2027, 2028 | Position: Investment Data Science Intern (Summer 2027) Location: New York, NY Firm Overview: Walleye Capital is a ~$16 billion+ multi-strategy investment firm headquartered in New York City, with over 350 employees across five main offices. Founded in 2005 as an options market maker, we have organically grown into a global investment firm specializing in Fundamental Equities, Quant, and Volatility strategies. At Walleye, we continuously innovate by focusing on three core principles: approach, platform, and people. Our approach is to allocate risk capital where we believe there is not only a compelling opportunity, but also a clear ability to define our tangible...","","Confirmed official posting","First seen by local tracker in scans run from 2026-06-30 onward; not guaranteed to be the employer posting date."
"Walleye Capital","Quantic - Quantitative Researcher Intern (Summer 2027)","Boston, MA","https://job-boards.greenhouse.io/walleyecapital-external-students/jobs/4679173006","Career page Greenhouse:walleyecapital-external-students","Confirmed official posting","career_page=https://job-boards.greenhouse.io/walleyecapital-external-students | company_wrapper=https://job-boards.greenhouse.io/job?gh_jid=4679173006 | internship timing: Summer 2027; graduation eligibility mentions: 2027, 2028 | Position : Quantic - Quantitative Researcher Intern (Summer 2027) Location : Boston, MA Please apply to only one opportunity between the Quantitative Developer, Quantitative Researcher and PhD Quantitative Researcher positions with Quantic. If the team finds you could be a potential fit for the other, we will contact you. Firm Overview: Walleye Capital is a ~$16 billion+ multi-strategy investment firm headquartered in New York City, with over 350 employees across five main offices. Founded in 2005 as an options market maker, we have organically grown into a global investment firm specializing in Quant, Fundamental Equities, and Volatility strategies. Our Team O...","","Confirmed official posting","First seen by local tracker in scans run from 2026-06-30 onward; not guaranteed to be the employer posting date."
"Walleye Capital","Quantic – Quantitative Developer Intern (Summer 2027)","Boston, MA","https://job-boards.greenhouse.io/walleyecapital-external-students/jobs/4679168006","Career page Greenhouse:walleyecapital-external-students","Confirmed official posting","career_page=https://job-boards.greenhouse.io/walleyecapital-external-students | company_wrapper=https://job-boards.greenhouse.io/job?gh_jid=4679168006 | internship timing: Summer 2027; graduation eligibility mentions: 2027, 2028 | Position : Quantic – Quantitative Developer Intern (Summer 2027) Location : Boston, MA Please apply to only one opportunity between the Quantitative Developer, Quantitative Researcher and PhD Quantitative Researcher positions with Quantic. If the team finds you could be a potential fit for the other, we will contact you. Firm Overview: Walleye Capital is a ~$16 billion+ multi-strategy investment firm headquartered in New York City, with over 350 employees across five main offices. Founded in 2005 as an options market maker, we have organically grown into a global investment firm specializing in Quant, Fundamental Equities, and Volatility strategies. Our Team Ov...","","Confirmed official posting","First seen by local tracker in scans run from 2026-06-30 onward; not guaranteed to be the employer posting date."
"Walleye Capital","Risk Technology Analyst Intern (Summer 2027)","New York, New York","https://job-boards.greenhouse.io/walleyecapital-external-students/jobs/4679224006","Career page Greenhouse:walleyecapital-external-students","Confirmed official posting","career_page=https://job-boards.greenhouse.io/walleyecapital-external-students | company_wrapper=https://job-boards.greenhouse.io/job?gh_jid=4679224006 | internship timing: Summer 2027; graduation eligibility mentions: 2027, 2028 | Position: Risk Technology Analyst Intern (Summer 2027) Location: New York, NY Firm Overview: Walleye Capital is a ~$16 billion+ multi-strategy investment firm headquartered in New York City, with over 350 employees across five main offices. Founded in 2005 as an options market maker, we have organically grown into a global investment firm specializing in Fundamental Equities, Quant, and Volatility strategies. At Walleye, we continuously innovate by focusing on three core principles: approach, platform, and people. Our approach is to allocate risk capital where we believe there is not only a compelling opportunity, but also a clear ability to define our tangible...","","Confirmed official posting","First seen by local tracker in scans run from 2026-06-30 onward; not guaranteed to be the employer posting date."
"Walleye Capital","Technology Intern (Summer 2027)","New York, New York","https://job-boards.greenhouse.io/walleyecapital-external-students/jobs/4681002006","Career page Greenhouse:walleyecapital-external-students","Confirmed official posting","career_page=https://job-boards.greenhouse.io/walleyecapital-external-students | company_wrapper=https://job-boards.greenhouse.io/job?gh_jid=4681002006 | internship timing: Summer 2027; graduation eligibility mentions: 2027, 2028 | Position: Technology Intern (Summer 2027) Location: New York, NY Firm Overview: Walleye Capital is a ~$16 billion+ multi-strategy investment firm headquartered in New York City, with over 350 employees across five main offices. Founded in 2005 as an options market maker, we have organically grown into a global investment firm specializing in Fundamental Equities, Quant, and Volatility strategies. At Walleye, we continuously innovate by focusing on three core principles: approach, platform, and people. Our approach is to allocate risk capital where we believe there is not only a compelling opportunity, but also a clear ability to define our tangible edge. We see...","","Confirmed official posting","First seen by local tracker in scans run from 2026-06-30 onward; not guaranteed to be the employer posting date."
"Walleye Capital","Treasury Intern (Summer 2027)","New York, New York","https://job-boards.greenhouse.io/walleyecapital-external-students/jobs/4677037006","Career page Greenhouse:walleyecapital-external-students","Confirmed official posting","career_page=https://job-boards.greenhouse.io/walleyecapital-external-students | company_wrapper=https://job-boards.greenhouse.io/job?gh_jid=4677037006 | internship timing: Summer 2027; graduation eligibility mentions: 2027, 2028 | Position: Treasury Intern (Summer 2027) Location: New York, NY Firm Overview: Walleye Capital is a ~$16 billion+ multi-strategy investment firm headquartered in New York City, with over 350 employees across five main offices. Founded in 2005 as an options market maker, we have organically grown into a global investment firm specializing in Fundamental Equities, Quant, and Volatility strategies. At Walleye, we continuously innovate by focusing on three core principles: approach, platform, and people. Our approach is to allocate risk capital where we believe there is not only a compelling opportunity, but also a clear ability to define our tangible edge. We seek ...","","Confirmed official posting","First seen by local tracker in scans run from 2026-06-30 onward; not guaranteed to be the employer posting date."
"Walleye Capital","Volatility Trading Developer Intern (Summer 2027)","New York, New York","https://job-boards.greenhouse.io/walleyecapital-external-students/jobs/4679434006","Career page Greenhouse:walleyecapital-external-students","Confirmed official posting","career_page=https://job-boards.greenhouse.io/walleyecapital-external-students | company_wrapper=https://job-boards.greenhouse.io/job?gh_jid=4679434006 | internship timing: Summer 2027; graduation eligibility mentions: 2027, 2028 | Position: Volatility Trading Developer Intern (Summer 2027) Location: New York, NY Firm Overview: Walleye Capital is a ~$16 billion+ multi-strategy investment firm headquartered in New York City, with over 350 employees across five main offices. Founded in 2005 as an options market maker, we have organically grown into a global investment firm specializing in Fundamental Equities, Quant, and Volatility strategies. At Walleye, we continuously innovate by focusing on three core principles: approach, platform, and people. Our approach is to allocate risk capital where we believe there is not only a compelling opportunity, but also a clear ability to define our tan...","","Confirmed official posting","First seen by local tracker in scans run from 2026-06-30 onward; not guaranteed to be the employer posting date."
"Warburg Pincus","Berlin Investing - Internship","Berlin","https://job-boards.greenhouse.io/warburgpincusllc/jobs/4980971008","Career page Greenhouse:warburgpincusllc","Confirmed official posting","career_page=https://job-boards.greenhouse.io/warburgpincusllc?error=true | company_wrapper=https://job-boards.greenhouse.io/job?gh_jid=4980971008 | internship timing not stated in title | Warburg Pincus LLC, a global growth investor, is offering an internship opportunity at their Berlin office. The internship will last approximately three months and provides a valuable learning experience within the Investment Team. As an Intern, you will work in a dynamic and hands-on environment alongside experienced professionals. Responsibilities: - Support the investment team in various tasks, including sourcing, identifying, and analyzing investment opportunities. - Assist in due diligence processes, company analyses, financial modeling, and market studies. - Prepare investment recommendations for the investment committee. - Collaborate closely with management to contribute to the development of po...","","Confirmed official posting","First seen by local tracker in scans run from 2026-06-30 onward; not guaranteed to be the employer posting date."
"Wells Fargo","2027 CIB Markets - Summer Internship, Early Careers","Charlotte, NC; Houston, TX; New York, NY; California posting also available","https://www.wellsfargojobs.com/en/university-programs/","Official early careers page","Official broad program; check currently open locations","Wells Fargo early careers page lists 2027 CIB Markets and other Summer 2027 internships.","","Official program/page","First seen by local tracker in scans run from 2026-06-30 onward; not guaranteed to be the employer posting date."
"Wells Fargo","2027 Summer Internship, Early Careers - CIB Commercial Real Estate","New York, NY; Charlotte, NC; Chicago, IL; Dallas, TX","https://www.wellsfargojobs.com/fr/jobs/r-511357/2027-summer-internship-early-careers-cib-commercial-real-estate/","Official careers page","Confirmed official posting","Official Wells Fargo early careers posting for 2027 Commercial Real Estate summer analyst internship.","","Confirmed official posting","First seen by local tracker in scans run from 2026-06-30 onward; not guaranteed to be the employer posting date."
"Wells Fargo","2027 Summer Internship, Early Careers - Corporate & Investment Banking COO","Charlotte, NC","https://www.wellsfargojobs.com/en/jobs/r-548718/2027-summer-internship-early-careers-corporate-investment-banking-chief-operating-office-coo/","Official careers page","Confirmed official posting","Official Wells Fargo early careers posting, published June 2026.","","Confirmed official posting","First seen by local tracker in scans run from 2026-06-30 onward; not guaranteed to be the employer posting date."
"Wells Fargo","2027 Summer Internship, Early Careers - Corporate Banking","Charlotte, NC; New York, NY","https://www.wellsfargojobs.com/fr/jobs/r-512832/2027-summer-internship-early-careers-corporate-banking/","Official careers page","Confirmed official posting","Official Wells Fargo early careers posting for 2027 Corporate Banking summer analyst internship.","","Confirmed official posting","First seen by local tracker in scans run from 2026-06-30 onward; not guaranteed to be the employer posting date."
"Wells Fargo","2027 Summer Internship, Early Careers - Investment Banking (Houston)","Houston, TX","https://www.wellsfargojobs.com/fr-ca/jobs/r-507805/2027-summer-internship-early-careers-investment-banking-houston/","Official careers page","Confirmed official posting","Official Wells Fargo early careers posting for 2027 Investment Banking summer analyst internship.","","Confirmed official posting","First seen by local tracker in scans run from 2026-06-30 onward; not guaranteed to be the employer posting date."
"Wincent","Quantitative Research Internship - Quant Research/Trading - Starting Summer 2027","Bratislava","https://jobs.ashbyhq.com/wincent/984bf12c-8d80-431f-9789-04a9739cfc99","Ashby:wincent","Confirmed official posting","internship timing: Summer 2027; undergrad/BS/MS language found","","Confirmed official posting","First seen by local tracker in scans run from 2026-06-30 onward; not guaranteed to be the employer posting date."
"WorldQuant","Data Science Intern","Beijing OR Shanghai","https://job-boards.greenhouse.io/worldquant/jobs/4069460006","Career page Greenhouse:worldquant","Confirmed official posting","career_page=https://job-boards.greenhouse.io/worldquant | company_wrapper=https://job-boards.greenhouse.io/job?gh_jid=4069460006 | internship timing not stated in title | WorldQuant develops and deploys systematic financial strategies across a broad range of asset classes and global markets. We seek to produce high-quality predictive signals (alphas) through our proprietary research platform to employ financial strategies focused on market inefficiencies. Our teams work collaboratively to drive the production of alphas and financial strategies – the foundation of a balanced, global investment platform. WorldQuant is built on a culture that pairs academic sensibility with accountability for results. Employees are encouraged to think openly about problems, balancing intellectualism and practicality. Excellent ideas come from anyone, anywhere. Employees are encouraged to challenge conventio...","","Confirmed official posting","First seen by local tracker in scans run from 2026-06-30 onward; not guaranteed to be the employer posting date."
"WorldQuant","Quantitative Project Management Intern","Old Greenwich","https://job-boards.greenhouse.io/worldquant/jobs/4693282006","Career page Greenhouse:worldquant","Confirmed official posting","career_page=https://job-boards.greenhouse.io/worldquant | company_wrapper=https://job-boards.greenhouse.io/job?gh_jid=4693282006 | internship timing not stated in title; graduation eligibility mentions: 2026 | WorldQuant develops and deploys systematic financial strategies across a broad range of asset classes and global markets. We seek to produce high-quality predictive signals (alphas) through our proprietary research platform to employ financial strategies focused on market inefficiencies. Our teams work collaboratively to drive the production of alphas and financial strategies – the foundation of a balanced, global investment platform. WorldQuant is built on a culture that pairs academic sensibility with accountability for results. Employees are encouraged to think openly about problems, balancing intellectualism and practicality. Excellent ideas come from anyone, anywhere. Employee...","","Confirmed official posting","First seen by local tracker in scans run from 2026-06-30 onward; not guaranteed to be the employer posting date."
"WorldQuant","Quantitative Research Intern","Beijing OR Shanghai","https://job-boards.greenhouse.io/worldquant/jobs/4084570006","Career page Greenhouse:worldquant","Confirmed official posting","career_page=https://job-boards.greenhouse.io/worldquant | company_wrapper=https://job-boards.greenhouse.io/job?gh_jid=4084570006 | internship timing not stated in title; graduation eligibility mentions: 2026, 2027 | WorldQuant develops and deploys systematic financial strategies across a broad range of asset classes and global markets. We seek to produce high-quality predictive signals (alphas) through our proprietary research platform to employ financial strategies focused on market inefficiencies. Our teams work collaboratively to drive the production of alphas and financial strategies – the foundation of a balanced, global investment platform. WorldQuant is built on a culture that pairs academic sensibility with accountability for results. Employees are encouraged to think openly about problems, balancing intellectualism and practicality. Excellent ideas come from anyone, anywhere. Em...","","Confirmed official posting","First seen by local tracker in scans run from 2026-06-30 onward; not guaranteed to be the employer posting date."
"WorldQuant","Quantitative Research Intern (July/August to December 2026)","Singapore","https://job-boards.greenhouse.io/worldquant/jobs/4314066006","Career page Greenhouse:worldquant","Confirmed official posting","career_page=https://job-boards.greenhouse.io/worldquant | company_wrapper=https://job-boards.greenhouse.io/job?gh_jid=4314066006 | internship timing not stated in title | WorldQuant develops and deploys systematic financial strategies across a broad range of asset classes and global markets. We seek to produce high-quality predictive signals (alphas) through our proprietary research platform to employ financial strategies focused on market inefficiencies. Our teams work collaboratively to drive the production of alphas and financial strategies – the foundation of a balanced, global investment platform. WorldQuant is built on a culture that pairs academic sensibility with accountability for results. Employees are encouraged to think openly about problems, balancing intellectualism and practicality. Excellent ideas come from anyone, anywhere. Employees are encouraged to challenge conventio...","","Confirmed official posting","First seen by local tracker in scans run from 2026-06-30 onward; not guaranteed to be the employer posting date."
"WorldQuant","Quantitative Research Intern (LLMs & AI Agents)","Hanoi or Ho Chi Minh City","https://job-boards.greenhouse.io/worldquant/jobs/4434997006","Career page Greenhouse:worldquant","Confirmed official posting","career_page=https://job-boards.greenhouse.io/worldquant | company_wrapper=https://job-boards.greenhouse.io/job?gh_jid=4434997006 | internship timing not stated in title | WorldQuant develops and deploys systematic financial strategies across a broad range of asset classes and global markets. We seek to produce high-quality predictive signals (alphas) through our proprietary research platform to employ financial strategies focused on market inefficiencies. Our teams work collaboratively to drive the production of alphas and financial strategies – the foundation of a balanced, global investment platform. WorldQuant is built on a culture that pairs academic sensibility with accountability for results. Employees are encouraged to think openly about problems, balancing intellectualism and practicality. Excellent ideas come from anyone, anywhere. Employees are encouraged to challenge conventio...","","Confirmed official posting","First seen by local tracker in scans run from 2026-06-30 onward; not guaranteed to be the employer posting date."
"WorldQuant","Software Engineer Intern","Budapest","https://job-boards.greenhouse.io/worldquant/jobs/4655484006","Career page Greenhouse:worldquant","Confirmed official posting","career_page=https://job-boards.greenhouse.io/worldquant | company_wrapper=https://job-boards.greenhouse.io/job?gh_jid=4655484006 | internship timing not stated in title | WorldQuant develops and deploys systematic financial strategies across a broad range of asset classes and global markets. We seek to produce high-quality predictive signals (alphas) through our proprietary research platform to employ financial strategies focused on market inefficiencies. Our teams work collaboratively to drive the production of alphas and financial strategies – the foundation of a balanced, global investment platform. WorldQuant is built on a culture that pairs academic sensibility with accountability for results. Employees are encouraged to think openly about problems, balancing intellectualism and practicality. Excellent ideas come from anyone, anywhere. Employees are encouraged to challenge conventio...","","Confirmed official posting","First seen by local tracker in scans run from 2026-06-30 onward; not guaranteed to be the employer posting date."
"WorldQuant","Software Engineer Intern","Hanoi","https://job-boards.greenhouse.io/worldquant/jobs/4652485006","Career page Greenhouse:worldquant","Confirmed official posting","career_page=https://job-boards.greenhouse.io/worldquant | company_wrapper=https://job-boards.greenhouse.io/job?gh_jid=4652485006 | internship timing not stated in title | WorldQuant develops and deploys systematic financial strategies across a broad range of asset classes and global markets. We seek to produce high-quality predictive signals (alphas) through our proprietary research platform to employ financial strategies focused on market inefficiencies. Our teams work collaboratively to drive the production of alphas and financial strategies – the foundation of a balanced, global investment platform. WorldQuant is built on a culture that pairs academic sensibility with accountability for results. Employees are encouraged to think openly about problems, balancing intellectualism and practicality. Excellent ideas come from anyone, anywhere. Employees are encouraged to challenge conventio...","","Confirmed official posting","First seen by local tracker in scans run from 2026-06-30 onward; not guaranteed to be the employer posting date."
"XTX Markets","AI Research Internship - XTY Labs","New York","https://job-boards.greenhouse.io/xtxmarketstechnologies/jobs/6274458003","Career page Greenhouse:xtxmarketstechnologies","Confirmed official posting","career_page=https://www.xtxmarkets.com/careers/ | company_wrapper=https://www.xtxmarkets.com/careers/job?gh_jid=6274458003 | internship timing not stated in title | The Firm XTX Markets is a leading algorithmic trading firm which uses state-of-the-art machine learning technology to produce price forecasts for over 50,000 financial instruments across equities, fixed income, currencies, commodities and crypto. It uses those forecasts to trade on exchanges and alternative trading venues, and to offer differentiated liquidity directly to clients worldwide. The firm trades over $250bn a day across 35 countries and has over 250 employees based in London, New York, Singapore, Paris, Bristol, Mumbai, Yerevan and Kajaani. We leverage the talent of the people who work here, modern computational techniques and state-of-the-art research infrastructure to analyse large data sets across markets quickl...","","Confirmed official posting","First seen by local tracker in scans run from 2026-06-30 onward; not guaranteed to be the employer posting date."
